condition,true_gamma,geometry,reported_method,underlying_method,delta,D,t,F_tau
null,,high_outside,static,static,,,1,0.0
null,,high_outside,static,static,,,2,0.0
null,,high_outside,static,static,,,3,0.0016
null,,high_outside,static,static,,,4,0.003
null,,high_outside,static,static,,,5,0.004
null,,high_outside,static,static,,,6,0.005
null,,high_outside,static,static,,,7,0.0062
null,,high_outside,static,static,,,8,0.0064
null,,high_outside,static,static,,,9,0.0068
null,,high_outside,static,static,,,10,0.0074
null,,high_outside,static,static,,,11,0.0084
null,,high_outside,static,static,,,12,0.0088
null,,high_outside,static,static,,,13,0.0088
null,,high_outside,static,static,,,14,0.0094
null,,high_outside,static,static,,,15,0.0094
null,,high_outside,static,static,,,16,0.0096
null,,high_outside,static,static,,,17,0.0098
null,,high_outside,static,static,,,18,0.0098
null,,high_outside,static,static,,,19,0.0098
null,,high_outside,static,static,,,20,0.01
null,,high_outside,static,static,,,21,0.01
null,,high_outside,static,static,,,22,0.0102
null,,high_outside,static,static,,,23,0.0102
null,,high_outside,static,static,,,24,0.0102
null,,high_outside,static,static,,,25,0.0106
null,,high_outside,static,static,,,26,0.0106
null,,high_outside,static,static,,,27,0.0106
null,,high_outside,static,static,,,28,0.0108
null,,high_outside,static,static,,,29,0.0108
null,,high_outside,static,static,,,30,0.011
null,,high_outside,static,static,,,31,0.011
null,,high_outside,static,static,,,32,0.011
null,,high_outside,static,static,,,33,0.011
null,,high_outside,static,static,,,34,0.0112
null,,high_outside,static,static,,,35,0.0112
null,,high_outside,static,static,,,36,0.0112
null,,high_outside,static,static,,,37,0.0112
null,,high_outside,static,static,,,38,0.0114
null,,high_outside,static,static,,,39,0.0114
null,,high_outside,static,static,,,40,0.0116
null,,high_outside,static,static,,,41,0.0116
null,,high_outside,static,static,,,42,0.0116
null,,high_outside,static,static,,,43,0.0116
null,,high_outside,static,static,,,44,0.0118
null,,high_outside,static,static,,,45,0.012
null,,high_outside,static,static,,,46,0.012
null,,high_outside,static,static,,,47,0.0122
null,,high_outside,static,static,,,48,0.0122
null,,high_outside,static,static,,,49,0.0122
null,,high_outside,static,static,,,50,0.0124
null,,high_outside,static,static,,,51,0.0124
null,,high_outside,static,static,,,52,0.0124
null,,high_outside,static,static,,,53,0.0124
null,,high_outside,static,static,,,54,0.0124
null,,high_outside,static,static,,,55,0.0124
null,,high_outside,static,static,,,56,0.0126
null,,high_outside,static,static,,,57,0.0126
null,,high_outside,static,static,,,58,0.0126
null,,high_outside,static,static,,,59,0.0128
null,,high_outside,static,static,,,60,0.0128
null,,high_outside,static,static,,,61,0.0128
null,,high_outside,static,static,,,62,0.0128
null,,high_outside,static,static,,,63,0.013
null,,high_outside,static,static,,,64,0.013
null,,high_outside,static,static,,,65,0.0134
null,,high_outside,static,static,,,66,0.0134
null,,high_outside,static,static,,,67,0.0134
null,,high_outside,static,static,,,68,0.0134
null,,high_outside,static,static,,,69,0.0134
null,,high_outside,static,static,,,70,0.0134
null,,high_outside,static,static,,,71,0.0134
null,,high_outside,static,static,,,72,0.0134
null,,high_outside,static,static,,,73,0.0134
null,,high_outside,static,static,,,74,0.0134
null,,high_outside,static,static,,,75,0.0134
null,,high_outside,static,static,,,76,0.0134
null,,high_outside,static,static,,,77,0.0134
null,,high_outside,static,static,,,78,0.0134
null,,high_outside,static,static,,,79,0.0134
null,,high_outside,static,static,,,80,0.0134
null,,high_outside,static,static,,,81,0.0134
null,,high_outside,static,static,,,82,0.0134
null,,high_outside,static,static,,,83,0.0134
null,,high_outside,static,static,,,84,0.0134
null,,high_outside,static,static,,,85,0.0136
null,,high_outside,static,static,,,86,0.0136
null,,high_outside,static,static,,,87,0.0136
null,,high_outside,static,static,,,88,0.0136
null,,high_outside,static,static,,,89,0.0136
null,,high_outside,static,static,,,90,0.0136
null,,high_outside,static,static,,,91,0.0138
null,,high_outside,static,static,,,92,0.0138
null,,high_outside,static,static,,,93,0.0138
null,,high_outside,static,static,,,94,0.0138
null,,high_outside,static,static,,,95,0.0138
null,,high_outside,static,static,,,96,0.0138
null,,high_outside,static,static,,,97,0.014
null,,high_outside,static,static,,,98,0.014
null,,high_outside,static,static,,,99,0.014
null,,high_outside,static,static,,,100,0.014
null,,high_outside,static,static,,,101,0.014
null,,high_outside,static,static,,,102,0.014
null,,high_outside,static,static,,,103,0.014
null,,high_outside,static,static,,,104,0.014
null,,high_outside,static,static,,,105,0.0142
null,,high_outside,static,static,,,106,0.0142
null,,high_outside,static,static,,,107,0.0142
null,,high_outside,static,static,,,108,0.0142
null,,high_outside,static,static,,,109,0.0142
null,,high_outside,static,static,,,110,0.0142
null,,high_outside,static,static,,,111,0.0142
null,,high_outside,static,static,,,112,0.0142
null,,high_outside,static,static,,,113,0.0142
null,,high_outside,static,static,,,114,0.0142
null,,high_outside,static,static,,,115,0.0142
null,,high_outside,static,static,,,116,0.0142
null,,high_outside,static,static,,,117,0.0142
null,,high_outside,static,static,,,118,0.0142
null,,high_outside,static,static,,,119,0.0142
null,,high_outside,static,static,,,120,0.0142
null,,high_outside,static,static,,,121,0.0142
null,,high_outside,static,static,,,122,0.0142
null,,high_outside,static,static,,,123,0.0142
null,,high_outside,static,static,,,124,0.0142
null,,high_outside,static,static,,,125,0.0142
null,,high_outside,static,static,,,126,0.0142
null,,high_outside,static,static,,,127,0.0142
null,,high_outside,static,static,,,128,0.0142
null,,high_outside,static,static,,,129,0.0142
null,,high_outside,static,static,,,130,0.0142
null,,high_outside,static,static,,,131,0.0142
null,,high_outside,static,static,,,132,0.0142
null,,high_outside,static,static,,,133,0.0142
null,,high_outside,static,static,,,134,0.0142
null,,high_outside,static,static,,,135,0.0142
null,,high_outside,static,static,,,136,0.0142
null,,high_outside,static,static,,,137,0.0142
null,,high_outside,static,static,,,138,0.0142
null,,high_outside,static,static,,,139,0.0142
null,,high_outside,static,static,,,140,0.0142
null,,high_outside,static,static,,,141,0.0142
null,,high_outside,static,static,,,142,0.0142
null,,high_outside,static,static,,,143,0.0142
null,,high_outside,static,static,,,144,0.0142
null,,high_outside,static,static,,,145,0.0142
null,,high_outside,static,static,,,146,0.0142
null,,high_outside,static,static,,,147,0.0142
null,,high_outside,static,static,,,148,0.0144
null,,high_outside,static,static,,,149,0.0144
null,,high_outside,static,static,,,150,0.0144
null,,high_outside,static,static,,,151,0.0144
null,,high_outside,static,static,,,152,0.0144
null,,high_outside,static,static,,,153,0.0144
null,,high_outside,static,static,,,154,0.0144
null,,high_outside,static,static,,,155,0.0144
null,,high_outside,static,static,,,156,0.0144
null,,high_outside,static,static,,,157,0.0144
null,,high_outside,static,static,,,158,0.0144
null,,high_outside,static,static,,,159,0.0144
null,,high_outside,static,static,,,160,0.0144
null,,high_outside,static,static,,,161,0.0144
null,,high_outside,static,static,,,162,0.0144
null,,high_outside,static,static,,,163,0.0144
null,,high_outside,static,static,,,164,0.0144
null,,high_outside,static,static,,,165,0.0144
null,,high_outside,static,static,,,166,0.0144
null,,high_outside,static,static,,,167,0.0144
null,,high_outside,static,static,,,168,0.0144
null,,high_outside,static,static,,,169,0.0144
null,,high_outside,static,static,,,170,0.0144
null,,high_outside,static,static,,,171,0.0144
null,,high_outside,static,static,,,172,0.0144
null,,high_outside,static,static,,,173,0.0144
null,,high_outside,static,static,,,174,0.0144
null,,high_outside,static,static,,,175,0.0144
null,,high_outside,static,static,,,176,0.0144
null,,high_outside,static,static,,,177,0.0144
null,,high_outside,static,static,,,178,0.0144
null,,high_outside,static,static,,,179,0.0144
null,,high_outside,static,static,,,180,0.0144
null,,high_outside,static,static,,,181,0.0144
null,,high_outside,static,static,,,182,0.0144
null,,high_outside,static,static,,,183,0.0144
null,,high_outside,static,static,,,184,0.0144
null,,high_outside,static,static,,,185,0.0144
null,,high_outside,static,static,,,186,0.0144
null,,high_outside,static,static,,,187,0.0144
null,,high_outside,static,static,,,188,0.0144
null,,high_outside,static,static,,,189,0.0144
null,,high_outside,static,static,,,190,0.0144
null,,high_outside,static,static,,,191,0.0144
null,,high_outside,static,static,,,192,0.0144
null,,high_outside,static,static,,,193,0.0144
null,,high_outside,static,static,,,194,0.0144
null,,high_outside,static,static,,,195,0.0144
null,,high_outside,static,static,,,196,0.0144
null,,high_outside,static,static,,,197,0.0144
null,,high_outside,static,static,,,198,0.0144
null,,high_outside,static,static,,,199,0.0144
null,,high_outside,static,static,,,200,0.0144
null,,high_outside,primary_baseline,band_mix,0.045,,1,0.0
null,,high_outside,primary_baseline,band_mix,0.045,,2,0.0
null,,high_outside,primary_baseline,band_mix,0.045,,3,0.0
null,,high_outside,primary_baseline,band_mix,0.045,,4,0.0
null,,high_outside,primary_baseline,band_mix,0.045,,5,0.0
null,,high_outside,primary_baseline,band_mix,0.045,,6,0.0
null,,high_outside,primary_baseline,band_mix,0.045,,7,0.0
null,,high_outside,primary_baseline,band_mix,0.045,,8,0.0
null,,high_outside,primary_baseline,band_mix,0.045,,9,0.0
null,,high_outside,primary_baseline,band_mix,0.045,,10,0.0
null,,high_outside,primary_baseline,band_mix,0.045,,11,0.0
null,,high_outside,primary_baseline,band_mix,0.045,,12,0.0
null,,high_outside,primary_baseline,band_mix,0.045,,13,0.0
null,,high_outside,primary_baseline,band_mix,0.045,,14,0.0
null,,high_outside,primary_baseline,band_mix,0.045,,15,0.0
null,,high_outside,primary_baseline,band_mix,0.045,,16,0.0
null,,high_outside,primary_baseline,band_mix,0.045,,17,0.0
null,,high_outside,primary_baseline,band_mix,0.045,,18,0.0
null,,high_outside,primary_baseline,band_mix,0.045,,19,0.0
null,,high_outside,primary_baseline,band_mix,0.045,,20,0.0
null,,high_outside,primary_baseline,band_mix,0.045,,21,0.0
null,,high_outside,primary_baseline,band_mix,0.045,,22,0.0
null,,high_outside,primary_baseline,band_mix,0.045,,23,0.0
null,,high_outside,primary_baseline,band_mix,0.045,,24,0.0
null,,high_outside,primary_baseline,band_mix,0.045,,25,0.0
null,,high_outside,primary_baseline,band_mix,0.045,,26,0.0
null,,high_outside,primary_baseline,band_mix,0.045,,27,0.0
null,,high_outside,primary_baseline,band_mix,0.045,,28,0.0
null,,high_outside,primary_baseline,band_mix,0.045,,29,0.0
null,,high_outside,primary_baseline,band_mix,0.045,,30,0.0
null,,high_outside,primary_baseline,band_mix,0.045,,31,0.0
null,,high_outside,primary_baseline,band_mix,0.045,,32,0.0
null,,high_outside,primary_baseline,band_mix,0.045,,33,0.0
null,,high_outside,primary_baseline,band_mix,0.045,,34,0.0
null,,high_outside,primary_baseline,band_mix,0.045,,35,0.0
null,,high_outside,primary_baseline,band_mix,0.045,,36,0.0
null,,high_outside,primary_baseline,band_mix,0.045,,37,0.0
null,,high_outside,primary_baseline,band_mix,0.045,,38,0.0
null,,high_outside,primary_baseline,band_mix,0.045,,39,0.0
null,,high_outside,primary_baseline,band_mix,0.045,,40,0.0
null,,high_outside,primary_baseline,band_mix,0.045,,41,0.0
null,,high_outside,primary_baseline,band_mix,0.045,,42,0.0
null,,high_outside,primary_baseline,band_mix,0.045,,43,0.0
null,,high_outside,primary_baseline,band_mix,0.045,,44,0.0
null,,high_outside,primary_baseline,band_mix,0.045,,45,0.0
null,,high_outside,primary_baseline,band_mix,0.045,,46,0.0
null,,high_outside,primary_baseline,band_mix,0.045,,47,0.0
null,,high_outside,primary_baseline,band_mix,0.045,,48,0.0
null,,high_outside,primary_baseline,band_mix,0.045,,49,0.0
null,,high_outside,primary_baseline,band_mix,0.045,,50,0.0
null,,high_outside,primary_baseline,band_mix,0.045,,51,0.0
null,,high_outside,primary_baseline,band_mix,0.045,,52,0.0
null,,high_outside,primary_baseline,band_mix,0.045,,53,0.0
null,,high_outside,primary_baseline,band_mix,0.045,,54,0.0
null,,high_outside,primary_baseline,band_mix,0.045,,55,0.0
null,,high_outside,primary_baseline,band_mix,0.045,,56,0.0
null,,high_outside,primary_baseline,band_mix,0.045,,57,0.0
null,,high_outside,primary_baseline,band_mix,0.045,,58,0.0
null,,high_outside,primary_baseline,band_mix,0.045,,59,0.0
null,,high_outside,primary_baseline,band_mix,0.045,,60,0.0
null,,high_outside,primary_baseline,band_mix,0.045,,61,0.0
null,,high_outside,primary_baseline,band_mix,0.045,,62,0.0
null,,high_outside,primary_baseline,band_mix,0.045,,63,0.0
null,,high_outside,primary_baseline,band_mix,0.045,,64,0.0
null,,high_outside,primary_baseline,band_mix,0.045,,65,0.0
null,,high_outside,primary_baseline,band_mix,0.045,,66,0.0
null,,high_outside,primary_baseline,band_mix,0.045,,67,0.0
null,,high_outside,primary_baseline,band_mix,0.045,,68,0.0
null,,high_outside,primary_baseline,band_mix,0.045,,69,0.0
null,,high_outside,primary_baseline,band_mix,0.045,,70,0.0
null,,high_outside,primary_baseline,band_mix,0.045,,71,0.0
null,,high_outside,primary_baseline,band_mix,0.045,,72,0.0
null,,high_outside,primary_baseline,band_mix,0.045,,73,0.0
null,,high_outside,primary_baseline,band_mix,0.045,,74,0.0
null,,high_outside,primary_baseline,band_mix,0.045,,75,0.0
null,,high_outside,primary_baseline,band_mix,0.045,,76,0.0
null,,high_outside,primary_baseline,band_mix,0.045,,77,0.0
null,,high_outside,primary_baseline,band_mix,0.045,,78,0.0
null,,high_outside,primary_baseline,band_mix,0.045,,79,0.0
null,,high_outside,primary_baseline,band_mix,0.045,,80,0.0
null,,high_outside,primary_baseline,band_mix,0.045,,81,0.0
null,,high_outside,primary_baseline,band_mix,0.045,,82,0.0
null,,high_outside,primary_baseline,band_mix,0.045,,83,0.0
null,,high_outside,primary_baseline,band_mix,0.045,,84,0.0
null,,high_outside,primary_baseline,band_mix,0.045,,85,0.0
null,,high_outside,primary_baseline,band_mix,0.045,,86,0.0
null,,high_outside,primary_baseline,band_mix,0.045,,87,0.0
null,,high_outside,primary_baseline,band_mix,0.045,,88,0.0
null,,high_outside,primary_baseline,band_mix,0.045,,89,0.0
null,,high_outside,primary_baseline,band_mix,0.045,,90,0.0
null,,high_outside,primary_baseline,band_mix,0.045,,91,0.0
null,,high_outside,primary_baseline,band_mix,0.045,,92,0.0
null,,high_outside,primary_baseline,band_mix,0.045,,93,0.0
null,,high_outside,primary_baseline,band_mix,0.045,,94,0.0
null,,high_outside,primary_baseline,band_mix,0.045,,95,0.0
null,,high_outside,primary_baseline,band_mix,0.045,,96,0.0
null,,high_outside,primary_baseline,band_mix,0.045,,97,0.0
null,,high_outside,primary_baseline,band_mix,0.045,,98,0.0
null,,high_outside,primary_baseline,band_mix,0.045,,99,0.0
null,,high_outside,primary_baseline,band_mix,0.045,,100,0.0
null,,high_outside,primary_baseline,band_mix,0.045,,101,0.0
null,,high_outside,primary_baseline,band_mix,0.045,,102,0.0
null,,high_outside,primary_baseline,band_mix,0.045,,103,0.0
null,,high_outside,primary_baseline,band_mix,0.045,,104,0.0
null,,high_outside,primary_baseline,band_mix,0.045,,105,0.0
null,,high_outside,primary_baseline,band_mix,0.045,,106,0.0
null,,high_outside,primary_baseline,band_mix,0.045,,107,0.0
null,,high_outside,primary_baseline,band_mix,0.045,,108,0.0
null,,high_outside,primary_baseline,band_mix,0.045,,109,0.0
null,,high_outside,primary_baseline,band_mix,0.045,,110,0.0
null,,high_outside,primary_baseline,band_mix,0.045,,111,0.0
null,,high_outside,primary_baseline,band_mix,0.045,,112,0.0
null,,high_outside,primary_baseline,band_mix,0.045,,113,0.0
null,,high_outside,primary_baseline,band_mix,0.045,,114,0.0
null,,high_outside,primary_baseline,band_mix,0.045,,115,0.0
null,,high_outside,primary_baseline,band_mix,0.045,,116,0.0
null,,high_outside,primary_baseline,band_mix,0.045,,117,0.0
null,,high_outside,primary_baseline,band_mix,0.045,,118,0.0
null,,high_outside,primary_baseline,band_mix,0.045,,119,0.0
null,,high_outside,primary_baseline,band_mix,0.045,,120,0.0
null,,high_outside,primary_baseline,band_mix,0.045,,121,0.0
null,,high_outside,primary_baseline,band_mix,0.045,,122,0.0
null,,high_outside,primary_baseline,band_mix,0.045,,123,0.0
null,,high_outside,primary_baseline,band_mix,0.045,,124,0.0
null,,high_outside,primary_baseline,band_mix,0.045,,125,0.0
null,,high_outside,primary_baseline,band_mix,0.045,,126,0.0
null,,high_outside,primary_baseline,band_mix,0.045,,127,0.0
null,,high_outside,primary_baseline,band_mix,0.045,,128,0.0
null,,high_outside,primary_baseline,band_mix,0.045,,129,0.0
null,,high_outside,primary_baseline,band_mix,0.045,,130,0.0
null,,high_outside,primary_baseline,band_mix,0.045,,131,0.0
null,,high_outside,primary_baseline,band_mix,0.045,,132,0.0
null,,high_outside,primary_baseline,band_mix,0.045,,133,0.0
null,,high_outside,primary_baseline,band_mix,0.045,,134,0.0
null,,high_outside,primary_baseline,band_mix,0.045,,135,0.0
null,,high_outside,primary_baseline,band_mix,0.045,,136,0.0
null,,high_outside,primary_baseline,band_mix,0.045,,137,0.0
null,,high_outside,primary_baseline,band_mix,0.045,,138,0.0
null,,high_outside,primary_baseline,band_mix,0.045,,139,0.0
null,,high_outside,primary_baseline,band_mix,0.045,,140,0.0
null,,high_outside,primary_baseline,band_mix,0.045,,141,0.0
null,,high_outside,primary_baseline,band_mix,0.045,,142,0.0
null,,high_outside,primary_baseline,band_mix,0.045,,143,0.0
null,,high_outside,primary_baseline,band_mix,0.045,,144,0.0
null,,high_outside,primary_baseline,band_mix,0.045,,145,0.0
null,,high_outside,primary_baseline,band_mix,0.045,,146,0.0
null,,high_outside,primary_baseline,band_mix,0.045,,147,0.0
null,,high_outside,primary_baseline,band_mix,0.045,,148,0.0
null,,high_outside,primary_baseline,band_mix,0.045,,149,0.0
null,,high_outside,primary_baseline,band_mix,0.045,,150,0.0
null,,high_outside,primary_baseline,band_mix,0.045,,151,0.0
null,,high_outside,primary_baseline,band_mix,0.045,,152,0.0
null,,high_outside,primary_baseline,band_mix,0.045,,153,0.0
null,,high_outside,primary_baseline,band_mix,0.045,,154,0.0
null,,high_outside,primary_baseline,band_mix,0.045,,155,0.0
null,,high_outside,primary_baseline,band_mix,0.045,,156,0.0
null,,high_outside,primary_baseline,band_mix,0.045,,157,0.0
null,,high_outside,primary_baseline,band_mix,0.045,,158,0.0
null,,high_outside,primary_baseline,band_mix,0.045,,159,0.0
null,,high_outside,primary_baseline,band_mix,0.045,,160,0.0
null,,high_outside,primary_baseline,band_mix,0.045,,161,0.0
null,,high_outside,primary_baseline,band_mix,0.045,,162,0.0
null,,high_outside,primary_baseline,band_mix,0.045,,163,0.0
null,,high_outside,primary_baseline,band_mix,0.045,,164,0.0
null,,high_outside,primary_baseline,band_mix,0.045,,165,0.0
null,,high_outside,primary_baseline,band_mix,0.045,,166,0.0
null,,high_outside,primary_baseline,band_mix,0.045,,167,0.0
null,,high_outside,primary_baseline,band_mix,0.045,,168,0.0
null,,high_outside,primary_baseline,band_mix,0.045,,169,0.0
null,,high_outside,primary_baseline,band_mix,0.045,,170,0.0
null,,high_outside,primary_baseline,band_mix,0.045,,171,0.0
null,,high_outside,primary_baseline,band_mix,0.045,,172,0.0
null,,high_outside,primary_baseline,band_mix,0.045,,173,0.0
null,,high_outside,primary_baseline,band_mix,0.045,,174,0.0
null,,high_outside,primary_baseline,band_mix,0.045,,175,0.0
null,,high_outside,primary_baseline,band_mix,0.045,,176,0.0
null,,high_outside,primary_baseline,band_mix,0.045,,177,0.0
null,,high_outside,primary_baseline,band_mix,0.045,,178,0.0
null,,high_outside,primary_baseline,band_mix,0.045,,179,0.0
null,,high_outside,primary_baseline,band_mix,0.045,,180,0.0
null,,high_outside,primary_baseline,band_mix,0.045,,181,0.0
null,,high_outside,primary_baseline,band_mix,0.045,,182,0.0
null,,high_outside,primary_baseline,band_mix,0.045,,183,0.0
null,,high_outside,primary_baseline,band_mix,0.045,,184,0.0
null,,high_outside,primary_baseline,band_mix,0.045,,185,0.0
null,,high_outside,primary_baseline,band_mix,0.045,,186,0.0
null,,high_outside,primary_baseline,band_mix,0.045,,187,0.0
null,,high_outside,primary_baseline,band_mix,0.045,,188,0.0
null,,high_outside,primary_baseline,band_mix,0.045,,189,0.0
null,,high_outside,primary_baseline,band_mix,0.045,,190,0.0
null,,high_outside,primary_baseline,band_mix,0.045,,191,0.0
null,,high_outside,primary_baseline,band_mix,0.045,,192,0.0
null,,high_outside,primary_baseline,band_mix,0.045,,193,0.0
null,,high_outside,primary_baseline,band_mix,0.045,,194,0.0
null,,high_outside,primary_baseline,band_mix,0.045,,195,0.0
null,,high_outside,primary_baseline,band_mix,0.045,,196,0.0
null,,high_outside,primary_baseline,band_mix,0.045,,197,0.0
null,,high_outside,primary_baseline,band_mix,0.045,,198,0.0
null,,high_outside,primary_baseline,band_mix,0.045,,199,0.0
null,,high_outside,primary_baseline,band_mix,0.045,,200,0.0
null,,high_outside,best_grid_T200,band_ons,0.005,,1,0.0
null,,high_outside,best_grid_T200,band_ons,0.005,,2,0.0
null,,high_outside,best_grid_T200,band_ons,0.005,,3,0.0
null,,high_outside,best_grid_T200,band_ons,0.005,,4,0.0
null,,high_outside,best_grid_T200,band_ons,0.005,,5,0.0
null,,high_outside,best_grid_T200,band_ons,0.005,,6,0.0
null,,high_outside,best_grid_T200,band_ons,0.005,,7,0.0
null,,high_outside,best_grid_T200,band_ons,0.005,,8,0.0
null,,high_outside,best_grid_T200,band_ons,0.005,,9,0.0
null,,high_outside,best_grid_T200,band_ons,0.005,,10,0.0
null,,high_outside,best_grid_T200,band_ons,0.005,,11,0.0
null,,high_outside,best_grid_T200,band_ons,0.005,,12,0.0
null,,high_outside,best_grid_T200,band_ons,0.005,,13,0.0
null,,high_outside,best_grid_T200,band_ons,0.005,,14,0.0
null,,high_outside,best_grid_T200,band_ons,0.005,,15,0.0
null,,high_outside,best_grid_T200,band_ons,0.005,,16,0.0
null,,high_outside,best_grid_T200,band_ons,0.005,,17,0.0
null,,high_outside,best_grid_T200,band_ons,0.005,,18,0.0
null,,high_outside,best_grid_T200,band_ons,0.005,,19,0.0
null,,high_outside,best_grid_T200,band_ons,0.005,,20,0.0
null,,high_outside,best_grid_T200,band_ons,0.005,,21,0.0
null,,high_outside,best_grid_T200,band_ons,0.005,,22,0.0
null,,high_outside,best_grid_T200,band_ons,0.005,,23,0.0
null,,high_outside,best_grid_T200,band_ons,0.005,,24,0.0
null,,high_outside,best_grid_T200,band_ons,0.005,,25,0.0
null,,high_outside,best_grid_T200,band_ons,0.005,,26,0.0
null,,high_outside,best_grid_T200,band_ons,0.005,,27,0.0
null,,high_outside,best_grid_T200,band_ons,0.005,,28,0.0
null,,high_outside,best_grid_T200,band_ons,0.005,,29,0.0
null,,high_outside,best_grid_T200,band_ons,0.005,,30,0.0
null,,high_outside,best_grid_T200,band_ons,0.005,,31,0.0
null,,high_outside,best_grid_T200,band_ons,0.005,,32,0.0
null,,high_outside,best_grid_T200,band_ons,0.005,,33,0.0
null,,high_outside,best_grid_T200,band_ons,0.005,,34,0.0
null,,high_outside,best_grid_T200,band_ons,0.005,,35,0.0
null,,high_outside,best_grid_T200,band_ons,0.005,,36,0.0
null,,high_outside,best_grid_T200,band_ons,0.005,,37,0.0
null,,high_outside,best_grid_T200,band_ons,0.005,,38,0.0
null,,high_outside,best_grid_T200,band_ons,0.005,,39,0.0
null,,high_outside,best_grid_T200,band_ons,0.005,,40,0.0
null,,high_outside,best_grid_T200,band_ons,0.005,,41,0.0
null,,high_outside,best_grid_T200,band_ons,0.005,,42,0.0
null,,high_outside,best_grid_T200,band_ons,0.005,,43,0.0
null,,high_outside,best_grid_T200,band_ons,0.005,,44,0.0
null,,high_outside,best_grid_T200,band_ons,0.005,,45,0.0
null,,high_outside,best_grid_T200,band_ons,0.005,,46,0.0
null,,high_outside,best_grid_T200,band_ons,0.005,,47,0.0
null,,high_outside,best_grid_T200,band_ons,0.005,,48,0.0
null,,high_outside,best_grid_T200,band_ons,0.005,,49,0.0
null,,high_outside,best_grid_T200,band_ons,0.005,,50,0.0
null,,high_outside,best_grid_T200,band_ons,0.005,,51,0.0
null,,high_outside,best_grid_T200,band_ons,0.005,,52,0.0
null,,high_outside,best_grid_T200,band_ons,0.005,,53,0.0
null,,high_outside,best_grid_T200,band_ons,0.005,,54,0.0
null,,high_outside,best_grid_T200,band_ons,0.005,,55,0.0
null,,high_outside,best_grid_T200,band_ons,0.005,,56,0.0
null,,high_outside,best_grid_T200,band_ons,0.005,,57,0.0
null,,high_outside,best_grid_T200,band_ons,0.005,,58,0.0
null,,high_outside,best_grid_T200,band_ons,0.005,,59,0.0
null,,high_outside,best_grid_T200,band_ons,0.005,,60,0.0
null,,high_outside,best_grid_T200,band_ons,0.005,,61,0.0
null,,high_outside,best_grid_T200,band_ons,0.005,,62,0.0
null,,high_outside,best_grid_T200,band_ons,0.005,,63,0.0
null,,high_outside,best_grid_T200,band_ons,0.005,,64,0.0
null,,high_outside,best_grid_T200,band_ons,0.005,,65,0.0
null,,high_outside,best_grid_T200,band_ons,0.005,,66,0.0
null,,high_outside,best_grid_T200,band_ons,0.005,,67,0.0
null,,high_outside,best_grid_T200,band_ons,0.005,,68,0.0
null,,high_outside,best_grid_T200,band_ons,0.005,,69,0.0
null,,high_outside,best_grid_T200,band_ons,0.005,,70,0.0
null,,high_outside,best_grid_T200,band_ons,0.005,,71,0.0
null,,high_outside,best_grid_T200,band_ons,0.005,,72,0.0
null,,high_outside,best_grid_T200,band_ons,0.005,,73,0.0
null,,high_outside,best_grid_T200,band_ons,0.005,,74,0.0
null,,high_outside,best_grid_T200,band_ons,0.005,,75,0.0
null,,high_outside,best_grid_T200,band_ons,0.005,,76,0.0
null,,high_outside,best_grid_T200,band_ons,0.005,,77,0.0
null,,high_outside,best_grid_T200,band_ons,0.005,,78,0.0
null,,high_outside,best_grid_T200,band_ons,0.005,,79,0.0
null,,high_outside,best_grid_T200,band_ons,0.005,,80,0.0
null,,high_outside,best_grid_T200,band_ons,0.005,,81,0.0
null,,high_outside,best_grid_T200,band_ons,0.005,,82,0.0
null,,high_outside,best_grid_T200,band_ons,0.005,,83,0.0
null,,high_outside,best_grid_T200,band_ons,0.005,,84,0.0
null,,high_outside,best_grid_T200,band_ons,0.005,,85,0.0
null,,high_outside,best_grid_T200,band_ons,0.005,,86,0.0
null,,high_outside,best_grid_T200,band_ons,0.005,,87,0.0
null,,high_outside,best_grid_T200,band_ons,0.005,,88,0.0
null,,high_outside,best_grid_T200,band_ons,0.005,,89,0.0
null,,high_outside,best_grid_T200,band_ons,0.005,,90,0.0
null,,high_outside,best_grid_T200,band_ons,0.005,,91,0.0
null,,high_outside,best_grid_T200,band_ons,0.005,,92,0.0
null,,high_outside,best_grid_T200,band_ons,0.005,,93,0.0
null,,high_outside,best_grid_T200,band_ons,0.005,,94,0.0
null,,high_outside,best_grid_T200,band_ons,0.005,,95,0.0
null,,high_outside,best_grid_T200,band_ons,0.005,,96,0.0
null,,high_outside,best_grid_T200,band_ons,0.005,,97,0.0
null,,high_outside,best_grid_T200,band_ons,0.005,,98,0.0
null,,high_outside,best_grid_T200,band_ons,0.005,,99,0.0
null,,high_outside,best_grid_T200,band_ons,0.005,,100,0.0
null,,high_outside,best_grid_T200,band_ons,0.005,,101,0.0
null,,high_outside,best_grid_T200,band_ons,0.005,,102,0.0
null,,high_outside,best_grid_T200,band_ons,0.005,,103,0.0
null,,high_outside,best_grid_T200,band_ons,0.005,,104,0.0
null,,high_outside,best_grid_T200,band_ons,0.005,,105,0.0
null,,high_outside,best_grid_T200,band_ons,0.005,,106,0.0
null,,high_outside,best_grid_T200,band_ons,0.005,,107,0.0
null,,high_outside,best_grid_T200,band_ons,0.005,,108,0.0
null,,high_outside,best_grid_T200,band_ons,0.005,,109,0.0
null,,high_outside,best_grid_T200,band_ons,0.005,,110,0.0
null,,high_outside,best_grid_T200,band_ons,0.005,,111,0.0
null,,high_outside,best_grid_T200,band_ons,0.005,,112,0.0
null,,high_outside,best_grid_T200,band_ons,0.005,,113,0.0
null,,high_outside,best_grid_T200,band_ons,0.005,,114,0.0
null,,high_outside,best_grid_T200,band_ons,0.005,,115,0.0
null,,high_outside,best_grid_T200,band_ons,0.005,,116,0.0
null,,high_outside,best_grid_T200,band_ons,0.005,,117,0.0
null,,high_outside,best_grid_T200,band_ons,0.005,,118,0.0
null,,high_outside,best_grid_T200,band_ons,0.005,,119,0.0
null,,high_outside,best_grid_T200,band_ons,0.005,,120,0.0
null,,high_outside,best_grid_T200,band_ons,0.005,,121,0.0
null,,high_outside,best_grid_T200,band_ons,0.005,,122,0.0
null,,high_outside,best_grid_T200,band_ons,0.005,,123,0.0
null,,high_outside,best_grid_T200,band_ons,0.005,,124,0.0
null,,high_outside,best_grid_T200,band_ons,0.005,,125,0.0
null,,high_outside,best_grid_T200,band_ons,0.005,,126,0.0
null,,high_outside,best_grid_T200,band_ons,0.005,,127,0.0
null,,high_outside,best_grid_T200,band_ons,0.005,,128,0.0
null,,high_outside,best_grid_T200,band_ons,0.005,,129,0.0
null,,high_outside,best_grid_T200,band_ons,0.005,,130,0.0
null,,high_outside,best_grid_T200,band_ons,0.005,,131,0.0
null,,high_outside,best_grid_T200,band_ons,0.005,,132,0.0
null,,high_outside,best_grid_T200,band_ons,0.005,,133,0.0
null,,high_outside,best_grid_T200,band_ons,0.005,,134,0.0
null,,high_outside,best_grid_T200,band_ons,0.005,,135,0.0
null,,high_outside,best_grid_T200,band_ons,0.005,,136,0.0
null,,high_outside,best_grid_T200,band_ons,0.005,,137,0.0
null,,high_outside,best_grid_T200,band_ons,0.005,,138,0.0
null,,high_outside,best_grid_T200,band_ons,0.005,,139,0.0
null,,high_outside,best_grid_T200,band_ons,0.005,,140,0.0
null,,high_outside,best_grid_T200,band_ons,0.005,,141,0.0
null,,high_outside,best_grid_T200,band_ons,0.005,,142,0.0
null,,high_outside,best_grid_T200,band_ons,0.005,,143,0.0
null,,high_outside,best_grid_T200,band_ons,0.005,,144,0.0
null,,high_outside,best_grid_T200,band_ons,0.005,,145,0.0
null,,high_outside,best_grid_T200,band_ons,0.005,,146,0.0
null,,high_outside,best_grid_T200,band_ons,0.005,,147,0.0
null,,high_outside,best_grid_T200,band_ons,0.005,,148,0.0
null,,high_outside,best_grid_T200,band_ons,0.005,,149,0.0
null,,high_outside,best_grid_T200,band_ons,0.005,,150,0.0
null,,high_outside,best_grid_T200,band_ons,0.005,,151,0.0
null,,high_outside,best_grid_T200,band_ons,0.005,,152,0.0
null,,high_outside,best_grid_T200,band_ons,0.005,,153,0.0
null,,high_outside,best_grid_T200,band_ons,0.005,,154,0.0
null,,high_outside,best_grid_T200,band_ons,0.005,,155,0.0
null,,high_outside,best_grid_T200,band_ons,0.005,,156,0.0
null,,high_outside,best_grid_T200,band_ons,0.005,,157,0.0
null,,high_outside,best_grid_T200,band_ons,0.005,,158,0.0
null,,high_outside,best_grid_T200,band_ons,0.005,,159,0.0
null,,high_outside,best_grid_T200,band_ons,0.005,,160,0.0
null,,high_outside,best_grid_T200,band_ons,0.005,,161,0.0
null,,high_outside,best_grid_T200,band_ons,0.005,,162,0.0
null,,high_outside,best_grid_T200,band_ons,0.005,,163,0.0
null,,high_outside,best_grid_T200,band_ons,0.005,,164,0.0
null,,high_outside,best_grid_T200,band_ons,0.005,,165,0.0
null,,high_outside,best_grid_T200,band_ons,0.005,,166,0.0
null,,high_outside,best_grid_T200,band_ons,0.005,,167,0.0
null,,high_outside,best_grid_T200,band_ons,0.005,,168,0.0
null,,high_outside,best_grid_T200,band_ons,0.005,,169,0.0
null,,high_outside,best_grid_T200,band_ons,0.005,,170,0.0
null,,high_outside,best_grid_T200,band_ons,0.005,,171,0.0
null,,high_outside,best_grid_T200,band_ons,0.005,,172,0.0
null,,high_outside,best_grid_T200,band_ons,0.005,,173,0.0
null,,high_outside,best_grid_T200,band_ons,0.005,,174,0.0
null,,high_outside,best_grid_T200,band_ons,0.005,,175,0.0
null,,high_outside,best_grid_T200,band_ons,0.005,,176,0.0
null,,high_outside,best_grid_T200,band_ons,0.005,,177,0.0
null,,high_outside,best_grid_T200,band_ons,0.005,,178,0.0
null,,high_outside,best_grid_T200,band_ons,0.005,,179,0.0
null,,high_outside,best_grid_T200,band_ons,0.005,,180,0.0
null,,high_outside,best_grid_T200,band_ons,0.005,,181,0.0
null,,high_outside,best_grid_T200,band_ons,0.005,,182,0.0
null,,high_outside,best_grid_T200,band_ons,0.005,,183,0.0
null,,high_outside,best_grid_T200,band_ons,0.005,,184,0.0
null,,high_outside,best_grid_T200,band_ons,0.005,,185,0.0
null,,high_outside,best_grid_T200,band_ons,0.005,,186,0.0
null,,high_outside,best_grid_T200,band_ons,0.005,,187,0.0
null,,high_outside,best_grid_T200,band_ons,0.005,,188,0.0
null,,high_outside,best_grid_T200,band_ons,0.005,,189,0.0
null,,high_outside,best_grid_T200,band_ons,0.005,,190,0.0
null,,high_outside,best_grid_T200,band_ons,0.005,,191,0.0
null,,high_outside,best_grid_T200,band_ons,0.005,,192,0.0
null,,high_outside,best_grid_T200,band_ons,0.005,,193,0.0
null,,high_outside,best_grid_T200,band_ons,0.005,,194,0.0
null,,high_outside,best_grid_T200,band_ons,0.005,,195,0.0
null,,high_outside,best_grid_T200,band_ons,0.005,,196,0.0
null,,high_outside,best_grid_T200,band_ons,0.005,,197,0.0
null,,high_outside,best_grid_T200,band_ons,0.005,,198,0.0
null,,high_outside,best_grid_T200,band_ons,0.005,,199,0.0
null,,high_outside,best_grid_T200,band_ons,0.005,,200,0.0
null,,high_outside,oracle,oracle,,,1,0.0
null,,high_outside,oracle,oracle,,,2,0.0
null,,high_outside,oracle,oracle,,,3,0.0038
null,,high_outside,oracle,oracle,,,4,0.0082
null,,high_outside,oracle,oracle,,,5,0.0108
null,,high_outside,oracle,oracle,,,6,0.0126
null,,high_outside,oracle,oracle,,,7,0.014
null,,high_outside,oracle,oracle,,,8,0.0158
null,,high_outside,oracle,oracle,,,9,0.0176
null,,high_outside,oracle,oracle,,,10,0.0186
null,,high_outside,oracle,oracle,,,11,0.019
null,,high_outside,oracle,oracle,,,12,0.0198
null,,high_outside,oracle,oracle,,,13,0.0202
null,,high_outside,oracle,oracle,,,14,0.0208
null,,high_outside,oracle,oracle,,,15,0.021
null,,high_outside,oracle,oracle,,,16,0.0214
null,,high_outside,oracle,oracle,,,17,0.022
null,,high_outside,oracle,oracle,,,18,0.0222
null,,high_outside,oracle,oracle,,,19,0.0226
null,,high_outside,oracle,oracle,,,20,0.0228
null,,high_outside,oracle,oracle,,,21,0.023
null,,high_outside,oracle,oracle,,,22,0.0232
null,,high_outside,oracle,oracle,,,23,0.0234
null,,high_outside,oracle,oracle,,,24,0.0236
null,,high_outside,oracle,oracle,,,25,0.0242
null,,high_outside,oracle,oracle,,,26,0.0244
null,,high_outside,oracle,oracle,,,27,0.0244
null,,high_outside,oracle,oracle,,,28,0.0252
null,,high_outside,oracle,oracle,,,29,0.0256
null,,high_outside,oracle,oracle,,,30,0.0256
null,,high_outside,oracle,oracle,,,31,0.0258
null,,high_outside,oracle,oracle,,,32,0.0262
null,,high_outside,oracle,oracle,,,33,0.0262
null,,high_outside,oracle,oracle,,,34,0.0262
null,,high_outside,oracle,oracle,,,35,0.0264
null,,high_outside,oracle,oracle,,,36,0.0268
null,,high_outside,oracle,oracle,,,37,0.027
null,,high_outside,oracle,oracle,,,38,0.0272
null,,high_outside,oracle,oracle,,,39,0.0272
null,,high_outside,oracle,oracle,,,40,0.0272
null,,high_outside,oracle,oracle,,,41,0.0272
null,,high_outside,oracle,oracle,,,42,0.0276
null,,high_outside,oracle,oracle,,,43,0.0278
null,,high_outside,oracle,oracle,,,44,0.0282
null,,high_outside,oracle,oracle,,,45,0.0282
null,,high_outside,oracle,oracle,,,46,0.0282
null,,high_outside,oracle,oracle,,,47,0.0284
null,,high_outside,oracle,oracle,,,48,0.0284
null,,high_outside,oracle,oracle,,,49,0.029
null,,high_outside,oracle,oracle,,,50,0.029
null,,high_outside,oracle,oracle,,,51,0.029
null,,high_outside,oracle,oracle,,,52,0.029
null,,high_outside,oracle,oracle,,,53,0.0292
null,,high_outside,oracle,oracle,,,54,0.0292
null,,high_outside,oracle,oracle,,,55,0.0292
null,,high_outside,oracle,oracle,,,56,0.0294
null,,high_outside,oracle,oracle,,,57,0.0296
null,,high_outside,oracle,oracle,,,58,0.03
null,,high_outside,oracle,oracle,,,59,0.0306
null,,high_outside,oracle,oracle,,,60,0.0306
null,,high_outside,oracle,oracle,,,61,0.0306
null,,high_outside,oracle,oracle,,,62,0.0308
null,,high_outside,oracle,oracle,,,63,0.0312
null,,high_outside,oracle,oracle,,,64,0.0312
null,,high_outside,oracle,oracle,,,65,0.0312
null,,high_outside,oracle,oracle,,,66,0.0312
null,,high_outside,oracle,oracle,,,67,0.0312
null,,high_outside,oracle,oracle,,,68,0.0312
null,,high_outside,oracle,oracle,,,69,0.0312
null,,high_outside,oracle,oracle,,,70,0.0312
null,,high_outside,oracle,oracle,,,71,0.0312
null,,high_outside,oracle,oracle,,,72,0.0314
null,,high_outside,oracle,oracle,,,73,0.0316
null,,high_outside,oracle,oracle,,,74,0.0316
null,,high_outside,oracle,oracle,,,75,0.0316
null,,high_outside,oracle,oracle,,,76,0.0316
null,,high_outside,oracle,oracle,,,77,0.0316
null,,high_outside,oracle,oracle,,,78,0.0316
null,,high_outside,oracle,oracle,,,79,0.0316
null,,high_outside,oracle,oracle,,,80,0.0316
null,,high_outside,oracle,oracle,,,81,0.0316
null,,high_outside,oracle,oracle,,,82,0.0316
null,,high_outside,oracle,oracle,,,83,0.0316
null,,high_outside,oracle,oracle,,,84,0.0318
null,,high_outside,oracle,oracle,,,85,0.0318
null,,high_outside,oracle,oracle,,,86,0.0318
null,,high_outside,oracle,oracle,,,87,0.0318
null,,high_outside,oracle,oracle,,,88,0.0318
null,,high_outside,oracle,oracle,,,89,0.0318
null,,high_outside,oracle,oracle,,,90,0.0318
null,,high_outside,oracle,oracle,,,91,0.0318
null,,high_outside,oracle,oracle,,,92,0.0318
null,,high_outside,oracle,oracle,,,93,0.0318
null,,high_outside,oracle,oracle,,,94,0.0318
null,,high_outside,oracle,oracle,,,95,0.0318
null,,high_outside,oracle,oracle,,,96,0.0318
null,,high_outside,oracle,oracle,,,97,0.032
null,,high_outside,oracle,oracle,,,98,0.032
null,,high_outside,oracle,oracle,,,99,0.032
null,,high_outside,oracle,oracle,,,100,0.032
null,,high_outside,oracle,oracle,,,101,0.032
null,,high_outside,oracle,oracle,,,102,0.0322
null,,high_outside,oracle,oracle,,,103,0.0322
null,,high_outside,oracle,oracle,,,104,0.0322
null,,high_outside,oracle,oracle,,,105,0.0322
null,,high_outside,oracle,oracle,,,106,0.0322
null,,high_outside,oracle,oracle,,,107,0.0322
null,,high_outside,oracle,oracle,,,108,0.0322
null,,high_outside,oracle,oracle,,,109,0.0322
null,,high_outside,oracle,oracle,,,110,0.0322
null,,high_outside,oracle,oracle,,,111,0.0322
null,,high_outside,oracle,oracle,,,112,0.0322
null,,high_outside,oracle,oracle,,,113,0.0322
null,,high_outside,oracle,oracle,,,114,0.0322
null,,high_outside,oracle,oracle,,,115,0.0322
null,,high_outside,oracle,oracle,,,116,0.0322
null,,high_outside,oracle,oracle,,,117,0.0322
null,,high_outside,oracle,oracle,,,118,0.0322
null,,high_outside,oracle,oracle,,,119,0.0322
null,,high_outside,oracle,oracle,,,120,0.0322
null,,high_outside,oracle,oracle,,,121,0.0322
null,,high_outside,oracle,oracle,,,122,0.0322
null,,high_outside,oracle,oracle,,,123,0.0322
null,,high_outside,oracle,oracle,,,124,0.0322
null,,high_outside,oracle,oracle,,,125,0.0322
null,,high_outside,oracle,oracle,,,126,0.0322
null,,high_outside,oracle,oracle,,,127,0.0322
null,,high_outside,oracle,oracle,,,128,0.0322
null,,high_outside,oracle,oracle,,,129,0.0322
null,,high_outside,oracle,oracle,,,130,0.0322
null,,high_outside,oracle,oracle,,,131,0.0322
null,,high_outside,oracle,oracle,,,132,0.0322
null,,high_outside,oracle,oracle,,,133,0.0322
null,,high_outside,oracle,oracle,,,134,0.0322
null,,high_outside,oracle,oracle,,,135,0.0322
null,,high_outside,oracle,oracle,,,136,0.0322
null,,high_outside,oracle,oracle,,,137,0.0322
null,,high_outside,oracle,oracle,,,138,0.0322
null,,high_outside,oracle,oracle,,,139,0.0322
null,,high_outside,oracle,oracle,,,140,0.0322
null,,high_outside,oracle,oracle,,,141,0.0322
null,,high_outside,oracle,oracle,,,142,0.0322
null,,high_outside,oracle,oracle,,,143,0.0322
null,,high_outside,oracle,oracle,,,144,0.0322
null,,high_outside,oracle,oracle,,,145,0.0322
null,,high_outside,oracle,oracle,,,146,0.0324
null,,high_outside,oracle,oracle,,,147,0.0324
null,,high_outside,oracle,oracle,,,148,0.0324
null,,high_outside,oracle,oracle,,,149,0.0324
null,,high_outside,oracle,oracle,,,150,0.0324
null,,high_outside,oracle,oracle,,,151,0.0324
null,,high_outside,oracle,oracle,,,152,0.0324
null,,high_outside,oracle,oracle,,,153,0.0324
null,,high_outside,oracle,oracle,,,154,0.0324
null,,high_outside,oracle,oracle,,,155,0.0324
null,,high_outside,oracle,oracle,,,156,0.0324
null,,high_outside,oracle,oracle,,,157,0.0324
null,,high_outside,oracle,oracle,,,158,0.0324
null,,high_outside,oracle,oracle,,,159,0.0324
null,,high_outside,oracle,oracle,,,160,0.0324
null,,high_outside,oracle,oracle,,,161,0.0324
null,,high_outside,oracle,oracle,,,162,0.0324
null,,high_outside,oracle,oracle,,,163,0.0324
null,,high_outside,oracle,oracle,,,164,0.0324
null,,high_outside,oracle,oracle,,,165,0.0324
null,,high_outside,oracle,oracle,,,166,0.0324
null,,high_outside,oracle,oracle,,,167,0.0324
null,,high_outside,oracle,oracle,,,168,0.0324
null,,high_outside,oracle,oracle,,,169,0.0324
null,,high_outside,oracle,oracle,,,170,0.0324
null,,high_outside,oracle,oracle,,,171,0.0324
null,,high_outside,oracle,oracle,,,172,0.0324
null,,high_outside,oracle,oracle,,,173,0.0324
null,,high_outside,oracle,oracle,,,174,0.0324
null,,high_outside,oracle,oracle,,,175,0.0324
null,,high_outside,oracle,oracle,,,176,0.0324
null,,high_outside,oracle,oracle,,,177,0.0324
null,,high_outside,oracle,oracle,,,178,0.0324
null,,high_outside,oracle,oracle,,,179,0.0324
null,,high_outside,oracle,oracle,,,180,0.0324
null,,high_outside,oracle,oracle,,,181,0.0324
null,,high_outside,oracle,oracle,,,182,0.0324
null,,high_outside,oracle,oracle,,,183,0.0324
null,,high_outside,oracle,oracle,,,184,0.0324
null,,high_outside,oracle,oracle,,,185,0.0324
null,,high_outside,oracle,oracle,,,186,0.0324
null,,high_outside,oracle,oracle,,,187,0.0324
null,,high_outside,oracle,oracle,,,188,0.0324
null,,high_outside,oracle,oracle,,,189,0.0324
null,,high_outside,oracle,oracle,,,190,0.0324
null,,high_outside,oracle,oracle,,,191,0.0324
null,,high_outside,oracle,oracle,,,192,0.0324
null,,high_outside,oracle,oracle,,,193,0.0324
null,,high_outside,oracle,oracle,,,194,0.0324
null,,high_outside,oracle,oracle,,,195,0.0324
null,,high_outside,oracle,oracle,,,196,0.0324
null,,high_outside,oracle,oracle,,,197,0.0324
null,,high_outside,oracle,oracle,,,198,0.0324
null,,high_outside,oracle,oracle,,,199,0.0324
null,,high_outside,oracle,oracle,,,200,0.0324
null,,upper_inside,static,static,,,1,0.0
null,,upper_inside,static,static,,,2,0.0
null,,upper_inside,static,static,,,3,0.0018
null,,upper_inside,static,static,,,4,0.0044
null,,upper_inside,static,static,,,5,0.0058
null,,upper_inside,static,static,,,6,0.0066
null,,upper_inside,static,static,,,7,0.0072
null,,upper_inside,static,static,,,8,0.0076
null,,upper_inside,static,static,,,9,0.0086
null,,upper_inside,static,static,,,10,0.0088
null,,upper_inside,static,static,,,11,0.0098
null,,upper_inside,static,static,,,12,0.01
null,,upper_inside,static,static,,,13,0.01
null,,upper_inside,static,static,,,14,0.0106
null,,upper_inside,static,static,,,15,0.0106
null,,upper_inside,static,static,,,16,0.0106
null,,upper_inside,static,static,,,17,0.0108
null,,upper_inside,static,static,,,18,0.0108
null,,upper_inside,static,static,,,19,0.0108
null,,upper_inside,static,static,,,20,0.0108
null,,upper_inside,static,static,,,21,0.0108
null,,upper_inside,static,static,,,22,0.0108
null,,upper_inside,static,static,,,23,0.0108
null,,upper_inside,static,static,,,24,0.0108
null,,upper_inside,static,static,,,25,0.011
null,,upper_inside,static,static,,,26,0.011
null,,upper_inside,static,static,,,27,0.011
null,,upper_inside,static,static,,,28,0.011
null,,upper_inside,static,static,,,29,0.011
null,,upper_inside,static,static,,,30,0.011
null,,upper_inside,static,static,,,31,0.011
null,,upper_inside,static,static,,,32,0.011
null,,upper_inside,static,static,,,33,0.011
null,,upper_inside,static,static,,,34,0.011
null,,upper_inside,static,static,,,35,0.011
null,,upper_inside,static,static,,,36,0.011
null,,upper_inside,static,static,,,37,0.011
null,,upper_inside,static,static,,,38,0.011
null,,upper_inside,static,static,,,39,0.011
null,,upper_inside,static,static,,,40,0.011
null,,upper_inside,static,static,,,41,0.011
null,,upper_inside,static,static,,,42,0.011
null,,upper_inside,static,static,,,43,0.0112
null,,upper_inside,static,static,,,44,0.0112
null,,upper_inside,static,static,,,45,0.0112
null,,upper_inside,static,static,,,46,0.0112
null,,upper_inside,static,static,,,47,0.0112
null,,upper_inside,static,static,,,48,0.0112
null,,upper_inside,static,static,,,49,0.0114
null,,upper_inside,static,static,,,50,0.0114
null,,upper_inside,static,static,,,51,0.0114
null,,upper_inside,static,static,,,52,0.0114
null,,upper_inside,static,static,,,53,0.0114
null,,upper_inside,static,static,,,54,0.0114
null,,upper_inside,static,static,,,55,0.0114
null,,upper_inside,static,static,,,56,0.0114
null,,upper_inside,static,static,,,57,0.0114
null,,upper_inside,static,static,,,58,0.0114
null,,upper_inside,static,static,,,59,0.0114
null,,upper_inside,static,static,,,60,0.0114
null,,upper_inside,static,static,,,61,0.0114
null,,upper_inside,static,static,,,62,0.0114
null,,upper_inside,static,static,,,63,0.0114
null,,upper_inside,static,static,,,64,0.0114
null,,upper_inside,static,static,,,65,0.0114
null,,upper_inside,static,static,,,66,0.0114
null,,upper_inside,static,static,,,67,0.0114
null,,upper_inside,static,static,,,68,0.0114
null,,upper_inside,static,static,,,69,0.0114
null,,upper_inside,static,static,,,70,0.0114
null,,upper_inside,static,static,,,71,0.0114
null,,upper_inside,static,static,,,72,0.0114
null,,upper_inside,static,static,,,73,0.0114
null,,upper_inside,static,static,,,74,0.0114
null,,upper_inside,static,static,,,75,0.0114
null,,upper_inside,static,static,,,76,0.0116
null,,upper_inside,static,static,,,77,0.0116
null,,upper_inside,static,static,,,78,0.0116
null,,upper_inside,static,static,,,79,0.0116
null,,upper_inside,static,static,,,80,0.0116
null,,upper_inside,static,static,,,81,0.0116
null,,upper_inside,static,static,,,82,0.0116
null,,upper_inside,static,static,,,83,0.0116
null,,upper_inside,static,static,,,84,0.0116
null,,upper_inside,static,static,,,85,0.0116
null,,upper_inside,static,static,,,86,0.0116
null,,upper_inside,static,static,,,87,0.0116
null,,upper_inside,static,static,,,88,0.0116
null,,upper_inside,static,static,,,89,0.0116
null,,upper_inside,static,static,,,90,0.0116
null,,upper_inside,static,static,,,91,0.0116
null,,upper_inside,static,static,,,92,0.0116
null,,upper_inside,static,static,,,93,0.0116
null,,upper_inside,static,static,,,94,0.0116
null,,upper_inside,static,static,,,95,0.0116
null,,upper_inside,static,static,,,96,0.0116
null,,upper_inside,static,static,,,97,0.0116
null,,upper_inside,static,static,,,98,0.0116
null,,upper_inside,static,static,,,99,0.0116
null,,upper_inside,static,static,,,100,0.0116
null,,upper_inside,static,static,,,101,0.0116
null,,upper_inside,static,static,,,102,0.0116
null,,upper_inside,static,static,,,103,0.0116
null,,upper_inside,static,static,,,104,0.0116
null,,upper_inside,static,static,,,105,0.0116
null,,upper_inside,static,static,,,106,0.0118
null,,upper_inside,static,static,,,107,0.0118
null,,upper_inside,static,static,,,108,0.0118
null,,upper_inside,static,static,,,109,0.0118
null,,upper_inside,static,static,,,110,0.0118
null,,upper_inside,static,static,,,111,0.0118
null,,upper_inside,static,static,,,112,0.0118
null,,upper_inside,static,static,,,113,0.0118
null,,upper_inside,static,static,,,114,0.0118
null,,upper_inside,static,static,,,115,0.0118
null,,upper_inside,static,static,,,116,0.0118
null,,upper_inside,static,static,,,117,0.0118
null,,upper_inside,static,static,,,118,0.0118
null,,upper_inside,static,static,,,119,0.0118
null,,upper_inside,static,static,,,120,0.0118
null,,upper_inside,static,static,,,121,0.0118
null,,upper_inside,static,static,,,122,0.0118
null,,upper_inside,static,static,,,123,0.0118
null,,upper_inside,static,static,,,124,0.0118
null,,upper_inside,static,static,,,125,0.0118
null,,upper_inside,static,static,,,126,0.0118
null,,upper_inside,static,static,,,127,0.0118
null,,upper_inside,static,static,,,128,0.0118
null,,upper_inside,static,static,,,129,0.0118
null,,upper_inside,static,static,,,130,0.0118
null,,upper_inside,static,static,,,131,0.0118
null,,upper_inside,static,static,,,132,0.0118
null,,upper_inside,static,static,,,133,0.0118
null,,upper_inside,static,static,,,134,0.0118
null,,upper_inside,static,static,,,135,0.0118
null,,upper_inside,static,static,,,136,0.0118
null,,upper_inside,static,static,,,137,0.0118
null,,upper_inside,static,static,,,138,0.0118
null,,upper_inside,static,static,,,139,0.0118
null,,upper_inside,static,static,,,140,0.0118
null,,upper_inside,static,static,,,141,0.0118
null,,upper_inside,static,static,,,142,0.0118
null,,upper_inside,static,static,,,143,0.0118
null,,upper_inside,static,static,,,144,0.0118
null,,upper_inside,static,static,,,145,0.0118
null,,upper_inside,static,static,,,146,0.0118
null,,upper_inside,static,static,,,147,0.0118
null,,upper_inside,static,static,,,148,0.0118
null,,upper_inside,static,static,,,149,0.0118
null,,upper_inside,static,static,,,150,0.0118
null,,upper_inside,static,static,,,151,0.0118
null,,upper_inside,static,static,,,152,0.0118
null,,upper_inside,static,static,,,153,0.0118
null,,upper_inside,static,static,,,154,0.0118
null,,upper_inside,static,static,,,155,0.0118
null,,upper_inside,static,static,,,156,0.0118
null,,upper_inside,static,static,,,157,0.0118
null,,upper_inside,static,static,,,158,0.0118
null,,upper_inside,static,static,,,159,0.0118
null,,upper_inside,static,static,,,160,0.0118
null,,upper_inside,static,static,,,161,0.0118
null,,upper_inside,static,static,,,162,0.0118
null,,upper_inside,static,static,,,163,0.0118
null,,upper_inside,static,static,,,164,0.0118
null,,upper_inside,static,static,,,165,0.0118
null,,upper_inside,static,static,,,166,0.0118
null,,upper_inside,static,static,,,167,0.0118
null,,upper_inside,static,static,,,168,0.0118
null,,upper_inside,static,static,,,169,0.0118
null,,upper_inside,static,static,,,170,0.0118
null,,upper_inside,static,static,,,171,0.0118
null,,upper_inside,static,static,,,172,0.0118
null,,upper_inside,static,static,,,173,0.0118
null,,upper_inside,static,static,,,174,0.0118
null,,upper_inside,static,static,,,175,0.0118
null,,upper_inside,static,static,,,176,0.0118
null,,upper_inside,static,static,,,177,0.0118
null,,upper_inside,static,static,,,178,0.0118
null,,upper_inside,static,static,,,179,0.0118
null,,upper_inside,static,static,,,180,0.0118
null,,upper_inside,static,static,,,181,0.0118
null,,upper_inside,static,static,,,182,0.0118
null,,upper_inside,static,static,,,183,0.0118
null,,upper_inside,static,static,,,184,0.0118
null,,upper_inside,static,static,,,185,0.0118
null,,upper_inside,static,static,,,186,0.0118
null,,upper_inside,static,static,,,187,0.0118
null,,upper_inside,static,static,,,188,0.0118
null,,upper_inside,static,static,,,189,0.0118
null,,upper_inside,static,static,,,190,0.0118
null,,upper_inside,static,static,,,191,0.0118
null,,upper_inside,static,static,,,192,0.0118
null,,upper_inside,static,static,,,193,0.0118
null,,upper_inside,static,static,,,194,0.0118
null,,upper_inside,static,static,,,195,0.0118
null,,upper_inside,static,static,,,196,0.0118
null,,upper_inside,static,static,,,197,0.0118
null,,upper_inside,static,static,,,198,0.0118
null,,upper_inside,static,static,,,199,0.0118
null,,upper_inside,static,static,,,200,0.0118
null,,upper_inside,primary_baseline,band_mix,0.045,,1,0.0
null,,upper_inside,primary_baseline,band_mix,0.045,,2,0.0
null,,upper_inside,primary_baseline,band_mix,0.045,,3,0.0
null,,upper_inside,primary_baseline,band_mix,0.045,,4,0.0
null,,upper_inside,primary_baseline,band_mix,0.045,,5,0.0
null,,upper_inside,primary_baseline,band_mix,0.045,,6,0.0
null,,upper_inside,primary_baseline,band_mix,0.045,,7,0.0
null,,upper_inside,primary_baseline,band_mix,0.045,,8,0.0
null,,upper_inside,primary_baseline,band_mix,0.045,,9,0.0
null,,upper_inside,primary_baseline,band_mix,0.045,,10,0.0
null,,upper_inside,primary_baseline,band_mix,0.045,,11,0.0
null,,upper_inside,primary_baseline,band_mix,0.045,,12,0.0
null,,upper_inside,primary_baseline,band_mix,0.045,,13,0.0
null,,upper_inside,primary_baseline,band_mix,0.045,,14,0.0
null,,upper_inside,primary_baseline,band_mix,0.045,,15,0.0
null,,upper_inside,primary_baseline,band_mix,0.045,,16,0.0
null,,upper_inside,primary_baseline,band_mix,0.045,,17,0.0
null,,upper_inside,primary_baseline,band_mix,0.045,,18,0.0
null,,upper_inside,primary_baseline,band_mix,0.045,,19,0.0
null,,upper_inside,primary_baseline,band_mix,0.045,,20,0.0
null,,upper_inside,primary_baseline,band_mix,0.045,,21,0.0
null,,upper_inside,primary_baseline,band_mix,0.045,,22,0.0
null,,upper_inside,primary_baseline,band_mix,0.045,,23,0.0
null,,upper_inside,primary_baseline,band_mix,0.045,,24,0.0
null,,upper_inside,primary_baseline,band_mix,0.045,,25,0.0
null,,upper_inside,primary_baseline,band_mix,0.045,,26,0.0
null,,upper_inside,primary_baseline,band_mix,0.045,,27,0.0
null,,upper_inside,primary_baseline,band_mix,0.045,,28,0.0
null,,upper_inside,primary_baseline,band_mix,0.045,,29,0.0
null,,upper_inside,primary_baseline,band_mix,0.045,,30,0.0
null,,upper_inside,primary_baseline,band_mix,0.045,,31,0.0
null,,upper_inside,primary_baseline,band_mix,0.045,,32,0.0
null,,upper_inside,primary_baseline,band_mix,0.045,,33,0.0
null,,upper_inside,primary_baseline,band_mix,0.045,,34,0.0
null,,upper_inside,primary_baseline,band_mix,0.045,,35,0.0
null,,upper_inside,primary_baseline,band_mix,0.045,,36,0.0
null,,upper_inside,primary_baseline,band_mix,0.045,,37,0.0
null,,upper_inside,primary_baseline,band_mix,0.045,,38,0.0
null,,upper_inside,primary_baseline,band_mix,0.045,,39,0.0
null,,upper_inside,primary_baseline,band_mix,0.045,,40,0.0
null,,upper_inside,primary_baseline,band_mix,0.045,,41,0.0
null,,upper_inside,primary_baseline,band_mix,0.045,,42,0.0
null,,upper_inside,primary_baseline,band_mix,0.045,,43,0.0
null,,upper_inside,primary_baseline,band_mix,0.045,,44,0.0
null,,upper_inside,primary_baseline,band_mix,0.045,,45,0.0
null,,upper_inside,primary_baseline,band_mix,0.045,,46,0.0
null,,upper_inside,primary_baseline,band_mix,0.045,,47,0.0
null,,upper_inside,primary_baseline,band_mix,0.045,,48,0.0
null,,upper_inside,primary_baseline,band_mix,0.045,,49,0.0
null,,upper_inside,primary_baseline,band_mix,0.045,,50,0.0
null,,upper_inside,primary_baseline,band_mix,0.045,,51,0.0
null,,upper_inside,primary_baseline,band_mix,0.045,,52,0.0
null,,upper_inside,primary_baseline,band_mix,0.045,,53,0.0
null,,upper_inside,primary_baseline,band_mix,0.045,,54,0.0
null,,upper_inside,primary_baseline,band_mix,0.045,,55,0.0
null,,upper_inside,primary_baseline,band_mix,0.045,,56,0.0
null,,upper_inside,primary_baseline,band_mix,0.045,,57,0.0
null,,upper_inside,primary_baseline,band_mix,0.045,,58,0.0
null,,upper_inside,primary_baseline,band_mix,0.045,,59,0.0
null,,upper_inside,primary_baseline,band_mix,0.045,,60,0.0
null,,upper_inside,primary_baseline,band_mix,0.045,,61,0.0
null,,upper_inside,primary_baseline,band_mix,0.045,,62,0.0
null,,upper_inside,primary_baseline,band_mix,0.045,,63,0.0
null,,upper_inside,primary_baseline,band_mix,0.045,,64,0.0
null,,upper_inside,primary_baseline,band_mix,0.045,,65,0.0
null,,upper_inside,primary_baseline,band_mix,0.045,,66,0.0
null,,upper_inside,primary_baseline,band_mix,0.045,,67,0.0
null,,upper_inside,primary_baseline,band_mix,0.045,,68,0.0
null,,upper_inside,primary_baseline,band_mix,0.045,,69,0.0
null,,upper_inside,primary_baseline,band_mix,0.045,,70,0.0
null,,upper_inside,primary_baseline,band_mix,0.045,,71,0.0
null,,upper_inside,primary_baseline,band_mix,0.045,,72,0.0
null,,upper_inside,primary_baseline,band_mix,0.045,,73,0.0
null,,upper_inside,primary_baseline,band_mix,0.045,,74,0.0
null,,upper_inside,primary_baseline,band_mix,0.045,,75,0.0
null,,upper_inside,primary_baseline,band_mix,0.045,,76,0.0
null,,upper_inside,primary_baseline,band_mix,0.045,,77,0.0
null,,upper_inside,primary_baseline,band_mix,0.045,,78,0.0
null,,upper_inside,primary_baseline,band_mix,0.045,,79,0.0
null,,upper_inside,primary_baseline,band_mix,0.045,,80,0.0
null,,upper_inside,primary_baseline,band_mix,0.045,,81,0.0
null,,upper_inside,primary_baseline,band_mix,0.045,,82,0.0
null,,upper_inside,primary_baseline,band_mix,0.045,,83,0.0
null,,upper_inside,primary_baseline,band_mix,0.045,,84,0.0
null,,upper_inside,primary_baseline,band_mix,0.045,,85,0.0
null,,upper_inside,primary_baseline,band_mix,0.045,,86,0.0
null,,upper_inside,primary_baseline,band_mix,0.045,,87,0.0
null,,upper_inside,primary_baseline,band_mix,0.045,,88,0.0
null,,upper_inside,primary_baseline,band_mix,0.045,,89,0.0
null,,upper_inside,primary_baseline,band_mix,0.045,,90,0.0
null,,upper_inside,primary_baseline,band_mix,0.045,,91,0.0
null,,upper_inside,primary_baseline,band_mix,0.045,,92,0.0
null,,upper_inside,primary_baseline,band_mix,0.045,,93,0.0
null,,upper_inside,primary_baseline,band_mix,0.045,,94,0.0
null,,upper_inside,primary_baseline,band_mix,0.045,,95,0.0
null,,upper_inside,primary_baseline,band_mix,0.045,,96,0.0
null,,upper_inside,primary_baseline,band_mix,0.045,,97,0.0
null,,upper_inside,primary_baseline,band_mix,0.045,,98,0.0
null,,upper_inside,primary_baseline,band_mix,0.045,,99,0.0
null,,upper_inside,primary_baseline,band_mix,0.045,,100,0.0
null,,upper_inside,primary_baseline,band_mix,0.045,,101,0.0
null,,upper_inside,primary_baseline,band_mix,0.045,,102,0.0
null,,upper_inside,primary_baseline,band_mix,0.045,,103,0.0
null,,upper_inside,primary_baseline,band_mix,0.045,,104,0.0
null,,upper_inside,primary_baseline,band_mix,0.045,,105,0.0
null,,upper_inside,primary_baseline,band_mix,0.045,,106,0.0
null,,upper_inside,primary_baseline,band_mix,0.045,,107,0.0
null,,upper_inside,primary_baseline,band_mix,0.045,,108,0.0
null,,upper_inside,primary_baseline,band_mix,0.045,,109,0.0
null,,upper_inside,primary_baseline,band_mix,0.045,,110,0.0
null,,upper_inside,primary_baseline,band_mix,0.045,,111,0.0
null,,upper_inside,primary_baseline,band_mix,0.045,,112,0.0
null,,upper_inside,primary_baseline,band_mix,0.045,,113,0.0
null,,upper_inside,primary_baseline,band_mix,0.045,,114,0.0
null,,upper_inside,primary_baseline,band_mix,0.045,,115,0.0
null,,upper_inside,primary_baseline,band_mix,0.045,,116,0.0
null,,upper_inside,primary_baseline,band_mix,0.045,,117,0.0
null,,upper_inside,primary_baseline,band_mix,0.045,,118,0.0
null,,upper_inside,primary_baseline,band_mix,0.045,,119,0.0
null,,upper_inside,primary_baseline,band_mix,0.045,,120,0.0
null,,upper_inside,primary_baseline,band_mix,0.045,,121,0.0
null,,upper_inside,primary_baseline,band_mix,0.045,,122,0.0
null,,upper_inside,primary_baseline,band_mix,0.045,,123,0.0
null,,upper_inside,primary_baseline,band_mix,0.045,,124,0.0
null,,upper_inside,primary_baseline,band_mix,0.045,,125,0.0
null,,upper_inside,primary_baseline,band_mix,0.045,,126,0.0
null,,upper_inside,primary_baseline,band_mix,0.045,,127,0.0
null,,upper_inside,primary_baseline,band_mix,0.045,,128,0.0
null,,upper_inside,primary_baseline,band_mix,0.045,,129,0.0
null,,upper_inside,primary_baseline,band_mix,0.045,,130,0.0
null,,upper_inside,primary_baseline,band_mix,0.045,,131,0.0
null,,upper_inside,primary_baseline,band_mix,0.045,,132,0.0
null,,upper_inside,primary_baseline,band_mix,0.045,,133,0.0
null,,upper_inside,primary_baseline,band_mix,0.045,,134,0.0
null,,upper_inside,primary_baseline,band_mix,0.045,,135,0.0
null,,upper_inside,primary_baseline,band_mix,0.045,,136,0.0
null,,upper_inside,primary_baseline,band_mix,0.045,,137,0.0
null,,upper_inside,primary_baseline,band_mix,0.045,,138,0.0
null,,upper_inside,primary_baseline,band_mix,0.045,,139,0.0
null,,upper_inside,primary_baseline,band_mix,0.045,,140,0.0
null,,upper_inside,primary_baseline,band_mix,0.045,,141,0.0
null,,upper_inside,primary_baseline,band_mix,0.045,,142,0.0
null,,upper_inside,primary_baseline,band_mix,0.045,,143,0.0
null,,upper_inside,primary_baseline,band_mix,0.045,,144,0.0
null,,upper_inside,primary_baseline,band_mix,0.045,,145,0.0
null,,upper_inside,primary_baseline,band_mix,0.045,,146,0.0
null,,upper_inside,primary_baseline,band_mix,0.045,,147,0.0
null,,upper_inside,primary_baseline,band_mix,0.045,,148,0.0
null,,upper_inside,primary_baseline,band_mix,0.045,,149,0.0
null,,upper_inside,primary_baseline,band_mix,0.045,,150,0.0
null,,upper_inside,primary_baseline,band_mix,0.045,,151,0.0
null,,upper_inside,primary_baseline,band_mix,0.045,,152,0.0
null,,upper_inside,primary_baseline,band_mix,0.045,,153,0.0
null,,upper_inside,primary_baseline,band_mix,0.045,,154,0.0
null,,upper_inside,primary_baseline,band_mix,0.045,,155,0.0
null,,upper_inside,primary_baseline,band_mix,0.045,,156,0.0
null,,upper_inside,primary_baseline,band_mix,0.045,,157,0.0
null,,upper_inside,primary_baseline,band_mix,0.045,,158,0.0
null,,upper_inside,primary_baseline,band_mix,0.045,,159,0.0
null,,upper_inside,primary_baseline,band_mix,0.045,,160,0.0
null,,upper_inside,primary_baseline,band_mix,0.045,,161,0.0
null,,upper_inside,primary_baseline,band_mix,0.045,,162,0.0
null,,upper_inside,primary_baseline,band_mix,0.045,,163,0.0
null,,upper_inside,primary_baseline,band_mix,0.045,,164,0.0
null,,upper_inside,primary_baseline,band_mix,0.045,,165,0.0
null,,upper_inside,primary_baseline,band_mix,0.045,,166,0.0
null,,upper_inside,primary_baseline,band_mix,0.045,,167,0.0
null,,upper_inside,primary_baseline,band_mix,0.045,,168,0.0
null,,upper_inside,primary_baseline,band_mix,0.045,,169,0.0
null,,upper_inside,primary_baseline,band_mix,0.045,,170,0.0
null,,upper_inside,primary_baseline,band_mix,0.045,,171,0.0
null,,upper_inside,primary_baseline,band_mix,0.045,,172,0.0
null,,upper_inside,primary_baseline,band_mix,0.045,,173,0.0
null,,upper_inside,primary_baseline,band_mix,0.045,,174,0.0
null,,upper_inside,primary_baseline,band_mix,0.045,,175,0.0
null,,upper_inside,primary_baseline,band_mix,0.045,,176,0.0
null,,upper_inside,primary_baseline,band_mix,0.045,,177,0.0
null,,upper_inside,primary_baseline,band_mix,0.045,,178,0.0
null,,upper_inside,primary_baseline,band_mix,0.045,,179,0.0
null,,upper_inside,primary_baseline,band_mix,0.045,,180,0.0
null,,upper_inside,primary_baseline,band_mix,0.045,,181,0.0
null,,upper_inside,primary_baseline,band_mix,0.045,,182,0.0
null,,upper_inside,primary_baseline,band_mix,0.045,,183,0.0
null,,upper_inside,primary_baseline,band_mix,0.045,,184,0.0
null,,upper_inside,primary_baseline,band_mix,0.045,,185,0.0
null,,upper_inside,primary_baseline,band_mix,0.045,,186,0.0
null,,upper_inside,primary_baseline,band_mix,0.045,,187,0.0
null,,upper_inside,primary_baseline,band_mix,0.045,,188,0.0
null,,upper_inside,primary_baseline,band_mix,0.045,,189,0.0
null,,upper_inside,primary_baseline,band_mix,0.045,,190,0.0
null,,upper_inside,primary_baseline,band_mix,0.045,,191,0.0
null,,upper_inside,primary_baseline,band_mix,0.045,,192,0.0
null,,upper_inside,primary_baseline,band_mix,0.045,,193,0.0
null,,upper_inside,primary_baseline,band_mix,0.045,,194,0.0
null,,upper_inside,primary_baseline,band_mix,0.045,,195,0.0
null,,upper_inside,primary_baseline,band_mix,0.045,,196,0.0
null,,upper_inside,primary_baseline,band_mix,0.045,,197,0.0
null,,upper_inside,primary_baseline,band_mix,0.045,,198,0.0
null,,upper_inside,primary_baseline,band_mix,0.045,,199,0.0
null,,upper_inside,primary_baseline,band_mix,0.045,,200,0.0
null,,upper_inside,best_grid_T200,band_ons,0.005,,1,0.0
null,,upper_inside,best_grid_T200,band_ons,0.005,,2,0.0
null,,upper_inside,best_grid_T200,band_ons,0.005,,3,0.0
null,,upper_inside,best_grid_T200,band_ons,0.005,,4,0.0
null,,upper_inside,best_grid_T200,band_ons,0.005,,5,0.0
null,,upper_inside,best_grid_T200,band_ons,0.005,,6,0.0
null,,upper_inside,best_grid_T200,band_ons,0.005,,7,0.0
null,,upper_inside,best_grid_T200,band_ons,0.005,,8,0.0
null,,upper_inside,best_grid_T200,band_ons,0.005,,9,0.0
null,,upper_inside,best_grid_T200,band_ons,0.005,,10,0.0
null,,upper_inside,best_grid_T200,band_ons,0.005,,11,0.0
null,,upper_inside,best_grid_T200,band_ons,0.005,,12,0.0
null,,upper_inside,best_grid_T200,band_ons,0.005,,13,0.0
null,,upper_inside,best_grid_T200,band_ons,0.005,,14,0.0
null,,upper_inside,best_grid_T200,band_ons,0.005,,15,0.0
null,,upper_inside,best_grid_T200,band_ons,0.005,,16,0.0
null,,upper_inside,best_grid_T200,band_ons,0.005,,17,0.0
null,,upper_inside,best_grid_T200,band_ons,0.005,,18,0.0
null,,upper_inside,best_grid_T200,band_ons,0.005,,19,0.0
null,,upper_inside,best_grid_T200,band_ons,0.005,,20,0.0
null,,upper_inside,best_grid_T200,band_ons,0.005,,21,0.0
null,,upper_inside,best_grid_T200,band_ons,0.005,,22,0.0
null,,upper_inside,best_grid_T200,band_ons,0.005,,23,0.0
null,,upper_inside,best_grid_T200,band_ons,0.005,,24,0.0
null,,upper_inside,best_grid_T200,band_ons,0.005,,25,0.0
null,,upper_inside,best_grid_T200,band_ons,0.005,,26,0.0
null,,upper_inside,best_grid_T200,band_ons,0.005,,27,0.0
null,,upper_inside,best_grid_T200,band_ons,0.005,,28,0.0
null,,upper_inside,best_grid_T200,band_ons,0.005,,29,0.0
null,,upper_inside,best_grid_T200,band_ons,0.005,,30,0.0
null,,upper_inside,best_grid_T200,band_ons,0.005,,31,0.0
null,,upper_inside,best_grid_T200,band_ons,0.005,,32,0.0
null,,upper_inside,best_grid_T200,band_ons,0.005,,33,0.0
null,,upper_inside,best_grid_T200,band_ons,0.005,,34,0.0
null,,upper_inside,best_grid_T200,band_ons,0.005,,35,0.0
null,,upper_inside,best_grid_T200,band_ons,0.005,,36,0.0
null,,upper_inside,best_grid_T200,band_ons,0.005,,37,0.0
null,,upper_inside,best_grid_T200,band_ons,0.005,,38,0.0
null,,upper_inside,best_grid_T200,band_ons,0.005,,39,0.0
null,,upper_inside,best_grid_T200,band_ons,0.005,,40,0.0
null,,upper_inside,best_grid_T200,band_ons,0.005,,41,0.0
null,,upper_inside,best_grid_T200,band_ons,0.005,,42,0.0
null,,upper_inside,best_grid_T200,band_ons,0.005,,43,0.0
null,,upper_inside,best_grid_T200,band_ons,0.005,,44,0.0
null,,upper_inside,best_grid_T200,band_ons,0.005,,45,0.0
null,,upper_inside,best_grid_T200,band_ons,0.005,,46,0.0
null,,upper_inside,best_grid_T200,band_ons,0.005,,47,0.0
null,,upper_inside,best_grid_T200,band_ons,0.005,,48,0.0
null,,upper_inside,best_grid_T200,band_ons,0.005,,49,0.0
null,,upper_inside,best_grid_T200,band_ons,0.005,,50,0.0
null,,upper_inside,best_grid_T200,band_ons,0.005,,51,0.0
null,,upper_inside,best_grid_T200,band_ons,0.005,,52,0.0
null,,upper_inside,best_grid_T200,band_ons,0.005,,53,0.0
null,,upper_inside,best_grid_T200,band_ons,0.005,,54,0.0
null,,upper_inside,best_grid_T200,band_ons,0.005,,55,0.0
null,,upper_inside,best_grid_T200,band_ons,0.005,,56,0.0
null,,upper_inside,best_grid_T200,band_ons,0.005,,57,0.0
null,,upper_inside,best_grid_T200,band_ons,0.005,,58,0.0
null,,upper_inside,best_grid_T200,band_ons,0.005,,59,0.0
null,,upper_inside,best_grid_T200,band_ons,0.005,,60,0.0
null,,upper_inside,best_grid_T200,band_ons,0.005,,61,0.0
null,,upper_inside,best_grid_T200,band_ons,0.005,,62,0.0
null,,upper_inside,best_grid_T200,band_ons,0.005,,63,0.0
null,,upper_inside,best_grid_T200,band_ons,0.005,,64,0.0
null,,upper_inside,best_grid_T200,band_ons,0.005,,65,0.0
null,,upper_inside,best_grid_T200,band_ons,0.005,,66,0.0
null,,upper_inside,best_grid_T200,band_ons,0.005,,67,0.0
null,,upper_inside,best_grid_T200,band_ons,0.005,,68,0.0
null,,upper_inside,best_grid_T200,band_ons,0.005,,69,0.0
null,,upper_inside,best_grid_T200,band_ons,0.005,,70,0.0
null,,upper_inside,best_grid_T200,band_ons,0.005,,71,0.0
null,,upper_inside,best_grid_T200,band_ons,0.005,,72,0.0
null,,upper_inside,best_grid_T200,band_ons,0.005,,73,0.0
null,,upper_inside,best_grid_T200,band_ons,0.005,,74,0.0
null,,upper_inside,best_grid_T200,band_ons,0.005,,75,0.0
null,,upper_inside,best_grid_T200,band_ons,0.005,,76,0.0
null,,upper_inside,best_grid_T200,band_ons,0.005,,77,0.0
null,,upper_inside,best_grid_T200,band_ons,0.005,,78,0.0
null,,upper_inside,best_grid_T200,band_ons,0.005,,79,0.0
null,,upper_inside,best_grid_T200,band_ons,0.005,,80,0.0
null,,upper_inside,best_grid_T200,band_ons,0.005,,81,0.0
null,,upper_inside,best_grid_T200,band_ons,0.005,,82,0.0
null,,upper_inside,best_grid_T200,band_ons,0.005,,83,0.0
null,,upper_inside,best_grid_T200,band_ons,0.005,,84,0.0
null,,upper_inside,best_grid_T200,band_ons,0.005,,85,0.0
null,,upper_inside,best_grid_T200,band_ons,0.005,,86,0.0
null,,upper_inside,best_grid_T200,band_ons,0.005,,87,0.0
null,,upper_inside,best_grid_T200,band_ons,0.005,,88,0.0
null,,upper_inside,best_grid_T200,band_ons,0.005,,89,0.0
null,,upper_inside,best_grid_T200,band_ons,0.005,,90,0.0
null,,upper_inside,best_grid_T200,band_ons,0.005,,91,0.0
null,,upper_inside,best_grid_T200,band_ons,0.005,,92,0.0
null,,upper_inside,best_grid_T200,band_ons,0.005,,93,0.0
null,,upper_inside,best_grid_T200,band_ons,0.005,,94,0.0
null,,upper_inside,best_grid_T200,band_ons,0.005,,95,0.0
null,,upper_inside,best_grid_T200,band_ons,0.005,,96,0.0
null,,upper_inside,best_grid_T200,band_ons,0.005,,97,0.0
null,,upper_inside,best_grid_T200,band_ons,0.005,,98,0.0
null,,upper_inside,best_grid_T200,band_ons,0.005,,99,0.0
null,,upper_inside,best_grid_T200,band_ons,0.005,,100,0.0
null,,upper_inside,best_grid_T200,band_ons,0.005,,101,0.0
null,,upper_inside,best_grid_T200,band_ons,0.005,,102,0.0
null,,upper_inside,best_grid_T200,band_ons,0.005,,103,0.0
null,,upper_inside,best_grid_T200,band_ons,0.005,,104,0.0
null,,upper_inside,best_grid_T200,band_ons,0.005,,105,0.0
null,,upper_inside,best_grid_T200,band_ons,0.005,,106,0.0
null,,upper_inside,best_grid_T200,band_ons,0.005,,107,0.0
null,,upper_inside,best_grid_T200,band_ons,0.005,,108,0.0
null,,upper_inside,best_grid_T200,band_ons,0.005,,109,0.0
null,,upper_inside,best_grid_T200,band_ons,0.005,,110,0.0
null,,upper_inside,best_grid_T200,band_ons,0.005,,111,0.0
null,,upper_inside,best_grid_T200,band_ons,0.005,,112,0.0
null,,upper_inside,best_grid_T200,band_ons,0.005,,113,0.0
null,,upper_inside,best_grid_T200,band_ons,0.005,,114,0.0
null,,upper_inside,best_grid_T200,band_ons,0.005,,115,0.0
null,,upper_inside,best_grid_T200,band_ons,0.005,,116,0.0
null,,upper_inside,best_grid_T200,band_ons,0.005,,117,0.0
null,,upper_inside,best_grid_T200,band_ons,0.005,,118,0.0
null,,upper_inside,best_grid_T200,band_ons,0.005,,119,0.0
null,,upper_inside,best_grid_T200,band_ons,0.005,,120,0.0
null,,upper_inside,best_grid_T200,band_ons,0.005,,121,0.0
null,,upper_inside,best_grid_T200,band_ons,0.005,,122,0.0
null,,upper_inside,best_grid_T200,band_ons,0.005,,123,0.0
null,,upper_inside,best_grid_T200,band_ons,0.005,,124,0.0
null,,upper_inside,best_grid_T200,band_ons,0.005,,125,0.0
null,,upper_inside,best_grid_T200,band_ons,0.005,,126,0.0
null,,upper_inside,best_grid_T200,band_ons,0.005,,127,0.0
null,,upper_inside,best_grid_T200,band_ons,0.005,,128,0.0
null,,upper_inside,best_grid_T200,band_ons,0.005,,129,0.0
null,,upper_inside,best_grid_T200,band_ons,0.005,,130,0.0
null,,upper_inside,best_grid_T200,band_ons,0.005,,131,0.0
null,,upper_inside,best_grid_T200,band_ons,0.005,,132,0.0
null,,upper_inside,best_grid_T200,band_ons,0.005,,133,0.0
null,,upper_inside,best_grid_T200,band_ons,0.005,,134,0.0
null,,upper_inside,best_grid_T200,band_ons,0.005,,135,0.0
null,,upper_inside,best_grid_T200,band_ons,0.005,,136,0.0
null,,upper_inside,best_grid_T200,band_ons,0.005,,137,0.0
null,,upper_inside,best_grid_T200,band_ons,0.005,,138,0.0
null,,upper_inside,best_grid_T200,band_ons,0.005,,139,0.0
null,,upper_inside,best_grid_T200,band_ons,0.005,,140,0.0
null,,upper_inside,best_grid_T200,band_ons,0.005,,141,0.0
null,,upper_inside,best_grid_T200,band_ons,0.005,,142,0.0
null,,upper_inside,best_grid_T200,band_ons,0.005,,143,0.0
null,,upper_inside,best_grid_T200,band_ons,0.005,,144,0.0
null,,upper_inside,best_grid_T200,band_ons,0.005,,145,0.0
null,,upper_inside,best_grid_T200,band_ons,0.005,,146,0.0
null,,upper_inside,best_grid_T200,band_ons,0.005,,147,0.0
null,,upper_inside,best_grid_T200,band_ons,0.005,,148,0.0
null,,upper_inside,best_grid_T200,band_ons,0.005,,149,0.0
null,,upper_inside,best_grid_T200,band_ons,0.005,,150,0.0
null,,upper_inside,best_grid_T200,band_ons,0.005,,151,0.0
null,,upper_inside,best_grid_T200,band_ons,0.005,,152,0.0
null,,upper_inside,best_grid_T200,band_ons,0.005,,153,0.0
null,,upper_inside,best_grid_T200,band_ons,0.005,,154,0.0
null,,upper_inside,best_grid_T200,band_ons,0.005,,155,0.0
null,,upper_inside,best_grid_T200,band_ons,0.005,,156,0.0
null,,upper_inside,best_grid_T200,band_ons,0.005,,157,0.0
null,,upper_inside,best_grid_T200,band_ons,0.005,,158,0.0
null,,upper_inside,best_grid_T200,band_ons,0.005,,159,0.0
null,,upper_inside,best_grid_T200,band_ons,0.005,,160,0.0
null,,upper_inside,best_grid_T200,band_ons,0.005,,161,0.0
null,,upper_inside,best_grid_T200,band_ons,0.005,,162,0.0
null,,upper_inside,best_grid_T200,band_ons,0.005,,163,0.0
null,,upper_inside,best_grid_T200,band_ons,0.005,,164,0.0
null,,upper_inside,best_grid_T200,band_ons,0.005,,165,0.0
null,,upper_inside,best_grid_T200,band_ons,0.005,,166,0.0
null,,upper_inside,best_grid_T200,band_ons,0.005,,167,0.0
null,,upper_inside,best_grid_T200,band_ons,0.005,,168,0.0
null,,upper_inside,best_grid_T200,band_ons,0.005,,169,0.0
null,,upper_inside,best_grid_T200,band_ons,0.005,,170,0.0
null,,upper_inside,best_grid_T200,band_ons,0.005,,171,0.0
null,,upper_inside,best_grid_T200,band_ons,0.005,,172,0.0
null,,upper_inside,best_grid_T200,band_ons,0.005,,173,0.0
null,,upper_inside,best_grid_T200,band_ons,0.005,,174,0.0
null,,upper_inside,best_grid_T200,band_ons,0.005,,175,0.0
null,,upper_inside,best_grid_T200,band_ons,0.005,,176,0.0
null,,upper_inside,best_grid_T200,band_ons,0.005,,177,0.0
null,,upper_inside,best_grid_T200,band_ons,0.005,,178,0.0
null,,upper_inside,best_grid_T200,band_ons,0.005,,179,0.0
null,,upper_inside,best_grid_T200,band_ons,0.005,,180,0.0
null,,upper_inside,best_grid_T200,band_ons,0.005,,181,0.0
null,,upper_inside,best_grid_T200,band_ons,0.005,,182,0.0
null,,upper_inside,best_grid_T200,band_ons,0.005,,183,0.0
null,,upper_inside,best_grid_T200,band_ons,0.005,,184,0.0
null,,upper_inside,best_grid_T200,band_ons,0.005,,185,0.0
null,,upper_inside,best_grid_T200,band_ons,0.005,,186,0.0
null,,upper_inside,best_grid_T200,band_ons,0.005,,187,0.0
null,,upper_inside,best_grid_T200,band_ons,0.005,,188,0.0
null,,upper_inside,best_grid_T200,band_ons,0.005,,189,0.0
null,,upper_inside,best_grid_T200,band_ons,0.005,,190,0.0
null,,upper_inside,best_grid_T200,band_ons,0.005,,191,0.0
null,,upper_inside,best_grid_T200,band_ons,0.005,,192,0.0
null,,upper_inside,best_grid_T200,band_ons,0.005,,193,0.0
null,,upper_inside,best_grid_T200,band_ons,0.005,,194,0.0
null,,upper_inside,best_grid_T200,band_ons,0.005,,195,0.0
null,,upper_inside,best_grid_T200,band_ons,0.005,,196,0.0
null,,upper_inside,best_grid_T200,band_ons,0.005,,197,0.0
null,,upper_inside,best_grid_T200,band_ons,0.005,,198,0.0
null,,upper_inside,best_grid_T200,band_ons,0.005,,199,0.0
null,,upper_inside,best_grid_T200,band_ons,0.005,,200,0.0
null,,upper_inside,oracle,oracle,,,1,0.0
null,,upper_inside,oracle,oracle,,,2,0.0
null,,upper_inside,oracle,oracle,,,3,0.0038
null,,upper_inside,oracle,oracle,,,4,0.0082
null,,upper_inside,oracle,oracle,,,5,0.0108
null,,upper_inside,oracle,oracle,,,6,0.0126
null,,upper_inside,oracle,oracle,,,7,0.014
null,,upper_inside,oracle,oracle,,,8,0.0158
null,,upper_inside,oracle,oracle,,,9,0.0176
null,,upper_inside,oracle,oracle,,,10,0.0186
null,,upper_inside,oracle,oracle,,,11,0.019
null,,upper_inside,oracle,oracle,,,12,0.0198
null,,upper_inside,oracle,oracle,,,13,0.0202
null,,upper_inside,oracle,oracle,,,14,0.0208
null,,upper_inside,oracle,oracle,,,15,0.021
null,,upper_inside,oracle,oracle,,,16,0.0214
null,,upper_inside,oracle,oracle,,,17,0.022
null,,upper_inside,oracle,oracle,,,18,0.0222
null,,upper_inside,oracle,oracle,,,19,0.0226
null,,upper_inside,oracle,oracle,,,20,0.0228
null,,upper_inside,oracle,oracle,,,21,0.023
null,,upper_inside,oracle,oracle,,,22,0.0232
null,,upper_inside,oracle,oracle,,,23,0.0234
null,,upper_inside,oracle,oracle,,,24,0.0236
null,,upper_inside,oracle,oracle,,,25,0.0242
null,,upper_inside,oracle,oracle,,,26,0.0244
null,,upper_inside,oracle,oracle,,,27,0.0244
null,,upper_inside,oracle,oracle,,,28,0.0252
null,,upper_inside,oracle,oracle,,,29,0.0256
null,,upper_inside,oracle,oracle,,,30,0.0256
null,,upper_inside,oracle,oracle,,,31,0.0258
null,,upper_inside,oracle,oracle,,,32,0.0262
null,,upper_inside,oracle,oracle,,,33,0.0262
null,,upper_inside,oracle,oracle,,,34,0.0262
null,,upper_inside,oracle,oracle,,,35,0.0264
null,,upper_inside,oracle,oracle,,,36,0.0268
null,,upper_inside,oracle,oracle,,,37,0.027
null,,upper_inside,oracle,oracle,,,38,0.0272
null,,upper_inside,oracle,oracle,,,39,0.0272
null,,upper_inside,oracle,oracle,,,40,0.0272
null,,upper_inside,oracle,oracle,,,41,0.0272
null,,upper_inside,oracle,oracle,,,42,0.0276
null,,upper_inside,oracle,oracle,,,43,0.0278
null,,upper_inside,oracle,oracle,,,44,0.0282
null,,upper_inside,oracle,oracle,,,45,0.0282
null,,upper_inside,oracle,oracle,,,46,0.0282
null,,upper_inside,oracle,oracle,,,47,0.0284
null,,upper_inside,oracle,oracle,,,48,0.0284
null,,upper_inside,oracle,oracle,,,49,0.029
null,,upper_inside,oracle,oracle,,,50,0.029
null,,upper_inside,oracle,oracle,,,51,0.029
null,,upper_inside,oracle,oracle,,,52,0.029
null,,upper_inside,oracle,oracle,,,53,0.0292
null,,upper_inside,oracle,oracle,,,54,0.0292
null,,upper_inside,oracle,oracle,,,55,0.0292
null,,upper_inside,oracle,oracle,,,56,0.0294
null,,upper_inside,oracle,oracle,,,57,0.0296
null,,upper_inside,oracle,oracle,,,58,0.03
null,,upper_inside,oracle,oracle,,,59,0.0306
null,,upper_inside,oracle,oracle,,,60,0.0306
null,,upper_inside,oracle,oracle,,,61,0.0306
null,,upper_inside,oracle,oracle,,,62,0.0308
null,,upper_inside,oracle,oracle,,,63,0.0312
null,,upper_inside,oracle,oracle,,,64,0.0312
null,,upper_inside,oracle,oracle,,,65,0.0312
null,,upper_inside,oracle,oracle,,,66,0.0312
null,,upper_inside,oracle,oracle,,,67,0.0312
null,,upper_inside,oracle,oracle,,,68,0.0312
null,,upper_inside,oracle,oracle,,,69,0.0312
null,,upper_inside,oracle,oracle,,,70,0.0312
null,,upper_inside,oracle,oracle,,,71,0.0312
null,,upper_inside,oracle,oracle,,,72,0.0314
null,,upper_inside,oracle,oracle,,,73,0.0316
null,,upper_inside,oracle,oracle,,,74,0.0316
null,,upper_inside,oracle,oracle,,,75,0.0316
null,,upper_inside,oracle,oracle,,,76,0.0316
null,,upper_inside,oracle,oracle,,,77,0.0316
null,,upper_inside,oracle,oracle,,,78,0.0316
null,,upper_inside,oracle,oracle,,,79,0.0316
null,,upper_inside,oracle,oracle,,,80,0.0316
null,,upper_inside,oracle,oracle,,,81,0.0316
null,,upper_inside,oracle,oracle,,,82,0.0316
null,,upper_inside,oracle,oracle,,,83,0.0316
null,,upper_inside,oracle,oracle,,,84,0.0318
null,,upper_inside,oracle,oracle,,,85,0.0318
null,,upper_inside,oracle,oracle,,,86,0.0318
null,,upper_inside,oracle,oracle,,,87,0.0318
null,,upper_inside,oracle,oracle,,,88,0.0318
null,,upper_inside,oracle,oracle,,,89,0.0318
null,,upper_inside,oracle,oracle,,,90,0.0318
null,,upper_inside,oracle,oracle,,,91,0.0318
null,,upper_inside,oracle,oracle,,,92,0.0318
null,,upper_inside,oracle,oracle,,,93,0.0318
null,,upper_inside,oracle,oracle,,,94,0.0318
null,,upper_inside,oracle,oracle,,,95,0.0318
null,,upper_inside,oracle,oracle,,,96,0.0318
null,,upper_inside,oracle,oracle,,,97,0.032
null,,upper_inside,oracle,oracle,,,98,0.032
null,,upper_inside,oracle,oracle,,,99,0.032
null,,upper_inside,oracle,oracle,,,100,0.032
null,,upper_inside,oracle,oracle,,,101,0.032
null,,upper_inside,oracle,oracle,,,102,0.0322
null,,upper_inside,oracle,oracle,,,103,0.0322
null,,upper_inside,oracle,oracle,,,104,0.0322
null,,upper_inside,oracle,oracle,,,105,0.0322
null,,upper_inside,oracle,oracle,,,106,0.0322
null,,upper_inside,oracle,oracle,,,107,0.0322
null,,upper_inside,oracle,oracle,,,108,0.0322
null,,upper_inside,oracle,oracle,,,109,0.0322
null,,upper_inside,oracle,oracle,,,110,0.0322
null,,upper_inside,oracle,oracle,,,111,0.0322
null,,upper_inside,oracle,oracle,,,112,0.0322
null,,upper_inside,oracle,oracle,,,113,0.0322
null,,upper_inside,oracle,oracle,,,114,0.0322
null,,upper_inside,oracle,oracle,,,115,0.0322
null,,upper_inside,oracle,oracle,,,116,0.0322
null,,upper_inside,oracle,oracle,,,117,0.0322
null,,upper_inside,oracle,oracle,,,118,0.0322
null,,upper_inside,oracle,oracle,,,119,0.0322
null,,upper_inside,oracle,oracle,,,120,0.0322
null,,upper_inside,oracle,oracle,,,121,0.0322
null,,upper_inside,oracle,oracle,,,122,0.0322
null,,upper_inside,oracle,oracle,,,123,0.0322
null,,upper_inside,oracle,oracle,,,124,0.0322
null,,upper_inside,oracle,oracle,,,125,0.0322
null,,upper_inside,oracle,oracle,,,126,0.0322
null,,upper_inside,oracle,oracle,,,127,0.0322
null,,upper_inside,oracle,oracle,,,128,0.0322
null,,upper_inside,oracle,oracle,,,129,0.0322
null,,upper_inside,oracle,oracle,,,130,0.0322
null,,upper_inside,oracle,oracle,,,131,0.0322
null,,upper_inside,oracle,oracle,,,132,0.0322
null,,upper_inside,oracle,oracle,,,133,0.0322
null,,upper_inside,oracle,oracle,,,134,0.0322
null,,upper_inside,oracle,oracle,,,135,0.0322
null,,upper_inside,oracle,oracle,,,136,0.0322
null,,upper_inside,oracle,oracle,,,137,0.0322
null,,upper_inside,oracle,oracle,,,138,0.0322
null,,upper_inside,oracle,oracle,,,139,0.0322
null,,upper_inside,oracle,oracle,,,140,0.0322
null,,upper_inside,oracle,oracle,,,141,0.0322
null,,upper_inside,oracle,oracle,,,142,0.0322
null,,upper_inside,oracle,oracle,,,143,0.0322
null,,upper_inside,oracle,oracle,,,144,0.0322
null,,upper_inside,oracle,oracle,,,145,0.0322
null,,upper_inside,oracle,oracle,,,146,0.0324
null,,upper_inside,oracle,oracle,,,147,0.0324
null,,upper_inside,oracle,oracle,,,148,0.0324
null,,upper_inside,oracle,oracle,,,149,0.0324
null,,upper_inside,oracle,oracle,,,150,0.0324
null,,upper_inside,oracle,oracle,,,151,0.0324
null,,upper_inside,oracle,oracle,,,152,0.0324
null,,upper_inside,oracle,oracle,,,153,0.0324
null,,upper_inside,oracle,oracle,,,154,0.0324
null,,upper_inside,oracle,oracle,,,155,0.0324
null,,upper_inside,oracle,oracle,,,156,0.0324
null,,upper_inside,oracle,oracle,,,157,0.0324
null,,upper_inside,oracle,oracle,,,158,0.0324
null,,upper_inside,oracle,oracle,,,159,0.0324
null,,upper_inside,oracle,oracle,,,160,0.0324
null,,upper_inside,oracle,oracle,,,161,0.0324
null,,upper_inside,oracle,oracle,,,162,0.0324
null,,upper_inside,oracle,oracle,,,163,0.0324
null,,upper_inside,oracle,oracle,,,164,0.0324
null,,upper_inside,oracle,oracle,,,165,0.0324
null,,upper_inside,oracle,oracle,,,166,0.0324
null,,upper_inside,oracle,oracle,,,167,0.0324
null,,upper_inside,oracle,oracle,,,168,0.0324
null,,upper_inside,oracle,oracle,,,169,0.0324
null,,upper_inside,oracle,oracle,,,170,0.0324
null,,upper_inside,oracle,oracle,,,171,0.0324
null,,upper_inside,oracle,oracle,,,172,0.0324
null,,upper_inside,oracle,oracle,,,173,0.0324
null,,upper_inside,oracle,oracle,,,174,0.0324
null,,upper_inside,oracle,oracle,,,175,0.0324
null,,upper_inside,oracle,oracle,,,176,0.0324
null,,upper_inside,oracle,oracle,,,177,0.0324
null,,upper_inside,oracle,oracle,,,178,0.0324
null,,upper_inside,oracle,oracle,,,179,0.0324
null,,upper_inside,oracle,oracle,,,180,0.0324
null,,upper_inside,oracle,oracle,,,181,0.0324
null,,upper_inside,oracle,oracle,,,182,0.0324
null,,upper_inside,oracle,oracle,,,183,0.0324
null,,upper_inside,oracle,oracle,,,184,0.0324
null,,upper_inside,oracle,oracle,,,185,0.0324
null,,upper_inside,oracle,oracle,,,186,0.0324
null,,upper_inside,oracle,oracle,,,187,0.0324
null,,upper_inside,oracle,oracle,,,188,0.0324
null,,upper_inside,oracle,oracle,,,189,0.0324
null,,upper_inside,oracle,oracle,,,190,0.0324
null,,upper_inside,oracle,oracle,,,191,0.0324
null,,upper_inside,oracle,oracle,,,192,0.0324
null,,upper_inside,oracle,oracle,,,193,0.0324
null,,upper_inside,oracle,oracle,,,194,0.0324
null,,upper_inside,oracle,oracle,,,195,0.0324
null,,upper_inside,oracle,oracle,,,196,0.0324
null,,upper_inside,oracle,oracle,,,197,0.0324
null,,upper_inside,oracle,oracle,,,198,0.0324
null,,upper_inside,oracle,oracle,,,199,0.0324
null,,upper_inside,oracle,oracle,,,200,0.0324
null,,mixed_inside,static,static,,,1,0.0
null,,mixed_inside,static,static,,,2,0.0
null,,mixed_inside,static,static,,,3,0.0024
null,,mixed_inside,static,static,,,4,0.0058
null,,mixed_inside,static,static,,,5,0.0072
null,,mixed_inside,static,static,,,6,0.0084
null,,mixed_inside,static,static,,,7,0.0088
null,,mixed_inside,static,static,,,8,0.01
null,,mixed_inside,static,static,,,9,0.011
null,,mixed_inside,static,static,,,10,0.0118
null,,mixed_inside,static,static,,,11,0.0126
null,,mixed_inside,static,static,,,12,0.0128
null,,mixed_inside,static,static,,,13,0.013
null,,mixed_inside,static,static,,,14,0.0134
null,,mixed_inside,static,static,,,15,0.0134
null,,mixed_inside,static,static,,,16,0.0136
null,,mixed_inside,static,static,,,17,0.0136
null,,mixed_inside,static,static,,,18,0.0136
null,,mixed_inside,static,static,,,19,0.0136
null,,mixed_inside,static,static,,,20,0.0136
null,,mixed_inside,static,static,,,21,0.0138
null,,mixed_inside,static,static,,,22,0.014
null,,mixed_inside,static,static,,,23,0.014
null,,mixed_inside,static,static,,,24,0.0142
null,,mixed_inside,static,static,,,25,0.0144
null,,mixed_inside,static,static,,,26,0.0144
null,,mixed_inside,static,static,,,27,0.0144
null,,mixed_inside,static,static,,,28,0.0144
null,,mixed_inside,static,static,,,29,0.0144
null,,mixed_inside,static,static,,,30,0.0144
null,,mixed_inside,static,static,,,31,0.0144
null,,mixed_inside,static,static,,,32,0.0146
null,,mixed_inside,static,static,,,33,0.0146
null,,mixed_inside,static,static,,,34,0.0146
null,,mixed_inside,static,static,,,35,0.0148
null,,mixed_inside,static,static,,,36,0.0148
null,,mixed_inside,static,static,,,37,0.0148
null,,mixed_inside,static,static,,,38,0.015
null,,mixed_inside,static,static,,,39,0.015
null,,mixed_inside,static,static,,,40,0.015
null,,mixed_inside,static,static,,,41,0.015
null,,mixed_inside,static,static,,,42,0.015
null,,mixed_inside,static,static,,,43,0.0152
null,,mixed_inside,static,static,,,44,0.0152
null,,mixed_inside,static,static,,,45,0.0152
null,,mixed_inside,static,static,,,46,0.0152
null,,mixed_inside,static,static,,,47,0.0152
null,,mixed_inside,static,static,,,48,0.0152
null,,mixed_inside,static,static,,,49,0.0152
null,,mixed_inside,static,static,,,50,0.0152
null,,mixed_inside,static,static,,,51,0.0152
null,,mixed_inside,static,static,,,52,0.0152
null,,mixed_inside,static,static,,,53,0.0152
null,,mixed_inside,static,static,,,54,0.0152
null,,mixed_inside,static,static,,,55,0.0152
null,,mixed_inside,static,static,,,56,0.0152
null,,mixed_inside,static,static,,,57,0.0152
null,,mixed_inside,static,static,,,58,0.0152
null,,mixed_inside,static,static,,,59,0.0152
null,,mixed_inside,static,static,,,60,0.0152
null,,mixed_inside,static,static,,,61,0.0152
null,,mixed_inside,static,static,,,62,0.0152
null,,mixed_inside,static,static,,,63,0.0152
null,,mixed_inside,static,static,,,64,0.0152
null,,mixed_inside,static,static,,,65,0.0152
null,,mixed_inside,static,static,,,66,0.0152
null,,mixed_inside,static,static,,,67,0.0152
null,,mixed_inside,static,static,,,68,0.0152
null,,mixed_inside,static,static,,,69,0.0152
null,,mixed_inside,static,static,,,70,0.0152
null,,mixed_inside,static,static,,,71,0.0152
null,,mixed_inside,static,static,,,72,0.0154
null,,mixed_inside,static,static,,,73,0.0154
null,,mixed_inside,static,static,,,74,0.0154
null,,mixed_inside,static,static,,,75,0.0154
null,,mixed_inside,static,static,,,76,0.0154
null,,mixed_inside,static,static,,,77,0.0154
null,,mixed_inside,static,static,,,78,0.0154
null,,mixed_inside,static,static,,,79,0.0154
null,,mixed_inside,static,static,,,80,0.0154
null,,mixed_inside,static,static,,,81,0.0154
null,,mixed_inside,static,static,,,82,0.0154
null,,mixed_inside,static,static,,,83,0.0154
null,,mixed_inside,static,static,,,84,0.0154
null,,mixed_inside,static,static,,,85,0.0154
null,,mixed_inside,static,static,,,86,0.0154
null,,mixed_inside,static,static,,,87,0.0154
null,,mixed_inside,static,static,,,88,0.0154
null,,mixed_inside,static,static,,,89,0.0154
null,,mixed_inside,static,static,,,90,0.0154
null,,mixed_inside,static,static,,,91,0.0154
null,,mixed_inside,static,static,,,92,0.0154
null,,mixed_inside,static,static,,,93,0.0154
null,,mixed_inside,static,static,,,94,0.0154
null,,mixed_inside,static,static,,,95,0.0154
null,,mixed_inside,static,static,,,96,0.0154
null,,mixed_inside,static,static,,,97,0.0154
null,,mixed_inside,static,static,,,98,0.0154
null,,mixed_inside,static,static,,,99,0.0154
null,,mixed_inside,static,static,,,100,0.0154
null,,mixed_inside,static,static,,,101,0.0154
null,,mixed_inside,static,static,,,102,0.0154
null,,mixed_inside,static,static,,,103,0.0154
null,,mixed_inside,static,static,,,104,0.0154
null,,mixed_inside,static,static,,,105,0.0156
null,,mixed_inside,static,static,,,106,0.0156
null,,mixed_inside,static,static,,,107,0.0156
null,,mixed_inside,static,static,,,108,0.0156
null,,mixed_inside,static,static,,,109,0.0156
null,,mixed_inside,static,static,,,110,0.0156
null,,mixed_inside,static,static,,,111,0.0156
null,,mixed_inside,static,static,,,112,0.0156
null,,mixed_inside,static,static,,,113,0.0156
null,,mixed_inside,static,static,,,114,0.0156
null,,mixed_inside,static,static,,,115,0.0156
null,,mixed_inside,static,static,,,116,0.0156
null,,mixed_inside,static,static,,,117,0.0156
null,,mixed_inside,static,static,,,118,0.0156
null,,mixed_inside,static,static,,,119,0.0156
null,,mixed_inside,static,static,,,120,0.0156
null,,mixed_inside,static,static,,,121,0.0156
null,,mixed_inside,static,static,,,122,0.0156
null,,mixed_inside,static,static,,,123,0.0156
null,,mixed_inside,static,static,,,124,0.0156
null,,mixed_inside,static,static,,,125,0.0156
null,,mixed_inside,static,static,,,126,0.0156
null,,mixed_inside,static,static,,,127,0.0156
null,,mixed_inside,static,static,,,128,0.0156
null,,mixed_inside,static,static,,,129,0.0156
null,,mixed_inside,static,static,,,130,0.0156
null,,mixed_inside,static,static,,,131,0.0156
null,,mixed_inside,static,static,,,132,0.0156
null,,mixed_inside,static,static,,,133,0.0156
null,,mixed_inside,static,static,,,134,0.0156
null,,mixed_inside,static,static,,,135,0.0156
null,,mixed_inside,static,static,,,136,0.0156
null,,mixed_inside,static,static,,,137,0.0156
null,,mixed_inside,static,static,,,138,0.0156
null,,mixed_inside,static,static,,,139,0.0156
null,,mixed_inside,static,static,,,140,0.0156
null,,mixed_inside,static,static,,,141,0.0156
null,,mixed_inside,static,static,,,142,0.0156
null,,mixed_inside,static,static,,,143,0.0156
null,,mixed_inside,static,static,,,144,0.0156
null,,mixed_inside,static,static,,,145,0.0156
null,,mixed_inside,static,static,,,146,0.0156
null,,mixed_inside,static,static,,,147,0.0156
null,,mixed_inside,static,static,,,148,0.0156
null,,mixed_inside,static,static,,,149,0.0156
null,,mixed_inside,static,static,,,150,0.0156
null,,mixed_inside,static,static,,,151,0.0156
null,,mixed_inside,static,static,,,152,0.0156
null,,mixed_inside,static,static,,,153,0.0156
null,,mixed_inside,static,static,,,154,0.0156
null,,mixed_inside,static,static,,,155,0.0156
null,,mixed_inside,static,static,,,156,0.0156
null,,mixed_inside,static,static,,,157,0.0156
null,,mixed_inside,static,static,,,158,0.0156
null,,mixed_inside,static,static,,,159,0.0156
null,,mixed_inside,static,static,,,160,0.0156
null,,mixed_inside,static,static,,,161,0.0156
null,,mixed_inside,static,static,,,162,0.0156
null,,mixed_inside,static,static,,,163,0.0156
null,,mixed_inside,static,static,,,164,0.0156
null,,mixed_inside,static,static,,,165,0.0156
null,,mixed_inside,static,static,,,166,0.0156
null,,mixed_inside,static,static,,,167,0.0156
null,,mixed_inside,static,static,,,168,0.0156
null,,mixed_inside,static,static,,,169,0.0156
null,,mixed_inside,static,static,,,170,0.0156
null,,mixed_inside,static,static,,,171,0.0156
null,,mixed_inside,static,static,,,172,0.0156
null,,mixed_inside,static,static,,,173,0.0156
null,,mixed_inside,static,static,,,174,0.0156
null,,mixed_inside,static,static,,,175,0.0156
null,,mixed_inside,static,static,,,176,0.0156
null,,mixed_inside,static,static,,,177,0.0156
null,,mixed_inside,static,static,,,178,0.0156
null,,mixed_inside,static,static,,,179,0.0156
null,,mixed_inside,static,static,,,180,0.0156
null,,mixed_inside,static,static,,,181,0.0156
null,,mixed_inside,static,static,,,182,0.0156
null,,mixed_inside,static,static,,,183,0.0156
null,,mixed_inside,static,static,,,184,0.0156
null,,mixed_inside,static,static,,,185,0.0156
null,,mixed_inside,static,static,,,186,0.0156
null,,mixed_inside,static,static,,,187,0.0156
null,,mixed_inside,static,static,,,188,0.0156
null,,mixed_inside,static,static,,,189,0.0156
null,,mixed_inside,static,static,,,190,0.0156
null,,mixed_inside,static,static,,,191,0.0156
null,,mixed_inside,static,static,,,192,0.0156
null,,mixed_inside,static,static,,,193,0.0156
null,,mixed_inside,static,static,,,194,0.0156
null,,mixed_inside,static,static,,,195,0.0156
null,,mixed_inside,static,static,,,196,0.0156
null,,mixed_inside,static,static,,,197,0.0156
null,,mixed_inside,static,static,,,198,0.0156
null,,mixed_inside,static,static,,,199,0.0156
null,,mixed_inside,static,static,,,200,0.0156
null,,mixed_inside,primary_baseline,band_mix,0.045,,1,0.0
null,,mixed_inside,primary_baseline,band_mix,0.045,,2,0.0
null,,mixed_inside,primary_baseline,band_mix,0.045,,3,0.0
null,,mixed_inside,primary_baseline,band_mix,0.045,,4,0.0
null,,mixed_inside,primary_baseline,band_mix,0.045,,5,0.0
null,,mixed_inside,primary_baseline,band_mix,0.045,,6,0.0
null,,mixed_inside,primary_baseline,band_mix,0.045,,7,0.0
null,,mixed_inside,primary_baseline,band_mix,0.045,,8,0.0
null,,mixed_inside,primary_baseline,band_mix,0.045,,9,0.0
null,,mixed_inside,primary_baseline,band_mix,0.045,,10,0.0
null,,mixed_inside,primary_baseline,band_mix,0.045,,11,0.0
null,,mixed_inside,primary_baseline,band_mix,0.045,,12,0.0
null,,mixed_inside,primary_baseline,band_mix,0.045,,13,0.0
null,,mixed_inside,primary_baseline,band_mix,0.045,,14,0.0
null,,mixed_inside,primary_baseline,band_mix,0.045,,15,0.0
null,,mixed_inside,primary_baseline,band_mix,0.045,,16,0.0
null,,mixed_inside,primary_baseline,band_mix,0.045,,17,0.0
null,,mixed_inside,primary_baseline,band_mix,0.045,,18,0.0
null,,mixed_inside,primary_baseline,band_mix,0.045,,19,0.0
null,,mixed_inside,primary_baseline,band_mix,0.045,,20,0.0
null,,mixed_inside,primary_baseline,band_mix,0.045,,21,0.0
null,,mixed_inside,primary_baseline,band_mix,0.045,,22,0.0
null,,mixed_inside,primary_baseline,band_mix,0.045,,23,0.0
null,,mixed_inside,primary_baseline,band_mix,0.045,,24,0.0
null,,mixed_inside,primary_baseline,band_mix,0.045,,25,0.0
null,,mixed_inside,primary_baseline,band_mix,0.045,,26,0.0
null,,mixed_inside,primary_baseline,band_mix,0.045,,27,0.0
null,,mixed_inside,primary_baseline,band_mix,0.045,,28,0.0
null,,mixed_inside,primary_baseline,band_mix,0.045,,29,0.0
null,,mixed_inside,primary_baseline,band_mix,0.045,,30,0.0
null,,mixed_inside,primary_baseline,band_mix,0.045,,31,0.0
null,,mixed_inside,primary_baseline,band_mix,0.045,,32,0.0
null,,mixed_inside,primary_baseline,band_mix,0.045,,33,0.0
null,,mixed_inside,primary_baseline,band_mix,0.045,,34,0.0
null,,mixed_inside,primary_baseline,band_mix,0.045,,35,0.0
null,,mixed_inside,primary_baseline,band_mix,0.045,,36,0.0
null,,mixed_inside,primary_baseline,band_mix,0.045,,37,0.0
null,,mixed_inside,primary_baseline,band_mix,0.045,,38,0.0
null,,mixed_inside,primary_baseline,band_mix,0.045,,39,0.0
null,,mixed_inside,primary_baseline,band_mix,0.045,,40,0.0
null,,mixed_inside,primary_baseline,band_mix,0.045,,41,0.0
null,,mixed_inside,primary_baseline,band_mix,0.045,,42,0.0
null,,mixed_inside,primary_baseline,band_mix,0.045,,43,0.0
null,,mixed_inside,primary_baseline,band_mix,0.045,,44,0.0
null,,mixed_inside,primary_baseline,band_mix,0.045,,45,0.0
null,,mixed_inside,primary_baseline,band_mix,0.045,,46,0.0
null,,mixed_inside,primary_baseline,band_mix,0.045,,47,0.0
null,,mixed_inside,primary_baseline,band_mix,0.045,,48,0.0
null,,mixed_inside,primary_baseline,band_mix,0.045,,49,0.0
null,,mixed_inside,primary_baseline,band_mix,0.045,,50,0.0
null,,mixed_inside,primary_baseline,band_mix,0.045,,51,0.0
null,,mixed_inside,primary_baseline,band_mix,0.045,,52,0.0
null,,mixed_inside,primary_baseline,band_mix,0.045,,53,0.0
null,,mixed_inside,primary_baseline,band_mix,0.045,,54,0.0
null,,mixed_inside,primary_baseline,band_mix,0.045,,55,0.0
null,,mixed_inside,primary_baseline,band_mix,0.045,,56,0.0
null,,mixed_inside,primary_baseline,band_mix,0.045,,57,0.0
null,,mixed_inside,primary_baseline,band_mix,0.045,,58,0.0
null,,mixed_inside,primary_baseline,band_mix,0.045,,59,0.0
null,,mixed_inside,primary_baseline,band_mix,0.045,,60,0.0
null,,mixed_inside,primary_baseline,band_mix,0.045,,61,0.0
null,,mixed_inside,primary_baseline,band_mix,0.045,,62,0.0
null,,mixed_inside,primary_baseline,band_mix,0.045,,63,0.0
null,,mixed_inside,primary_baseline,band_mix,0.045,,64,0.0
null,,mixed_inside,primary_baseline,band_mix,0.045,,65,0.0
null,,mixed_inside,primary_baseline,band_mix,0.045,,66,0.0
null,,mixed_inside,primary_baseline,band_mix,0.045,,67,0.0
null,,mixed_inside,primary_baseline,band_mix,0.045,,68,0.0
null,,mixed_inside,primary_baseline,band_mix,0.045,,69,0.0
null,,mixed_inside,primary_baseline,band_mix,0.045,,70,0.0
null,,mixed_inside,primary_baseline,band_mix,0.045,,71,0.0
null,,mixed_inside,primary_baseline,band_mix,0.045,,72,0.0
null,,mixed_inside,primary_baseline,band_mix,0.045,,73,0.0
null,,mixed_inside,primary_baseline,band_mix,0.045,,74,0.0
null,,mixed_inside,primary_baseline,band_mix,0.045,,75,0.0
null,,mixed_inside,primary_baseline,band_mix,0.045,,76,0.0
null,,mixed_inside,primary_baseline,band_mix,0.045,,77,0.0
null,,mixed_inside,primary_baseline,band_mix,0.045,,78,0.0
null,,mixed_inside,primary_baseline,band_mix,0.045,,79,0.0
null,,mixed_inside,primary_baseline,band_mix,0.045,,80,0.0
null,,mixed_inside,primary_baseline,band_mix,0.045,,81,0.0
null,,mixed_inside,primary_baseline,band_mix,0.045,,82,0.0
null,,mixed_inside,primary_baseline,band_mix,0.045,,83,0.0
null,,mixed_inside,primary_baseline,band_mix,0.045,,84,0.0
null,,mixed_inside,primary_baseline,band_mix,0.045,,85,0.0
null,,mixed_inside,primary_baseline,band_mix,0.045,,86,0.0
null,,mixed_inside,primary_baseline,band_mix,0.045,,87,0.0
null,,mixed_inside,primary_baseline,band_mix,0.045,,88,0.0
null,,mixed_inside,primary_baseline,band_mix,0.045,,89,0.0
null,,mixed_inside,primary_baseline,band_mix,0.045,,90,0.0
null,,mixed_inside,primary_baseline,band_mix,0.045,,91,0.0
null,,mixed_inside,primary_baseline,band_mix,0.045,,92,0.0
null,,mixed_inside,primary_baseline,band_mix,0.045,,93,0.0
null,,mixed_inside,primary_baseline,band_mix,0.045,,94,0.0
null,,mixed_inside,primary_baseline,band_mix,0.045,,95,0.0
null,,mixed_inside,primary_baseline,band_mix,0.045,,96,0.0
null,,mixed_inside,primary_baseline,band_mix,0.045,,97,0.0
null,,mixed_inside,primary_baseline,band_mix,0.045,,98,0.0
null,,mixed_inside,primary_baseline,band_mix,0.045,,99,0.0
null,,mixed_inside,primary_baseline,band_mix,0.045,,100,0.0
null,,mixed_inside,primary_baseline,band_mix,0.045,,101,0.0
null,,mixed_inside,primary_baseline,band_mix,0.045,,102,0.0
null,,mixed_inside,primary_baseline,band_mix,0.045,,103,0.0
null,,mixed_inside,primary_baseline,band_mix,0.045,,104,0.0
null,,mixed_inside,primary_baseline,band_mix,0.045,,105,0.0
null,,mixed_inside,primary_baseline,band_mix,0.045,,106,0.0
null,,mixed_inside,primary_baseline,band_mix,0.045,,107,0.0
null,,mixed_inside,primary_baseline,band_mix,0.045,,108,0.0
null,,mixed_inside,primary_baseline,band_mix,0.045,,109,0.0
null,,mixed_inside,primary_baseline,band_mix,0.045,,110,0.0
null,,mixed_inside,primary_baseline,band_mix,0.045,,111,0.0
null,,mixed_inside,primary_baseline,band_mix,0.045,,112,0.0
null,,mixed_inside,primary_baseline,band_mix,0.045,,113,0.0
null,,mixed_inside,primary_baseline,band_mix,0.045,,114,0.0
null,,mixed_inside,primary_baseline,band_mix,0.045,,115,0.0
null,,mixed_inside,primary_baseline,band_mix,0.045,,116,0.0
null,,mixed_inside,primary_baseline,band_mix,0.045,,117,0.0
null,,mixed_inside,primary_baseline,band_mix,0.045,,118,0.0
null,,mixed_inside,primary_baseline,band_mix,0.045,,119,0.0
null,,mixed_inside,primary_baseline,band_mix,0.045,,120,0.0
null,,mixed_inside,primary_baseline,band_mix,0.045,,121,0.0
null,,mixed_inside,primary_baseline,band_mix,0.045,,122,0.0
null,,mixed_inside,primary_baseline,band_mix,0.045,,123,0.0
null,,mixed_inside,primary_baseline,band_mix,0.045,,124,0.0
null,,mixed_inside,primary_baseline,band_mix,0.045,,125,0.0
null,,mixed_inside,primary_baseline,band_mix,0.045,,126,0.0
null,,mixed_inside,primary_baseline,band_mix,0.045,,127,0.0
null,,mixed_inside,primary_baseline,band_mix,0.045,,128,0.0
null,,mixed_inside,primary_baseline,band_mix,0.045,,129,0.0
null,,mixed_inside,primary_baseline,band_mix,0.045,,130,0.0
null,,mixed_inside,primary_baseline,band_mix,0.045,,131,0.0
null,,mixed_inside,primary_baseline,band_mix,0.045,,132,0.0
null,,mixed_inside,primary_baseline,band_mix,0.045,,133,0.0
null,,mixed_inside,primary_baseline,band_mix,0.045,,134,0.0
null,,mixed_inside,primary_baseline,band_mix,0.045,,135,0.0
null,,mixed_inside,primary_baseline,band_mix,0.045,,136,0.0
null,,mixed_inside,primary_baseline,band_mix,0.045,,137,0.0
null,,mixed_inside,primary_baseline,band_mix,0.045,,138,0.0
null,,mixed_inside,primary_baseline,band_mix,0.045,,139,0.0
null,,mixed_inside,primary_baseline,band_mix,0.045,,140,0.0
null,,mixed_inside,primary_baseline,band_mix,0.045,,141,0.0
null,,mixed_inside,primary_baseline,band_mix,0.045,,142,0.0
null,,mixed_inside,primary_baseline,band_mix,0.045,,143,0.0
null,,mixed_inside,primary_baseline,band_mix,0.045,,144,0.0
null,,mixed_inside,primary_baseline,band_mix,0.045,,145,0.0
null,,mixed_inside,primary_baseline,band_mix,0.045,,146,0.0
null,,mixed_inside,primary_baseline,band_mix,0.045,,147,0.0
null,,mixed_inside,primary_baseline,band_mix,0.045,,148,0.0
null,,mixed_inside,primary_baseline,band_mix,0.045,,149,0.0
null,,mixed_inside,primary_baseline,band_mix,0.045,,150,0.0
null,,mixed_inside,primary_baseline,band_mix,0.045,,151,0.0
null,,mixed_inside,primary_baseline,band_mix,0.045,,152,0.0
null,,mixed_inside,primary_baseline,band_mix,0.045,,153,0.0
null,,mixed_inside,primary_baseline,band_mix,0.045,,154,0.0
null,,mixed_inside,primary_baseline,band_mix,0.045,,155,0.0
null,,mixed_inside,primary_baseline,band_mix,0.045,,156,0.0
null,,mixed_inside,primary_baseline,band_mix,0.045,,157,0.0
null,,mixed_inside,primary_baseline,band_mix,0.045,,158,0.0
null,,mixed_inside,primary_baseline,band_mix,0.045,,159,0.0
null,,mixed_inside,primary_baseline,band_mix,0.045,,160,0.0
null,,mixed_inside,primary_baseline,band_mix,0.045,,161,0.0
null,,mixed_inside,primary_baseline,band_mix,0.045,,162,0.0
null,,mixed_inside,primary_baseline,band_mix,0.045,,163,0.0
null,,mixed_inside,primary_baseline,band_mix,0.045,,164,0.0
null,,mixed_inside,primary_baseline,band_mix,0.045,,165,0.0
null,,mixed_inside,primary_baseline,band_mix,0.045,,166,0.0
null,,mixed_inside,primary_baseline,band_mix,0.045,,167,0.0
null,,mixed_inside,primary_baseline,band_mix,0.045,,168,0.0
null,,mixed_inside,primary_baseline,band_mix,0.045,,169,0.0
null,,mixed_inside,primary_baseline,band_mix,0.045,,170,0.0
null,,mixed_inside,primary_baseline,band_mix,0.045,,171,0.0
null,,mixed_inside,primary_baseline,band_mix,0.045,,172,0.0
null,,mixed_inside,primary_baseline,band_mix,0.045,,173,0.0
null,,mixed_inside,primary_baseline,band_mix,0.045,,174,0.0
null,,mixed_inside,primary_baseline,band_mix,0.045,,175,0.0
null,,mixed_inside,primary_baseline,band_mix,0.045,,176,0.0
null,,mixed_inside,primary_baseline,band_mix,0.045,,177,0.0
null,,mixed_inside,primary_baseline,band_mix,0.045,,178,0.0
null,,mixed_inside,primary_baseline,band_mix,0.045,,179,0.0
null,,mixed_inside,primary_baseline,band_mix,0.045,,180,0.0
null,,mixed_inside,primary_baseline,band_mix,0.045,,181,0.0
null,,mixed_inside,primary_baseline,band_mix,0.045,,182,0.0
null,,mixed_inside,primary_baseline,band_mix,0.045,,183,0.0
null,,mixed_inside,primary_baseline,band_mix,0.045,,184,0.0
null,,mixed_inside,primary_baseline,band_mix,0.045,,185,0.0
null,,mixed_inside,primary_baseline,band_mix,0.045,,186,0.0
null,,mixed_inside,primary_baseline,band_mix,0.045,,187,0.0
null,,mixed_inside,primary_baseline,band_mix,0.045,,188,0.0
null,,mixed_inside,primary_baseline,band_mix,0.045,,189,0.0
null,,mixed_inside,primary_baseline,band_mix,0.045,,190,0.0
null,,mixed_inside,primary_baseline,band_mix,0.045,,191,0.0
null,,mixed_inside,primary_baseline,band_mix,0.045,,192,0.0
null,,mixed_inside,primary_baseline,band_mix,0.045,,193,0.0
null,,mixed_inside,primary_baseline,band_mix,0.045,,194,0.0
null,,mixed_inside,primary_baseline,band_mix,0.045,,195,0.0
null,,mixed_inside,primary_baseline,band_mix,0.045,,196,0.0
null,,mixed_inside,primary_baseline,band_mix,0.045,,197,0.0
null,,mixed_inside,primary_baseline,band_mix,0.045,,198,0.0
null,,mixed_inside,primary_baseline,band_mix,0.045,,199,0.0
null,,mixed_inside,primary_baseline,band_mix,0.045,,200,0.0
null,,mixed_inside,best_grid_T200,band_ons,0.005,,1,0.0
null,,mixed_inside,best_grid_T200,band_ons,0.005,,2,0.0
null,,mixed_inside,best_grid_T200,band_ons,0.005,,3,0.0
null,,mixed_inside,best_grid_T200,band_ons,0.005,,4,0.0
null,,mixed_inside,best_grid_T200,band_ons,0.005,,5,0.0
null,,mixed_inside,best_grid_T200,band_ons,0.005,,6,0.0
null,,mixed_inside,best_grid_T200,band_ons,0.005,,7,0.0
null,,mixed_inside,best_grid_T200,band_ons,0.005,,8,0.0
null,,mixed_inside,best_grid_T200,band_ons,0.005,,9,0.0
null,,mixed_inside,best_grid_T200,band_ons,0.005,,10,0.0
null,,mixed_inside,best_grid_T200,band_ons,0.005,,11,0.0
null,,mixed_inside,best_grid_T200,band_ons,0.005,,12,0.0
null,,mixed_inside,best_grid_T200,band_ons,0.005,,13,0.0
null,,mixed_inside,best_grid_T200,band_ons,0.005,,14,0.0
null,,mixed_inside,best_grid_T200,band_ons,0.005,,15,0.0
null,,mixed_inside,best_grid_T200,band_ons,0.005,,16,0.0
null,,mixed_inside,best_grid_T200,band_ons,0.005,,17,0.0
null,,mixed_inside,best_grid_T200,band_ons,0.005,,18,0.0
null,,mixed_inside,best_grid_T200,band_ons,0.005,,19,0.0
null,,mixed_inside,best_grid_T200,band_ons,0.005,,20,0.0
null,,mixed_inside,best_grid_T200,band_ons,0.005,,21,0.0
null,,mixed_inside,best_grid_T200,band_ons,0.005,,22,0.0
null,,mixed_inside,best_grid_T200,band_ons,0.005,,23,0.0
null,,mixed_inside,best_grid_T200,band_ons,0.005,,24,0.0
null,,mixed_inside,best_grid_T200,band_ons,0.005,,25,0.0
null,,mixed_inside,best_grid_T200,band_ons,0.005,,26,0.0
null,,mixed_inside,best_grid_T200,band_ons,0.005,,27,0.0
null,,mixed_inside,best_grid_T200,band_ons,0.005,,28,0.0
null,,mixed_inside,best_grid_T200,band_ons,0.005,,29,0.0
null,,mixed_inside,best_grid_T200,band_ons,0.005,,30,0.0
null,,mixed_inside,best_grid_T200,band_ons,0.005,,31,0.0
null,,mixed_inside,best_grid_T200,band_ons,0.005,,32,0.0
null,,mixed_inside,best_grid_T200,band_ons,0.005,,33,0.0
null,,mixed_inside,best_grid_T200,band_ons,0.005,,34,0.0
null,,mixed_inside,best_grid_T200,band_ons,0.005,,35,0.0
null,,mixed_inside,best_grid_T200,band_ons,0.005,,36,0.0
null,,mixed_inside,best_grid_T200,band_ons,0.005,,37,0.0
null,,mixed_inside,best_grid_T200,band_ons,0.005,,38,0.0
null,,mixed_inside,best_grid_T200,band_ons,0.005,,39,0.0
null,,mixed_inside,best_grid_T200,band_ons,0.005,,40,0.0
null,,mixed_inside,best_grid_T200,band_ons,0.005,,41,0.0
null,,mixed_inside,best_grid_T200,band_ons,0.005,,42,0.0
null,,mixed_inside,best_grid_T200,band_ons,0.005,,43,0.0
null,,mixed_inside,best_grid_T200,band_ons,0.005,,44,0.0
null,,mixed_inside,best_grid_T200,band_ons,0.005,,45,0.0
null,,mixed_inside,best_grid_T200,band_ons,0.005,,46,0.0
null,,mixed_inside,best_grid_T200,band_ons,0.005,,47,0.0
null,,mixed_inside,best_grid_T200,band_ons,0.005,,48,0.0
null,,mixed_inside,best_grid_T200,band_ons,0.005,,49,0.0
null,,mixed_inside,best_grid_T200,band_ons,0.005,,50,0.0
null,,mixed_inside,best_grid_T200,band_ons,0.005,,51,0.0
null,,mixed_inside,best_grid_T200,band_ons,0.005,,52,0.0
null,,mixed_inside,best_grid_T200,band_ons,0.005,,53,0.0
null,,mixed_inside,best_grid_T200,band_ons,0.005,,54,0.0
null,,mixed_inside,best_grid_T200,band_ons,0.005,,55,0.0
null,,mixed_inside,best_grid_T200,band_ons,0.005,,56,0.0
null,,mixed_inside,best_grid_T200,band_ons,0.005,,57,0.0
null,,mixed_inside,best_grid_T200,band_ons,0.005,,58,0.0
null,,mixed_inside,best_grid_T200,band_ons,0.005,,59,0.0
null,,mixed_inside,best_grid_T200,band_ons,0.005,,60,0.0
null,,mixed_inside,best_grid_T200,band_ons,0.005,,61,0.0
null,,mixed_inside,best_grid_T200,band_ons,0.005,,62,0.0
null,,mixed_inside,best_grid_T200,band_ons,0.005,,63,0.0
null,,mixed_inside,best_grid_T200,band_ons,0.005,,64,0.0
null,,mixed_inside,best_grid_T200,band_ons,0.005,,65,0.0
null,,mixed_inside,best_grid_T200,band_ons,0.005,,66,0.0
null,,mixed_inside,best_grid_T200,band_ons,0.005,,67,0.0
null,,mixed_inside,best_grid_T200,band_ons,0.005,,68,0.0
null,,mixed_inside,best_grid_T200,band_ons,0.005,,69,0.0
null,,mixed_inside,best_grid_T200,band_ons,0.005,,70,0.0
null,,mixed_inside,best_grid_T200,band_ons,0.005,,71,0.0
null,,mixed_inside,best_grid_T200,band_ons,0.005,,72,0.0
null,,mixed_inside,best_grid_T200,band_ons,0.005,,73,0.0
null,,mixed_inside,best_grid_T200,band_ons,0.005,,74,0.0
null,,mixed_inside,best_grid_T200,band_ons,0.005,,75,0.0
null,,mixed_inside,best_grid_T200,band_ons,0.005,,76,0.0
null,,mixed_inside,best_grid_T200,band_ons,0.005,,77,0.0
null,,mixed_inside,best_grid_T200,band_ons,0.005,,78,0.0
null,,mixed_inside,best_grid_T200,band_ons,0.005,,79,0.0
null,,mixed_inside,best_grid_T200,band_ons,0.005,,80,0.0
null,,mixed_inside,best_grid_T200,band_ons,0.005,,81,0.0
null,,mixed_inside,best_grid_T200,band_ons,0.005,,82,0.0
null,,mixed_inside,best_grid_T200,band_ons,0.005,,83,0.0
null,,mixed_inside,best_grid_T200,band_ons,0.005,,84,0.0
null,,mixed_inside,best_grid_T200,band_ons,0.005,,85,0.0
null,,mixed_inside,best_grid_T200,band_ons,0.005,,86,0.0
null,,mixed_inside,best_grid_T200,band_ons,0.005,,87,0.0
null,,mixed_inside,best_grid_T200,band_ons,0.005,,88,0.0
null,,mixed_inside,best_grid_T200,band_ons,0.005,,89,0.0
null,,mixed_inside,best_grid_T200,band_ons,0.005,,90,0.0
null,,mixed_inside,best_grid_T200,band_ons,0.005,,91,0.0
null,,mixed_inside,best_grid_T200,band_ons,0.005,,92,0.0
null,,mixed_inside,best_grid_T200,band_ons,0.005,,93,0.0
null,,mixed_inside,best_grid_T200,band_ons,0.005,,94,0.0
null,,mixed_inside,best_grid_T200,band_ons,0.005,,95,0.0
null,,mixed_inside,best_grid_T200,band_ons,0.005,,96,0.0
null,,mixed_inside,best_grid_T200,band_ons,0.005,,97,0.0
null,,mixed_inside,best_grid_T200,band_ons,0.005,,98,0.0
null,,mixed_inside,best_grid_T200,band_ons,0.005,,99,0.0
null,,mixed_inside,best_grid_T200,band_ons,0.005,,100,0.0
null,,mixed_inside,best_grid_T200,band_ons,0.005,,101,0.0
null,,mixed_inside,best_grid_T200,band_ons,0.005,,102,0.0
null,,mixed_inside,best_grid_T200,band_ons,0.005,,103,0.0
null,,mixed_inside,best_grid_T200,band_ons,0.005,,104,0.0
null,,mixed_inside,best_grid_T200,band_ons,0.005,,105,0.0
null,,mixed_inside,best_grid_T200,band_ons,0.005,,106,0.0
null,,mixed_inside,best_grid_T200,band_ons,0.005,,107,0.0
null,,mixed_inside,best_grid_T200,band_ons,0.005,,108,0.0
null,,mixed_inside,best_grid_T200,band_ons,0.005,,109,0.0
null,,mixed_inside,best_grid_T200,band_ons,0.005,,110,0.0
null,,mixed_inside,best_grid_T200,band_ons,0.005,,111,0.0
null,,mixed_inside,best_grid_T200,band_ons,0.005,,112,0.0
null,,mixed_inside,best_grid_T200,band_ons,0.005,,113,0.0
null,,mixed_inside,best_grid_T200,band_ons,0.005,,114,0.0
null,,mixed_inside,best_grid_T200,band_ons,0.005,,115,0.0
null,,mixed_inside,best_grid_T200,band_ons,0.005,,116,0.0
null,,mixed_inside,best_grid_T200,band_ons,0.005,,117,0.0
null,,mixed_inside,best_grid_T200,band_ons,0.005,,118,0.0
null,,mixed_inside,best_grid_T200,band_ons,0.005,,119,0.0
null,,mixed_inside,best_grid_T200,band_ons,0.005,,120,0.0
null,,mixed_inside,best_grid_T200,band_ons,0.005,,121,0.0
null,,mixed_inside,best_grid_T200,band_ons,0.005,,122,0.0
null,,mixed_inside,best_grid_T200,band_ons,0.005,,123,0.0
null,,mixed_inside,best_grid_T200,band_ons,0.005,,124,0.0
null,,mixed_inside,best_grid_T200,band_ons,0.005,,125,0.0
null,,mixed_inside,best_grid_T200,band_ons,0.005,,126,0.0
null,,mixed_inside,best_grid_T200,band_ons,0.005,,127,0.0
null,,mixed_inside,best_grid_T200,band_ons,0.005,,128,0.0
null,,mixed_inside,best_grid_T200,band_ons,0.005,,129,0.0
null,,mixed_inside,best_grid_T200,band_ons,0.005,,130,0.0
null,,mixed_inside,best_grid_T200,band_ons,0.005,,131,0.0
null,,mixed_inside,best_grid_T200,band_ons,0.005,,132,0.0
null,,mixed_inside,best_grid_T200,band_ons,0.005,,133,0.0
null,,mixed_inside,best_grid_T200,band_ons,0.005,,134,0.0
null,,mixed_inside,best_grid_T200,band_ons,0.005,,135,0.0
null,,mixed_inside,best_grid_T200,band_ons,0.005,,136,0.0
null,,mixed_inside,best_grid_T200,band_ons,0.005,,137,0.0
null,,mixed_inside,best_grid_T200,band_ons,0.005,,138,0.0
null,,mixed_inside,best_grid_T200,band_ons,0.005,,139,0.0
null,,mixed_inside,best_grid_T200,band_ons,0.005,,140,0.0
null,,mixed_inside,best_grid_T200,band_ons,0.005,,141,0.0
null,,mixed_inside,best_grid_T200,band_ons,0.005,,142,0.0
null,,mixed_inside,best_grid_T200,band_ons,0.005,,143,0.0
null,,mixed_inside,best_grid_T200,band_ons,0.005,,144,0.0
null,,mixed_inside,best_grid_T200,band_ons,0.005,,145,0.0
null,,mixed_inside,best_grid_T200,band_ons,0.005,,146,0.0
null,,mixed_inside,best_grid_T200,band_ons,0.005,,147,0.0
null,,mixed_inside,best_grid_T200,band_ons,0.005,,148,0.0
null,,mixed_inside,best_grid_T200,band_ons,0.005,,149,0.0
null,,mixed_inside,best_grid_T200,band_ons,0.005,,150,0.0
null,,mixed_inside,best_grid_T200,band_ons,0.005,,151,0.0
null,,mixed_inside,best_grid_T200,band_ons,0.005,,152,0.0
null,,mixed_inside,best_grid_T200,band_ons,0.005,,153,0.0
null,,mixed_inside,best_grid_T200,band_ons,0.005,,154,0.0
null,,mixed_inside,best_grid_T200,band_ons,0.005,,155,0.0
null,,mixed_inside,best_grid_T200,band_ons,0.005,,156,0.0
null,,mixed_inside,best_grid_T200,band_ons,0.005,,157,0.0
null,,mixed_inside,best_grid_T200,band_ons,0.005,,158,0.0
null,,mixed_inside,best_grid_T200,band_ons,0.005,,159,0.0
null,,mixed_inside,best_grid_T200,band_ons,0.005,,160,0.0
null,,mixed_inside,best_grid_T200,band_ons,0.005,,161,0.0
null,,mixed_inside,best_grid_T200,band_ons,0.005,,162,0.0
null,,mixed_inside,best_grid_T200,band_ons,0.005,,163,0.0
null,,mixed_inside,best_grid_T200,band_ons,0.005,,164,0.0
null,,mixed_inside,best_grid_T200,band_ons,0.005,,165,0.0
null,,mixed_inside,best_grid_T200,band_ons,0.005,,166,0.0
null,,mixed_inside,best_grid_T200,band_ons,0.005,,167,0.0
null,,mixed_inside,best_grid_T200,band_ons,0.005,,168,0.0
null,,mixed_inside,best_grid_T200,band_ons,0.005,,169,0.0
null,,mixed_inside,best_grid_T200,band_ons,0.005,,170,0.0
null,,mixed_inside,best_grid_T200,band_ons,0.005,,171,0.0
null,,mixed_inside,best_grid_T200,band_ons,0.005,,172,0.0
null,,mixed_inside,best_grid_T200,band_ons,0.005,,173,0.0
null,,mixed_inside,best_grid_T200,band_ons,0.005,,174,0.0
null,,mixed_inside,best_grid_T200,band_ons,0.005,,175,0.0
null,,mixed_inside,best_grid_T200,band_ons,0.005,,176,0.0
null,,mixed_inside,best_grid_T200,band_ons,0.005,,177,0.0
null,,mixed_inside,best_grid_T200,band_ons,0.005,,178,0.0
null,,mixed_inside,best_grid_T200,band_ons,0.005,,179,0.0
null,,mixed_inside,best_grid_T200,band_ons,0.005,,180,0.0
null,,mixed_inside,best_grid_T200,band_ons,0.005,,181,0.0
null,,mixed_inside,best_grid_T200,band_ons,0.005,,182,0.0
null,,mixed_inside,best_grid_T200,band_ons,0.005,,183,0.0
null,,mixed_inside,best_grid_T200,band_ons,0.005,,184,0.0
null,,mixed_inside,best_grid_T200,band_ons,0.005,,185,0.0
null,,mixed_inside,best_grid_T200,band_ons,0.005,,186,0.0
null,,mixed_inside,best_grid_T200,band_ons,0.005,,187,0.0
null,,mixed_inside,best_grid_T200,band_ons,0.005,,188,0.0
null,,mixed_inside,best_grid_T200,band_ons,0.005,,189,0.0
null,,mixed_inside,best_grid_T200,band_ons,0.005,,190,0.0
null,,mixed_inside,best_grid_T200,band_ons,0.005,,191,0.0
null,,mixed_inside,best_grid_T200,band_ons,0.005,,192,0.0
null,,mixed_inside,best_grid_T200,band_ons,0.005,,193,0.0
null,,mixed_inside,best_grid_T200,band_ons,0.005,,194,0.0
null,,mixed_inside,best_grid_T200,band_ons,0.005,,195,0.0
null,,mixed_inside,best_grid_T200,band_ons,0.005,,196,0.0
null,,mixed_inside,best_grid_T200,band_ons,0.005,,197,0.0
null,,mixed_inside,best_grid_T200,band_ons,0.005,,198,0.0
null,,mixed_inside,best_grid_T200,band_ons,0.005,,199,0.0
null,,mixed_inside,best_grid_T200,band_ons,0.005,,200,0.0
null,,mixed_inside,oracle,oracle,,,1,0.0
null,,mixed_inside,oracle,oracle,,,2,0.0
null,,mixed_inside,oracle,oracle,,,3,0.0038
null,,mixed_inside,oracle,oracle,,,4,0.0082
null,,mixed_inside,oracle,oracle,,,5,0.0108
null,,mixed_inside,oracle,oracle,,,6,0.0126
null,,mixed_inside,oracle,oracle,,,7,0.014
null,,mixed_inside,oracle,oracle,,,8,0.0158
null,,mixed_inside,oracle,oracle,,,9,0.0176
null,,mixed_inside,oracle,oracle,,,10,0.0186
null,,mixed_inside,oracle,oracle,,,11,0.019
null,,mixed_inside,oracle,oracle,,,12,0.0198
null,,mixed_inside,oracle,oracle,,,13,0.0202
null,,mixed_inside,oracle,oracle,,,14,0.0208
null,,mixed_inside,oracle,oracle,,,15,0.021
null,,mixed_inside,oracle,oracle,,,16,0.0214
null,,mixed_inside,oracle,oracle,,,17,0.022
null,,mixed_inside,oracle,oracle,,,18,0.0222
null,,mixed_inside,oracle,oracle,,,19,0.0226
null,,mixed_inside,oracle,oracle,,,20,0.0228
null,,mixed_inside,oracle,oracle,,,21,0.023
null,,mixed_inside,oracle,oracle,,,22,0.0232
null,,mixed_inside,oracle,oracle,,,23,0.0234
null,,mixed_inside,oracle,oracle,,,24,0.0236
null,,mixed_inside,oracle,oracle,,,25,0.0242
null,,mixed_inside,oracle,oracle,,,26,0.0244
null,,mixed_inside,oracle,oracle,,,27,0.0244
null,,mixed_inside,oracle,oracle,,,28,0.0252
null,,mixed_inside,oracle,oracle,,,29,0.0256
null,,mixed_inside,oracle,oracle,,,30,0.0256
null,,mixed_inside,oracle,oracle,,,31,0.0258
null,,mixed_inside,oracle,oracle,,,32,0.0262
null,,mixed_inside,oracle,oracle,,,33,0.0262
null,,mixed_inside,oracle,oracle,,,34,0.0262
null,,mixed_inside,oracle,oracle,,,35,0.0264
null,,mixed_inside,oracle,oracle,,,36,0.0268
null,,mixed_inside,oracle,oracle,,,37,0.027
null,,mixed_inside,oracle,oracle,,,38,0.0272
null,,mixed_inside,oracle,oracle,,,39,0.0272
null,,mixed_inside,oracle,oracle,,,40,0.0272
null,,mixed_inside,oracle,oracle,,,41,0.0272
null,,mixed_inside,oracle,oracle,,,42,0.0276
null,,mixed_inside,oracle,oracle,,,43,0.0278
null,,mixed_inside,oracle,oracle,,,44,0.0282
null,,mixed_inside,oracle,oracle,,,45,0.0282
null,,mixed_inside,oracle,oracle,,,46,0.0282
null,,mixed_inside,oracle,oracle,,,47,0.0284
null,,mixed_inside,oracle,oracle,,,48,0.0284
null,,mixed_inside,oracle,oracle,,,49,0.029
null,,mixed_inside,oracle,oracle,,,50,0.029
null,,mixed_inside,oracle,oracle,,,51,0.029
null,,mixed_inside,oracle,oracle,,,52,0.029
null,,mixed_inside,oracle,oracle,,,53,0.0292
null,,mixed_inside,oracle,oracle,,,54,0.0292
null,,mixed_inside,oracle,oracle,,,55,0.0292
null,,mixed_inside,oracle,oracle,,,56,0.0294
null,,mixed_inside,oracle,oracle,,,57,0.0296
null,,mixed_inside,oracle,oracle,,,58,0.03
null,,mixed_inside,oracle,oracle,,,59,0.0306
null,,mixed_inside,oracle,oracle,,,60,0.0306
null,,mixed_inside,oracle,oracle,,,61,0.0306
null,,mixed_inside,oracle,oracle,,,62,0.0308
null,,mixed_inside,oracle,oracle,,,63,0.0312
null,,mixed_inside,oracle,oracle,,,64,0.0312
null,,mixed_inside,oracle,oracle,,,65,0.0312
null,,mixed_inside,oracle,oracle,,,66,0.0312
null,,mixed_inside,oracle,oracle,,,67,0.0312
null,,mixed_inside,oracle,oracle,,,68,0.0312
null,,mixed_inside,oracle,oracle,,,69,0.0312
null,,mixed_inside,oracle,oracle,,,70,0.0312
null,,mixed_inside,oracle,oracle,,,71,0.0312
null,,mixed_inside,oracle,oracle,,,72,0.0314
null,,mixed_inside,oracle,oracle,,,73,0.0316
null,,mixed_inside,oracle,oracle,,,74,0.0316
null,,mixed_inside,oracle,oracle,,,75,0.0316
null,,mixed_inside,oracle,oracle,,,76,0.0316
null,,mixed_inside,oracle,oracle,,,77,0.0316
null,,mixed_inside,oracle,oracle,,,78,0.0316
null,,mixed_inside,oracle,oracle,,,79,0.0316
null,,mixed_inside,oracle,oracle,,,80,0.0316
null,,mixed_inside,oracle,oracle,,,81,0.0316
null,,mixed_inside,oracle,oracle,,,82,0.0316
null,,mixed_inside,oracle,oracle,,,83,0.0316
null,,mixed_inside,oracle,oracle,,,84,0.0318
null,,mixed_inside,oracle,oracle,,,85,0.0318
null,,mixed_inside,oracle,oracle,,,86,0.0318
null,,mixed_inside,oracle,oracle,,,87,0.0318
null,,mixed_inside,oracle,oracle,,,88,0.0318
null,,mixed_inside,oracle,oracle,,,89,0.0318
null,,mixed_inside,oracle,oracle,,,90,0.0318
null,,mixed_inside,oracle,oracle,,,91,0.0318
null,,mixed_inside,oracle,oracle,,,92,0.0318
null,,mixed_inside,oracle,oracle,,,93,0.0318
null,,mixed_inside,oracle,oracle,,,94,0.0318
null,,mixed_inside,oracle,oracle,,,95,0.0318
null,,mixed_inside,oracle,oracle,,,96,0.0318
null,,mixed_inside,oracle,oracle,,,97,0.032
null,,mixed_inside,oracle,oracle,,,98,0.032
null,,mixed_inside,oracle,oracle,,,99,0.032
null,,mixed_inside,oracle,oracle,,,100,0.032
null,,mixed_inside,oracle,oracle,,,101,0.032
null,,mixed_inside,oracle,oracle,,,102,0.0322
null,,mixed_inside,oracle,oracle,,,103,0.0322
null,,mixed_inside,oracle,oracle,,,104,0.0322
null,,mixed_inside,oracle,oracle,,,105,0.0322
null,,mixed_inside,oracle,oracle,,,106,0.0322
null,,mixed_inside,oracle,oracle,,,107,0.0322
null,,mixed_inside,oracle,oracle,,,108,0.0322
null,,mixed_inside,oracle,oracle,,,109,0.0322
null,,mixed_inside,oracle,oracle,,,110,0.0322
null,,mixed_inside,oracle,oracle,,,111,0.0322
null,,mixed_inside,oracle,oracle,,,112,0.0322
null,,mixed_inside,oracle,oracle,,,113,0.0322
null,,mixed_inside,oracle,oracle,,,114,0.0322
null,,mixed_inside,oracle,oracle,,,115,0.0322
null,,mixed_inside,oracle,oracle,,,116,0.0322
null,,mixed_inside,oracle,oracle,,,117,0.0322
null,,mixed_inside,oracle,oracle,,,118,0.0322
null,,mixed_inside,oracle,oracle,,,119,0.0322
null,,mixed_inside,oracle,oracle,,,120,0.0322
null,,mixed_inside,oracle,oracle,,,121,0.0322
null,,mixed_inside,oracle,oracle,,,122,0.0322
null,,mixed_inside,oracle,oracle,,,123,0.0322
null,,mixed_inside,oracle,oracle,,,124,0.0322
null,,mixed_inside,oracle,oracle,,,125,0.0322
null,,mixed_inside,oracle,oracle,,,126,0.0322
null,,mixed_inside,oracle,oracle,,,127,0.0322
null,,mixed_inside,oracle,oracle,,,128,0.0322
null,,mixed_inside,oracle,oracle,,,129,0.0322
null,,mixed_inside,oracle,oracle,,,130,0.0322
null,,mixed_inside,oracle,oracle,,,131,0.0322
null,,mixed_inside,oracle,oracle,,,132,0.0322
null,,mixed_inside,oracle,oracle,,,133,0.0322
null,,mixed_inside,oracle,oracle,,,134,0.0322
null,,mixed_inside,oracle,oracle,,,135,0.0322
null,,mixed_inside,oracle,oracle,,,136,0.0322
null,,mixed_inside,oracle,oracle,,,137,0.0322
null,,mixed_inside,oracle,oracle,,,138,0.0322
null,,mixed_inside,oracle,oracle,,,139,0.0322
null,,mixed_inside,oracle,oracle,,,140,0.0322
null,,mixed_inside,oracle,oracle,,,141,0.0322
null,,mixed_inside,oracle,oracle,,,142,0.0322
null,,mixed_inside,oracle,oracle,,,143,0.0322
null,,mixed_inside,oracle,oracle,,,144,0.0322
null,,mixed_inside,oracle,oracle,,,145,0.0322
null,,mixed_inside,oracle,oracle,,,146,0.0324
null,,mixed_inside,oracle,oracle,,,147,0.0324
null,,mixed_inside,oracle,oracle,,,148,0.0324
null,,mixed_inside,oracle,oracle,,,149,0.0324
null,,mixed_inside,oracle,oracle,,,150,0.0324
null,,mixed_inside,oracle,oracle,,,151,0.0324
null,,mixed_inside,oracle,oracle,,,152,0.0324
null,,mixed_inside,oracle,oracle,,,153,0.0324
null,,mixed_inside,oracle,oracle,,,154,0.0324
null,,mixed_inside,oracle,oracle,,,155,0.0324
null,,mixed_inside,oracle,oracle,,,156,0.0324
null,,mixed_inside,oracle,oracle,,,157,0.0324
null,,mixed_inside,oracle,oracle,,,158,0.0324
null,,mixed_inside,oracle,oracle,,,159,0.0324
null,,mixed_inside,oracle,oracle,,,160,0.0324
null,,mixed_inside,oracle,oracle,,,161,0.0324
null,,mixed_inside,oracle,oracle,,,162,0.0324
null,,mixed_inside,oracle,oracle,,,163,0.0324
null,,mixed_inside,oracle,oracle,,,164,0.0324
null,,mixed_inside,oracle,oracle,,,165,0.0324
null,,mixed_inside,oracle,oracle,,,166,0.0324
null,,mixed_inside,oracle,oracle,,,167,0.0324
null,,mixed_inside,oracle,oracle,,,168,0.0324
null,,mixed_inside,oracle,oracle,,,169,0.0324
null,,mixed_inside,oracle,oracle,,,170,0.0324
null,,mixed_inside,oracle,oracle,,,171,0.0324
null,,mixed_inside,oracle,oracle,,,172,0.0324
null,,mixed_inside,oracle,oracle,,,173,0.0324
null,,mixed_inside,oracle,oracle,,,174,0.0324
null,,mixed_inside,oracle,oracle,,,175,0.0324
null,,mixed_inside,oracle,oracle,,,176,0.0324
null,,mixed_inside,oracle,oracle,,,177,0.0324
null,,mixed_inside,oracle,oracle,,,178,0.0324
null,,mixed_inside,oracle,oracle,,,179,0.0324
null,,mixed_inside,oracle,oracle,,,180,0.0324
null,,mixed_inside,oracle,oracle,,,181,0.0324
null,,mixed_inside,oracle,oracle,,,182,0.0324
null,,mixed_inside,oracle,oracle,,,183,0.0324
null,,mixed_inside,oracle,oracle,,,184,0.0324
null,,mixed_inside,oracle,oracle,,,185,0.0324
null,,mixed_inside,oracle,oracle,,,186,0.0324
null,,mixed_inside,oracle,oracle,,,187,0.0324
null,,mixed_inside,oracle,oracle,,,188,0.0324
null,,mixed_inside,oracle,oracle,,,189,0.0324
null,,mixed_inside,oracle,oracle,,,190,0.0324
null,,mixed_inside,oracle,oracle,,,191,0.0324
null,,mixed_inside,oracle,oracle,,,192,0.0324
null,,mixed_inside,oracle,oracle,,,193,0.0324
null,,mixed_inside,oracle,oracle,,,194,0.0324
null,,mixed_inside,oracle,oracle,,,195,0.0324
null,,mixed_inside,oracle,oracle,,,196,0.0324
null,,mixed_inside,oracle,oracle,,,197,0.0324
null,,mixed_inside,oracle,oracle,,,198,0.0324
null,,mixed_inside,oracle,oracle,,,199,0.0324
null,,mixed_inside,oracle,oracle,,,200,0.0324
null,,random_static_inside,static,static,,,1,0.0
null,,random_static_inside,static,static,,,2,0.0
null,,random_static_inside,static,static,,,3,0.0032
null,,random_static_inside,static,static,,,4,0.0072
null,,random_static_inside,static,static,,,5,0.0086
null,,random_static_inside,static,static,,,6,0.01
null,,random_static_inside,static,static,,,7,0.0112
null,,random_static_inside,static,static,,,8,0.012
null,,random_static_inside,static,static,,,9,0.013
null,,random_static_inside,static,static,,,10,0.0136
null,,random_static_inside,static,static,,,11,0.0142
null,,random_static_inside,static,static,,,12,0.0144
null,,random_static_inside,static,static,,,13,0.0146
null,,random_static_inside,static,static,,,14,0.0152
null,,random_static_inside,static,static,,,15,0.0154
null,,random_static_inside,static,static,,,16,0.0154
null,,random_static_inside,static,static,,,17,0.0156
null,,random_static_inside,static,static,,,18,0.0156
null,,random_static_inside,static,static,,,19,0.0158
null,,random_static_inside,static,static,,,20,0.0158
null,,random_static_inside,static,static,,,21,0.0158
null,,random_static_inside,static,static,,,22,0.0158
null,,random_static_inside,static,static,,,23,0.0158
null,,random_static_inside,static,static,,,24,0.0158
null,,random_static_inside,static,static,,,25,0.0158
null,,random_static_inside,static,static,,,26,0.0158
null,,random_static_inside,static,static,,,27,0.0158
null,,random_static_inside,static,static,,,28,0.016
null,,random_static_inside,static,static,,,29,0.016
null,,random_static_inside,static,static,,,30,0.0162
null,,random_static_inside,static,static,,,31,0.0162
null,,random_static_inside,static,static,,,32,0.0162
null,,random_static_inside,static,static,,,33,0.0162
null,,random_static_inside,static,static,,,34,0.0162
null,,random_static_inside,static,static,,,35,0.0162
null,,random_static_inside,static,static,,,36,0.0162
null,,random_static_inside,static,static,,,37,0.0162
null,,random_static_inside,static,static,,,38,0.0162
null,,random_static_inside,static,static,,,39,0.0164
null,,random_static_inside,static,static,,,40,0.0164
null,,random_static_inside,static,static,,,41,0.0164
null,,random_static_inside,static,static,,,42,0.0166
null,,random_static_inside,static,static,,,43,0.0168
null,,random_static_inside,static,static,,,44,0.0168
null,,random_static_inside,static,static,,,45,0.0168
null,,random_static_inside,static,static,,,46,0.0168
null,,random_static_inside,static,static,,,47,0.0168
null,,random_static_inside,static,static,,,48,0.0168
null,,random_static_inside,static,static,,,49,0.017
null,,random_static_inside,static,static,,,50,0.017
null,,random_static_inside,static,static,,,51,0.017
null,,random_static_inside,static,static,,,52,0.017
null,,random_static_inside,static,static,,,53,0.017
null,,random_static_inside,static,static,,,54,0.017
null,,random_static_inside,static,static,,,55,0.017
null,,random_static_inside,static,static,,,56,0.017
null,,random_static_inside,static,static,,,57,0.017
null,,random_static_inside,static,static,,,58,0.017
null,,random_static_inside,static,static,,,59,0.017
null,,random_static_inside,static,static,,,60,0.017
null,,random_static_inside,static,static,,,61,0.017
null,,random_static_inside,static,static,,,62,0.017
null,,random_static_inside,static,static,,,63,0.017
null,,random_static_inside,static,static,,,64,0.017
null,,random_static_inside,static,static,,,65,0.017
null,,random_static_inside,static,static,,,66,0.017
null,,random_static_inside,static,static,,,67,0.017
null,,random_static_inside,static,static,,,68,0.0172
null,,random_static_inside,static,static,,,69,0.0172
null,,random_static_inside,static,static,,,70,0.0172
null,,random_static_inside,static,static,,,71,0.0172
null,,random_static_inside,static,static,,,72,0.0172
null,,random_static_inside,static,static,,,73,0.0172
null,,random_static_inside,static,static,,,74,0.0172
null,,random_static_inside,static,static,,,75,0.0172
null,,random_static_inside,static,static,,,76,0.0172
null,,random_static_inside,static,static,,,77,0.0172
null,,random_static_inside,static,static,,,78,0.0172
null,,random_static_inside,static,static,,,79,0.0172
null,,random_static_inside,static,static,,,80,0.0172
null,,random_static_inside,static,static,,,81,0.0172
null,,random_static_inside,static,static,,,82,0.0172
null,,random_static_inside,static,static,,,83,0.0172
null,,random_static_inside,static,static,,,84,0.0172
null,,random_static_inside,static,static,,,85,0.0172
null,,random_static_inside,static,static,,,86,0.0172
null,,random_static_inside,static,static,,,87,0.0172
null,,random_static_inside,static,static,,,88,0.0172
null,,random_static_inside,static,static,,,89,0.0172
null,,random_static_inside,static,static,,,90,0.0172
null,,random_static_inside,static,static,,,91,0.0172
null,,random_static_inside,static,static,,,92,0.0172
null,,random_static_inside,static,static,,,93,0.0172
null,,random_static_inside,static,static,,,94,0.0172
null,,random_static_inside,static,static,,,95,0.0172
null,,random_static_inside,static,static,,,96,0.0172
null,,random_static_inside,static,static,,,97,0.0172
null,,random_static_inside,static,static,,,98,0.0172
null,,random_static_inside,static,static,,,99,0.0172
null,,random_static_inside,static,static,,,100,0.0172
null,,random_static_inside,static,static,,,101,0.0172
null,,random_static_inside,static,static,,,102,0.0172
null,,random_static_inside,static,static,,,103,0.0172
null,,random_static_inside,static,static,,,104,0.0172
null,,random_static_inside,static,static,,,105,0.0172
null,,random_static_inside,static,static,,,106,0.0172
null,,random_static_inside,static,static,,,107,0.0172
null,,random_static_inside,static,static,,,108,0.0172
null,,random_static_inside,static,static,,,109,0.0172
null,,random_static_inside,static,static,,,110,0.0172
null,,random_static_inside,static,static,,,111,0.0172
null,,random_static_inside,static,static,,,112,0.0172
null,,random_static_inside,static,static,,,113,0.0172
null,,random_static_inside,static,static,,,114,0.0172
null,,random_static_inside,static,static,,,115,0.0172
null,,random_static_inside,static,static,,,116,0.0172
null,,random_static_inside,static,static,,,117,0.0172
null,,random_static_inside,static,static,,,118,0.0172
null,,random_static_inside,static,static,,,119,0.0172
null,,random_static_inside,static,static,,,120,0.0172
null,,random_static_inside,static,static,,,121,0.0172
null,,random_static_inside,static,static,,,122,0.0172
null,,random_static_inside,static,static,,,123,0.0172
null,,random_static_inside,static,static,,,124,0.0172
null,,random_static_inside,static,static,,,125,0.0172
null,,random_static_inside,static,static,,,126,0.0172
null,,random_static_inside,static,static,,,127,0.0172
null,,random_static_inside,static,static,,,128,0.0172
null,,random_static_inside,static,static,,,129,0.0172
null,,random_static_inside,static,static,,,130,0.0172
null,,random_static_inside,static,static,,,131,0.0172
null,,random_static_inside,static,static,,,132,0.0172
null,,random_static_inside,static,static,,,133,0.0172
null,,random_static_inside,static,static,,,134,0.0172
null,,random_static_inside,static,static,,,135,0.0172
null,,random_static_inside,static,static,,,136,0.0172
null,,random_static_inside,static,static,,,137,0.0172
null,,random_static_inside,static,static,,,138,0.0172
null,,random_static_inside,static,static,,,139,0.0172
null,,random_static_inside,static,static,,,140,0.0172
null,,random_static_inside,static,static,,,141,0.0172
null,,random_static_inside,static,static,,,142,0.0172
null,,random_static_inside,static,static,,,143,0.0172
null,,random_static_inside,static,static,,,144,0.0172
null,,random_static_inside,static,static,,,145,0.0172
null,,random_static_inside,static,static,,,146,0.0172
null,,random_static_inside,static,static,,,147,0.0172
null,,random_static_inside,static,static,,,148,0.0172
null,,random_static_inside,static,static,,,149,0.0172
null,,random_static_inside,static,static,,,150,0.0172
null,,random_static_inside,static,static,,,151,0.0172
null,,random_static_inside,static,static,,,152,0.0172
null,,random_static_inside,static,static,,,153,0.0172
null,,random_static_inside,static,static,,,154,0.0172
null,,random_static_inside,static,static,,,155,0.0172
null,,random_static_inside,static,static,,,156,0.0172
null,,random_static_inside,static,static,,,157,0.0172
null,,random_static_inside,static,static,,,158,0.0172
null,,random_static_inside,static,static,,,159,0.0172
null,,random_static_inside,static,static,,,160,0.0172
null,,random_static_inside,static,static,,,161,0.0172
null,,random_static_inside,static,static,,,162,0.0172
null,,random_static_inside,static,static,,,163,0.0172
null,,random_static_inside,static,static,,,164,0.0172
null,,random_static_inside,static,static,,,165,0.0172
null,,random_static_inside,static,static,,,166,0.0172
null,,random_static_inside,static,static,,,167,0.0172
null,,random_static_inside,static,static,,,168,0.0172
null,,random_static_inside,static,static,,,169,0.0172
null,,random_static_inside,static,static,,,170,0.0172
null,,random_static_inside,static,static,,,171,0.0172
null,,random_static_inside,static,static,,,172,0.0172
null,,random_static_inside,static,static,,,173,0.0172
null,,random_static_inside,static,static,,,174,0.0172
null,,random_static_inside,static,static,,,175,0.0172
null,,random_static_inside,static,static,,,176,0.0172
null,,random_static_inside,static,static,,,177,0.0172
null,,random_static_inside,static,static,,,178,0.0172
null,,random_static_inside,static,static,,,179,0.0172
null,,random_static_inside,static,static,,,180,0.0172
null,,random_static_inside,static,static,,,181,0.0172
null,,random_static_inside,static,static,,,182,0.0172
null,,random_static_inside,static,static,,,183,0.0172
null,,random_static_inside,static,static,,,184,0.0172
null,,random_static_inside,static,static,,,185,0.0172
null,,random_static_inside,static,static,,,186,0.0172
null,,random_static_inside,static,static,,,187,0.0172
null,,random_static_inside,static,static,,,188,0.0172
null,,random_static_inside,static,static,,,189,0.0172
null,,random_static_inside,static,static,,,190,0.0172
null,,random_static_inside,static,static,,,191,0.0172
null,,random_static_inside,static,static,,,192,0.0172
null,,random_static_inside,static,static,,,193,0.0172
null,,random_static_inside,static,static,,,194,0.0172
null,,random_static_inside,static,static,,,195,0.0172
null,,random_static_inside,static,static,,,196,0.0172
null,,random_static_inside,static,static,,,197,0.0172
null,,random_static_inside,static,static,,,198,0.0172
null,,random_static_inside,static,static,,,199,0.0172
null,,random_static_inside,static,static,,,200,0.0172
null,,random_static_inside,primary_baseline,band_mix,0.045,,1,0.0
null,,random_static_inside,primary_baseline,band_mix,0.045,,2,0.0
null,,random_static_inside,primary_baseline,band_mix,0.045,,3,0.0
null,,random_static_inside,primary_baseline,band_mix,0.045,,4,0.0
null,,random_static_inside,primary_baseline,band_mix,0.045,,5,0.0
null,,random_static_inside,primary_baseline,band_mix,0.045,,6,0.0
null,,random_static_inside,primary_baseline,band_mix,0.045,,7,0.0
null,,random_static_inside,primary_baseline,band_mix,0.045,,8,0.0
null,,random_static_inside,primary_baseline,band_mix,0.045,,9,0.0
null,,random_static_inside,primary_baseline,band_mix,0.045,,10,0.0
null,,random_static_inside,primary_baseline,band_mix,0.045,,11,0.0
null,,random_static_inside,primary_baseline,band_mix,0.045,,12,0.0
null,,random_static_inside,primary_baseline,band_mix,0.045,,13,0.0
null,,random_static_inside,primary_baseline,band_mix,0.045,,14,0.0
null,,random_static_inside,primary_baseline,band_mix,0.045,,15,0.0
null,,random_static_inside,primary_baseline,band_mix,0.045,,16,0.0
null,,random_static_inside,primary_baseline,band_mix,0.045,,17,0.0
null,,random_static_inside,primary_baseline,band_mix,0.045,,18,0.0
null,,random_static_inside,primary_baseline,band_mix,0.045,,19,0.0
null,,random_static_inside,primary_baseline,band_mix,0.045,,20,0.0
null,,random_static_inside,primary_baseline,band_mix,0.045,,21,0.0
null,,random_static_inside,primary_baseline,band_mix,0.045,,22,0.0
null,,random_static_inside,primary_baseline,band_mix,0.045,,23,0.0
null,,random_static_inside,primary_baseline,band_mix,0.045,,24,0.0
null,,random_static_inside,primary_baseline,band_mix,0.045,,25,0.0
null,,random_static_inside,primary_baseline,band_mix,0.045,,26,0.0
null,,random_static_inside,primary_baseline,band_mix,0.045,,27,0.0
null,,random_static_inside,primary_baseline,band_mix,0.045,,28,0.0
null,,random_static_inside,primary_baseline,band_mix,0.045,,29,0.0
null,,random_static_inside,primary_baseline,band_mix,0.045,,30,0.0
null,,random_static_inside,primary_baseline,band_mix,0.045,,31,0.0
null,,random_static_inside,primary_baseline,band_mix,0.045,,32,0.0
null,,random_static_inside,primary_baseline,band_mix,0.045,,33,0.0
null,,random_static_inside,primary_baseline,band_mix,0.045,,34,0.0
null,,random_static_inside,primary_baseline,band_mix,0.045,,35,0.0
null,,random_static_inside,primary_baseline,band_mix,0.045,,36,0.0
null,,random_static_inside,primary_baseline,band_mix,0.045,,37,0.0
null,,random_static_inside,primary_baseline,band_mix,0.045,,38,0.0
null,,random_static_inside,primary_baseline,band_mix,0.045,,39,0.0
null,,random_static_inside,primary_baseline,band_mix,0.045,,40,0.0
null,,random_static_inside,primary_baseline,band_mix,0.045,,41,0.0
null,,random_static_inside,primary_baseline,band_mix,0.045,,42,0.0
null,,random_static_inside,primary_baseline,band_mix,0.045,,43,0.0
null,,random_static_inside,primary_baseline,band_mix,0.045,,44,0.0
null,,random_static_inside,primary_baseline,band_mix,0.045,,45,0.0
null,,random_static_inside,primary_baseline,band_mix,0.045,,46,0.0
null,,random_static_inside,primary_baseline,band_mix,0.045,,47,0.0
null,,random_static_inside,primary_baseline,band_mix,0.045,,48,0.0
null,,random_static_inside,primary_baseline,band_mix,0.045,,49,0.0
null,,random_static_inside,primary_baseline,band_mix,0.045,,50,0.0
null,,random_static_inside,primary_baseline,band_mix,0.045,,51,0.0
null,,random_static_inside,primary_baseline,band_mix,0.045,,52,0.0
null,,random_static_inside,primary_baseline,band_mix,0.045,,53,0.0
null,,random_static_inside,primary_baseline,band_mix,0.045,,54,0.0
null,,random_static_inside,primary_baseline,band_mix,0.045,,55,0.0
null,,random_static_inside,primary_baseline,band_mix,0.045,,56,0.0
null,,random_static_inside,primary_baseline,band_mix,0.045,,57,0.0
null,,random_static_inside,primary_baseline,band_mix,0.045,,58,0.0
null,,random_static_inside,primary_baseline,band_mix,0.045,,59,0.0
null,,random_static_inside,primary_baseline,band_mix,0.045,,60,0.0
null,,random_static_inside,primary_baseline,band_mix,0.045,,61,0.0
null,,random_static_inside,primary_baseline,band_mix,0.045,,62,0.0
null,,random_static_inside,primary_baseline,band_mix,0.045,,63,0.0
null,,random_static_inside,primary_baseline,band_mix,0.045,,64,0.0
null,,random_static_inside,primary_baseline,band_mix,0.045,,65,0.0
null,,random_static_inside,primary_baseline,band_mix,0.045,,66,0.0
null,,random_static_inside,primary_baseline,band_mix,0.045,,67,0.0
null,,random_static_inside,primary_baseline,band_mix,0.045,,68,0.0
null,,random_static_inside,primary_baseline,band_mix,0.045,,69,0.0
null,,random_static_inside,primary_baseline,band_mix,0.045,,70,0.0
null,,random_static_inside,primary_baseline,band_mix,0.045,,71,0.0
null,,random_static_inside,primary_baseline,band_mix,0.045,,72,0.0
null,,random_static_inside,primary_baseline,band_mix,0.045,,73,0.0
null,,random_static_inside,primary_baseline,band_mix,0.045,,74,0.0
null,,random_static_inside,primary_baseline,band_mix,0.045,,75,0.0
null,,random_static_inside,primary_baseline,band_mix,0.045,,76,0.0
null,,random_static_inside,primary_baseline,band_mix,0.045,,77,0.0
null,,random_static_inside,primary_baseline,band_mix,0.045,,78,0.0
null,,random_static_inside,primary_baseline,band_mix,0.045,,79,0.0
null,,random_static_inside,primary_baseline,band_mix,0.045,,80,0.0
null,,random_static_inside,primary_baseline,band_mix,0.045,,81,0.0
null,,random_static_inside,primary_baseline,band_mix,0.045,,82,0.0
null,,random_static_inside,primary_baseline,band_mix,0.045,,83,0.0
null,,random_static_inside,primary_baseline,band_mix,0.045,,84,0.0
null,,random_static_inside,primary_baseline,band_mix,0.045,,85,0.0
null,,random_static_inside,primary_baseline,band_mix,0.045,,86,0.0
null,,random_static_inside,primary_baseline,band_mix,0.045,,87,0.0
null,,random_static_inside,primary_baseline,band_mix,0.045,,88,0.0
null,,random_static_inside,primary_baseline,band_mix,0.045,,89,0.0
null,,random_static_inside,primary_baseline,band_mix,0.045,,90,0.0
null,,random_static_inside,primary_baseline,band_mix,0.045,,91,0.0
null,,random_static_inside,primary_baseline,band_mix,0.045,,92,0.0
null,,random_static_inside,primary_baseline,band_mix,0.045,,93,0.0
null,,random_static_inside,primary_baseline,band_mix,0.045,,94,0.0
null,,random_static_inside,primary_baseline,band_mix,0.045,,95,0.0
null,,random_static_inside,primary_baseline,band_mix,0.045,,96,0.0
null,,random_static_inside,primary_baseline,band_mix,0.045,,97,0.0
null,,random_static_inside,primary_baseline,band_mix,0.045,,98,0.0
null,,random_static_inside,primary_baseline,band_mix,0.045,,99,0.0
null,,random_static_inside,primary_baseline,band_mix,0.045,,100,0.0
null,,random_static_inside,primary_baseline,band_mix,0.045,,101,0.0
null,,random_static_inside,primary_baseline,band_mix,0.045,,102,0.0
null,,random_static_inside,primary_baseline,band_mix,0.045,,103,0.0
null,,random_static_inside,primary_baseline,band_mix,0.045,,104,0.0
null,,random_static_inside,primary_baseline,band_mix,0.045,,105,0.0
null,,random_static_inside,primary_baseline,band_mix,0.045,,106,0.0
null,,random_static_inside,primary_baseline,band_mix,0.045,,107,0.0
null,,random_static_inside,primary_baseline,band_mix,0.045,,108,0.0
null,,random_static_inside,primary_baseline,band_mix,0.045,,109,0.0
null,,random_static_inside,primary_baseline,band_mix,0.045,,110,0.0
null,,random_static_inside,primary_baseline,band_mix,0.045,,111,0.0
null,,random_static_inside,primary_baseline,band_mix,0.045,,112,0.0
null,,random_static_inside,primary_baseline,band_mix,0.045,,113,0.0
null,,random_static_inside,primary_baseline,band_mix,0.045,,114,0.0
null,,random_static_inside,primary_baseline,band_mix,0.045,,115,0.0
null,,random_static_inside,primary_baseline,band_mix,0.045,,116,0.0
null,,random_static_inside,primary_baseline,band_mix,0.045,,117,0.0
null,,random_static_inside,primary_baseline,band_mix,0.045,,118,0.0
null,,random_static_inside,primary_baseline,band_mix,0.045,,119,0.0
null,,random_static_inside,primary_baseline,band_mix,0.045,,120,0.0
null,,random_static_inside,primary_baseline,band_mix,0.045,,121,0.0
null,,random_static_inside,primary_baseline,band_mix,0.045,,122,0.0
null,,random_static_inside,primary_baseline,band_mix,0.045,,123,0.0
null,,random_static_inside,primary_baseline,band_mix,0.045,,124,0.0
null,,random_static_inside,primary_baseline,band_mix,0.045,,125,0.0
null,,random_static_inside,primary_baseline,band_mix,0.045,,126,0.0
null,,random_static_inside,primary_baseline,band_mix,0.045,,127,0.0
null,,random_static_inside,primary_baseline,band_mix,0.045,,128,0.0
null,,random_static_inside,primary_baseline,band_mix,0.045,,129,0.0
null,,random_static_inside,primary_baseline,band_mix,0.045,,130,0.0
null,,random_static_inside,primary_baseline,band_mix,0.045,,131,0.0
null,,random_static_inside,primary_baseline,band_mix,0.045,,132,0.0
null,,random_static_inside,primary_baseline,band_mix,0.045,,133,0.0
null,,random_static_inside,primary_baseline,band_mix,0.045,,134,0.0
null,,random_static_inside,primary_baseline,band_mix,0.045,,135,0.0
null,,random_static_inside,primary_baseline,band_mix,0.045,,136,0.0
null,,random_static_inside,primary_baseline,band_mix,0.045,,137,0.0
null,,random_static_inside,primary_baseline,band_mix,0.045,,138,0.0
null,,random_static_inside,primary_baseline,band_mix,0.045,,139,0.0
null,,random_static_inside,primary_baseline,band_mix,0.045,,140,0.0
null,,random_static_inside,primary_baseline,band_mix,0.045,,141,0.0
null,,random_static_inside,primary_baseline,band_mix,0.045,,142,0.0
null,,random_static_inside,primary_baseline,band_mix,0.045,,143,0.0
null,,random_static_inside,primary_baseline,band_mix,0.045,,144,0.0
null,,random_static_inside,primary_baseline,band_mix,0.045,,145,0.0
null,,random_static_inside,primary_baseline,band_mix,0.045,,146,0.0
null,,random_static_inside,primary_baseline,band_mix,0.045,,147,0.0
null,,random_static_inside,primary_baseline,band_mix,0.045,,148,0.0
null,,random_static_inside,primary_baseline,band_mix,0.045,,149,0.0
null,,random_static_inside,primary_baseline,band_mix,0.045,,150,0.0
null,,random_static_inside,primary_baseline,band_mix,0.045,,151,0.0
null,,random_static_inside,primary_baseline,band_mix,0.045,,152,0.0
null,,random_static_inside,primary_baseline,band_mix,0.045,,153,0.0
null,,random_static_inside,primary_baseline,band_mix,0.045,,154,0.0
null,,random_static_inside,primary_baseline,band_mix,0.045,,155,0.0
null,,random_static_inside,primary_baseline,band_mix,0.045,,156,0.0
null,,random_static_inside,primary_baseline,band_mix,0.045,,157,0.0
null,,random_static_inside,primary_baseline,band_mix,0.045,,158,0.0
null,,random_static_inside,primary_baseline,band_mix,0.045,,159,0.0
null,,random_static_inside,primary_baseline,band_mix,0.045,,160,0.0
null,,random_static_inside,primary_baseline,band_mix,0.045,,161,0.0
null,,random_static_inside,primary_baseline,band_mix,0.045,,162,0.0
null,,random_static_inside,primary_baseline,band_mix,0.045,,163,0.0
null,,random_static_inside,primary_baseline,band_mix,0.045,,164,0.0
null,,random_static_inside,primary_baseline,band_mix,0.045,,165,0.0
null,,random_static_inside,primary_baseline,band_mix,0.045,,166,0.0
null,,random_static_inside,primary_baseline,band_mix,0.045,,167,0.0
null,,random_static_inside,primary_baseline,band_mix,0.045,,168,0.0
null,,random_static_inside,primary_baseline,band_mix,0.045,,169,0.0
null,,random_static_inside,primary_baseline,band_mix,0.045,,170,0.0
null,,random_static_inside,primary_baseline,band_mix,0.045,,171,0.0
null,,random_static_inside,primary_baseline,band_mix,0.045,,172,0.0
null,,random_static_inside,primary_baseline,band_mix,0.045,,173,0.0
null,,random_static_inside,primary_baseline,band_mix,0.045,,174,0.0
null,,random_static_inside,primary_baseline,band_mix,0.045,,175,0.0
null,,random_static_inside,primary_baseline,band_mix,0.045,,176,0.0
null,,random_static_inside,primary_baseline,band_mix,0.045,,177,0.0
null,,random_static_inside,primary_baseline,band_mix,0.045,,178,0.0
null,,random_static_inside,primary_baseline,band_mix,0.045,,179,0.0
null,,random_static_inside,primary_baseline,band_mix,0.045,,180,0.0
null,,random_static_inside,primary_baseline,band_mix,0.045,,181,0.0
null,,random_static_inside,primary_baseline,band_mix,0.045,,182,0.0
null,,random_static_inside,primary_baseline,band_mix,0.045,,183,0.0
null,,random_static_inside,primary_baseline,band_mix,0.045,,184,0.0
null,,random_static_inside,primary_baseline,band_mix,0.045,,185,0.0
null,,random_static_inside,primary_baseline,band_mix,0.045,,186,0.0
null,,random_static_inside,primary_baseline,band_mix,0.045,,187,0.0
null,,random_static_inside,primary_baseline,band_mix,0.045,,188,0.0
null,,random_static_inside,primary_baseline,band_mix,0.045,,189,0.0
null,,random_static_inside,primary_baseline,band_mix,0.045,,190,0.0
null,,random_static_inside,primary_baseline,band_mix,0.045,,191,0.0
null,,random_static_inside,primary_baseline,band_mix,0.045,,192,0.0
null,,random_static_inside,primary_baseline,band_mix,0.045,,193,0.0
null,,random_static_inside,primary_baseline,band_mix,0.045,,194,0.0
null,,random_static_inside,primary_baseline,band_mix,0.045,,195,0.0
null,,random_static_inside,primary_baseline,band_mix,0.045,,196,0.0
null,,random_static_inside,primary_baseline,band_mix,0.045,,197,0.0
null,,random_static_inside,primary_baseline,band_mix,0.045,,198,0.0
null,,random_static_inside,primary_baseline,band_mix,0.045,,199,0.0
null,,random_static_inside,primary_baseline,band_mix,0.045,,200,0.0
null,,random_static_inside,best_grid_T200,band_ons,0.005,,1,0.0
null,,random_static_inside,best_grid_T200,band_ons,0.005,,2,0.0
null,,random_static_inside,best_grid_T200,band_ons,0.005,,3,0.0
null,,random_static_inside,best_grid_T200,band_ons,0.005,,4,0.0
null,,random_static_inside,best_grid_T200,band_ons,0.005,,5,0.0
null,,random_static_inside,best_grid_T200,band_ons,0.005,,6,0.0
null,,random_static_inside,best_grid_T200,band_ons,0.005,,7,0.0
null,,random_static_inside,best_grid_T200,band_ons,0.005,,8,0.0
null,,random_static_inside,best_grid_T200,band_ons,0.005,,9,0.0
null,,random_static_inside,best_grid_T200,band_ons,0.005,,10,0.0
null,,random_static_inside,best_grid_T200,band_ons,0.005,,11,0.0
null,,random_static_inside,best_grid_T200,band_ons,0.005,,12,0.0
null,,random_static_inside,best_grid_T200,band_ons,0.005,,13,0.0
null,,random_static_inside,best_grid_T200,band_ons,0.005,,14,0.0
null,,random_static_inside,best_grid_T200,band_ons,0.005,,15,0.0
null,,random_static_inside,best_grid_T200,band_ons,0.005,,16,0.0
null,,random_static_inside,best_grid_T200,band_ons,0.005,,17,0.0
null,,random_static_inside,best_grid_T200,band_ons,0.005,,18,0.0
null,,random_static_inside,best_grid_T200,band_ons,0.005,,19,0.0
null,,random_static_inside,best_grid_T200,band_ons,0.005,,20,0.0
null,,random_static_inside,best_grid_T200,band_ons,0.005,,21,0.0
null,,random_static_inside,best_grid_T200,band_ons,0.005,,22,0.0
null,,random_static_inside,best_grid_T200,band_ons,0.005,,23,0.0
null,,random_static_inside,best_grid_T200,band_ons,0.005,,24,0.0
null,,random_static_inside,best_grid_T200,band_ons,0.005,,25,0.0
null,,random_static_inside,best_grid_T200,band_ons,0.005,,26,0.0
null,,random_static_inside,best_grid_T200,band_ons,0.005,,27,0.0
null,,random_static_inside,best_grid_T200,band_ons,0.005,,28,0.0
null,,random_static_inside,best_grid_T200,band_ons,0.005,,29,0.0
null,,random_static_inside,best_grid_T200,band_ons,0.005,,30,0.0
null,,random_static_inside,best_grid_T200,band_ons,0.005,,31,0.0
null,,random_static_inside,best_grid_T200,band_ons,0.005,,32,0.0
null,,random_static_inside,best_grid_T200,band_ons,0.005,,33,0.0
null,,random_static_inside,best_grid_T200,band_ons,0.005,,34,0.0
null,,random_static_inside,best_grid_T200,band_ons,0.005,,35,0.0
null,,random_static_inside,best_grid_T200,band_ons,0.005,,36,0.0
null,,random_static_inside,best_grid_T200,band_ons,0.005,,37,0.0
null,,random_static_inside,best_grid_T200,band_ons,0.005,,38,0.0
null,,random_static_inside,best_grid_T200,band_ons,0.005,,39,0.0
null,,random_static_inside,best_grid_T200,band_ons,0.005,,40,0.0
null,,random_static_inside,best_grid_T200,band_ons,0.005,,41,0.0
null,,random_static_inside,best_grid_T200,band_ons,0.005,,42,0.0
null,,random_static_inside,best_grid_T200,band_ons,0.005,,43,0.0
null,,random_static_inside,best_grid_T200,band_ons,0.005,,44,0.0
null,,random_static_inside,best_grid_T200,band_ons,0.005,,45,0.0
null,,random_static_inside,best_grid_T200,band_ons,0.005,,46,0.0
null,,random_static_inside,best_grid_T200,band_ons,0.005,,47,0.0
null,,random_static_inside,best_grid_T200,band_ons,0.005,,48,0.0
null,,random_static_inside,best_grid_T200,band_ons,0.005,,49,0.0
null,,random_static_inside,best_grid_T200,band_ons,0.005,,50,0.0
null,,random_static_inside,best_grid_T200,band_ons,0.005,,51,0.0
null,,random_static_inside,best_grid_T200,band_ons,0.005,,52,0.0
null,,random_static_inside,best_grid_T200,band_ons,0.005,,53,0.0
null,,random_static_inside,best_grid_T200,band_ons,0.005,,54,0.0
null,,random_static_inside,best_grid_T200,band_ons,0.005,,55,0.0
null,,random_static_inside,best_grid_T200,band_ons,0.005,,56,0.0
null,,random_static_inside,best_grid_T200,band_ons,0.005,,57,0.0
null,,random_static_inside,best_grid_T200,band_ons,0.005,,58,0.0
null,,random_static_inside,best_grid_T200,band_ons,0.005,,59,0.0
null,,random_static_inside,best_grid_T200,band_ons,0.005,,60,0.0
null,,random_static_inside,best_grid_T200,band_ons,0.005,,61,0.0
null,,random_static_inside,best_grid_T200,band_ons,0.005,,62,0.0
null,,random_static_inside,best_grid_T200,band_ons,0.005,,63,0.0
null,,random_static_inside,best_grid_T200,band_ons,0.005,,64,0.0
null,,random_static_inside,best_grid_T200,band_ons,0.005,,65,0.0
null,,random_static_inside,best_grid_T200,band_ons,0.005,,66,0.0
null,,random_static_inside,best_grid_T200,band_ons,0.005,,67,0.0
null,,random_static_inside,best_grid_T200,band_ons,0.005,,68,0.0
null,,random_static_inside,best_grid_T200,band_ons,0.005,,69,0.0
null,,random_static_inside,best_grid_T200,band_ons,0.005,,70,0.0
null,,random_static_inside,best_grid_T200,band_ons,0.005,,71,0.0
null,,random_static_inside,best_grid_T200,band_ons,0.005,,72,0.0
null,,random_static_inside,best_grid_T200,band_ons,0.005,,73,0.0
null,,random_static_inside,best_grid_T200,band_ons,0.005,,74,0.0
null,,random_static_inside,best_grid_T200,band_ons,0.005,,75,0.0
null,,random_static_inside,best_grid_T200,band_ons,0.005,,76,0.0
null,,random_static_inside,best_grid_T200,band_ons,0.005,,77,0.0
null,,random_static_inside,best_grid_T200,band_ons,0.005,,78,0.0
null,,random_static_inside,best_grid_T200,band_ons,0.005,,79,0.0
null,,random_static_inside,best_grid_T200,band_ons,0.005,,80,0.0
null,,random_static_inside,best_grid_T200,band_ons,0.005,,81,0.0
null,,random_static_inside,best_grid_T200,band_ons,0.005,,82,0.0
null,,random_static_inside,best_grid_T200,band_ons,0.005,,83,0.0
null,,random_static_inside,best_grid_T200,band_ons,0.005,,84,0.0
null,,random_static_inside,best_grid_T200,band_ons,0.005,,85,0.0
null,,random_static_inside,best_grid_T200,band_ons,0.005,,86,0.0
null,,random_static_inside,best_grid_T200,band_ons,0.005,,87,0.0
null,,random_static_inside,best_grid_T200,band_ons,0.005,,88,0.0
null,,random_static_inside,best_grid_T200,band_ons,0.005,,89,0.0
null,,random_static_inside,best_grid_T200,band_ons,0.005,,90,0.0
null,,random_static_inside,best_grid_T200,band_ons,0.005,,91,0.0
null,,random_static_inside,best_grid_T200,band_ons,0.005,,92,0.0
null,,random_static_inside,best_grid_T200,band_ons,0.005,,93,0.0
null,,random_static_inside,best_grid_T200,band_ons,0.005,,94,0.0
null,,random_static_inside,best_grid_T200,band_ons,0.005,,95,0.0
null,,random_static_inside,best_grid_T200,band_ons,0.005,,96,0.0
null,,random_static_inside,best_grid_T200,band_ons,0.005,,97,0.0
null,,random_static_inside,best_grid_T200,band_ons,0.005,,98,0.0
null,,random_static_inside,best_grid_T200,band_ons,0.005,,99,0.0
null,,random_static_inside,best_grid_T200,band_ons,0.005,,100,0.0
null,,random_static_inside,best_grid_T200,band_ons,0.005,,101,0.0
null,,random_static_inside,best_grid_T200,band_ons,0.005,,102,0.0
null,,random_static_inside,best_grid_T200,band_ons,0.005,,103,0.0
null,,random_static_inside,best_grid_T200,band_ons,0.005,,104,0.0
null,,random_static_inside,best_grid_T200,band_ons,0.005,,105,0.0
null,,random_static_inside,best_grid_T200,band_ons,0.005,,106,0.0
null,,random_static_inside,best_grid_T200,band_ons,0.005,,107,0.0
null,,random_static_inside,best_grid_T200,band_ons,0.005,,108,0.0
null,,random_static_inside,best_grid_T200,band_ons,0.005,,109,0.0
null,,random_static_inside,best_grid_T200,band_ons,0.005,,110,0.0
null,,random_static_inside,best_grid_T200,band_ons,0.005,,111,0.0
null,,random_static_inside,best_grid_T200,band_ons,0.005,,112,0.0
null,,random_static_inside,best_grid_T200,band_ons,0.005,,113,0.0
null,,random_static_inside,best_grid_T200,band_ons,0.005,,114,0.0
null,,random_static_inside,best_grid_T200,band_ons,0.005,,115,0.0
null,,random_static_inside,best_grid_T200,band_ons,0.005,,116,0.0
null,,random_static_inside,best_grid_T200,band_ons,0.005,,117,0.0
null,,random_static_inside,best_grid_T200,band_ons,0.005,,118,0.0
null,,random_static_inside,best_grid_T200,band_ons,0.005,,119,0.0
null,,random_static_inside,best_grid_T200,band_ons,0.005,,120,0.0
null,,random_static_inside,best_grid_T200,band_ons,0.005,,121,0.0
null,,random_static_inside,best_grid_T200,band_ons,0.005,,122,0.0
null,,random_static_inside,best_grid_T200,band_ons,0.005,,123,0.0
null,,random_static_inside,best_grid_T200,band_ons,0.005,,124,0.0
null,,random_static_inside,best_grid_T200,band_ons,0.005,,125,0.0
null,,random_static_inside,best_grid_T200,band_ons,0.005,,126,0.0
null,,random_static_inside,best_grid_T200,band_ons,0.005,,127,0.0
null,,random_static_inside,best_grid_T200,band_ons,0.005,,128,0.0
null,,random_static_inside,best_grid_T200,band_ons,0.005,,129,0.0
null,,random_static_inside,best_grid_T200,band_ons,0.005,,130,0.0
null,,random_static_inside,best_grid_T200,band_ons,0.005,,131,0.0
null,,random_static_inside,best_grid_T200,band_ons,0.005,,132,0.0
null,,random_static_inside,best_grid_T200,band_ons,0.005,,133,0.0
null,,random_static_inside,best_grid_T200,band_ons,0.005,,134,0.0
null,,random_static_inside,best_grid_T200,band_ons,0.005,,135,0.0
null,,random_static_inside,best_grid_T200,band_ons,0.005,,136,0.0
null,,random_static_inside,best_grid_T200,band_ons,0.005,,137,0.0
null,,random_static_inside,best_grid_T200,band_ons,0.005,,138,0.0
null,,random_static_inside,best_grid_T200,band_ons,0.005,,139,0.0
null,,random_static_inside,best_grid_T200,band_ons,0.005,,140,0.0
null,,random_static_inside,best_grid_T200,band_ons,0.005,,141,0.0
null,,random_static_inside,best_grid_T200,band_ons,0.005,,142,0.0
null,,random_static_inside,best_grid_T200,band_ons,0.005,,143,0.0
null,,random_static_inside,best_grid_T200,band_ons,0.005,,144,0.0
null,,random_static_inside,best_grid_T200,band_ons,0.005,,145,0.0
null,,random_static_inside,best_grid_T200,band_ons,0.005,,146,0.0
null,,random_static_inside,best_grid_T200,band_ons,0.005,,147,0.0
null,,random_static_inside,best_grid_T200,band_ons,0.005,,148,0.0
null,,random_static_inside,best_grid_T200,band_ons,0.005,,149,0.0
null,,random_static_inside,best_grid_T200,band_ons,0.005,,150,0.0
null,,random_static_inside,best_grid_T200,band_ons,0.005,,151,0.0
null,,random_static_inside,best_grid_T200,band_ons,0.005,,152,0.0
null,,random_static_inside,best_grid_T200,band_ons,0.005,,153,0.0
null,,random_static_inside,best_grid_T200,band_ons,0.005,,154,0.0
null,,random_static_inside,best_grid_T200,band_ons,0.005,,155,0.0
null,,random_static_inside,best_grid_T200,band_ons,0.005,,156,0.0
null,,random_static_inside,best_grid_T200,band_ons,0.005,,157,0.0
null,,random_static_inside,best_grid_T200,band_ons,0.005,,158,0.0
null,,random_static_inside,best_grid_T200,band_ons,0.005,,159,0.0
null,,random_static_inside,best_grid_T200,band_ons,0.005,,160,0.0
null,,random_static_inside,best_grid_T200,band_ons,0.005,,161,0.0
null,,random_static_inside,best_grid_T200,band_ons,0.005,,162,0.0
null,,random_static_inside,best_grid_T200,band_ons,0.005,,163,0.0
null,,random_static_inside,best_grid_T200,band_ons,0.005,,164,0.0
null,,random_static_inside,best_grid_T200,band_ons,0.005,,165,0.0
null,,random_static_inside,best_grid_T200,band_ons,0.005,,166,0.0
null,,random_static_inside,best_grid_T200,band_ons,0.005,,167,0.0
null,,random_static_inside,best_grid_T200,band_ons,0.005,,168,0.0
null,,random_static_inside,best_grid_T200,band_ons,0.005,,169,0.0
null,,random_static_inside,best_grid_T200,band_ons,0.005,,170,0.0
null,,random_static_inside,best_grid_T200,band_ons,0.005,,171,0.0
null,,random_static_inside,best_grid_T200,band_ons,0.005,,172,0.0
null,,random_static_inside,best_grid_T200,band_ons,0.005,,173,0.0
null,,random_static_inside,best_grid_T200,band_ons,0.005,,174,0.0
null,,random_static_inside,best_grid_T200,band_ons,0.005,,175,0.0
null,,random_static_inside,best_grid_T200,band_ons,0.005,,176,0.0
null,,random_static_inside,best_grid_T200,band_ons,0.005,,177,0.0
null,,random_static_inside,best_grid_T200,band_ons,0.005,,178,0.0
null,,random_static_inside,best_grid_T200,band_ons,0.005,,179,0.0
null,,random_static_inside,best_grid_T200,band_ons,0.005,,180,0.0
null,,random_static_inside,best_grid_T200,band_ons,0.005,,181,0.0
null,,random_static_inside,best_grid_T200,band_ons,0.005,,182,0.0
null,,random_static_inside,best_grid_T200,band_ons,0.005,,183,0.0
null,,random_static_inside,best_grid_T200,band_ons,0.005,,184,0.0
null,,random_static_inside,best_grid_T200,band_ons,0.005,,185,0.0
null,,random_static_inside,best_grid_T200,band_ons,0.005,,186,0.0
null,,random_static_inside,best_grid_T200,band_ons,0.005,,187,0.0
null,,random_static_inside,best_grid_T200,band_ons,0.005,,188,0.0
null,,random_static_inside,best_grid_T200,band_ons,0.005,,189,0.0
null,,random_static_inside,best_grid_T200,band_ons,0.005,,190,0.0
null,,random_static_inside,best_grid_T200,band_ons,0.005,,191,0.0
null,,random_static_inside,best_grid_T200,band_ons,0.005,,192,0.0
null,,random_static_inside,best_grid_T200,band_ons,0.005,,193,0.0
null,,random_static_inside,best_grid_T200,band_ons,0.005,,194,0.0
null,,random_static_inside,best_grid_T200,band_ons,0.005,,195,0.0
null,,random_static_inside,best_grid_T200,band_ons,0.005,,196,0.0
null,,random_static_inside,best_grid_T200,band_ons,0.005,,197,0.0
null,,random_static_inside,best_grid_T200,band_ons,0.005,,198,0.0
null,,random_static_inside,best_grid_T200,band_ons,0.005,,199,0.0
null,,random_static_inside,best_grid_T200,band_ons,0.005,,200,0.0
null,,random_static_inside,oracle,oracle,,,1,0.0
null,,random_static_inside,oracle,oracle,,,2,0.0
null,,random_static_inside,oracle,oracle,,,3,0.0038
null,,random_static_inside,oracle,oracle,,,4,0.0082
null,,random_static_inside,oracle,oracle,,,5,0.0108
null,,random_static_inside,oracle,oracle,,,6,0.0126
null,,random_static_inside,oracle,oracle,,,7,0.014
null,,random_static_inside,oracle,oracle,,,8,0.0158
null,,random_static_inside,oracle,oracle,,,9,0.0176
null,,random_static_inside,oracle,oracle,,,10,0.0186
null,,random_static_inside,oracle,oracle,,,11,0.019
null,,random_static_inside,oracle,oracle,,,12,0.0198
null,,random_static_inside,oracle,oracle,,,13,0.0202
null,,random_static_inside,oracle,oracle,,,14,0.0208
null,,random_static_inside,oracle,oracle,,,15,0.021
null,,random_static_inside,oracle,oracle,,,16,0.0214
null,,random_static_inside,oracle,oracle,,,17,0.022
null,,random_static_inside,oracle,oracle,,,18,0.0222
null,,random_static_inside,oracle,oracle,,,19,0.0226
null,,random_static_inside,oracle,oracle,,,20,0.0228
null,,random_static_inside,oracle,oracle,,,21,0.023
null,,random_static_inside,oracle,oracle,,,22,0.0232
null,,random_static_inside,oracle,oracle,,,23,0.0234
null,,random_static_inside,oracle,oracle,,,24,0.0236
null,,random_static_inside,oracle,oracle,,,25,0.0242
null,,random_static_inside,oracle,oracle,,,26,0.0244
null,,random_static_inside,oracle,oracle,,,27,0.0244
null,,random_static_inside,oracle,oracle,,,28,0.0252
null,,random_static_inside,oracle,oracle,,,29,0.0256
null,,random_static_inside,oracle,oracle,,,30,0.0256
null,,random_static_inside,oracle,oracle,,,31,0.0258
null,,random_static_inside,oracle,oracle,,,32,0.0262
null,,random_static_inside,oracle,oracle,,,33,0.0262
null,,random_static_inside,oracle,oracle,,,34,0.0262
null,,random_static_inside,oracle,oracle,,,35,0.0264
null,,random_static_inside,oracle,oracle,,,36,0.0268
null,,random_static_inside,oracle,oracle,,,37,0.027
null,,random_static_inside,oracle,oracle,,,38,0.0272
null,,random_static_inside,oracle,oracle,,,39,0.0272
null,,random_static_inside,oracle,oracle,,,40,0.0272
null,,random_static_inside,oracle,oracle,,,41,0.0272
null,,random_static_inside,oracle,oracle,,,42,0.0276
null,,random_static_inside,oracle,oracle,,,43,0.0278
null,,random_static_inside,oracle,oracle,,,44,0.0282
null,,random_static_inside,oracle,oracle,,,45,0.0282
null,,random_static_inside,oracle,oracle,,,46,0.0282
null,,random_static_inside,oracle,oracle,,,47,0.0284
null,,random_static_inside,oracle,oracle,,,48,0.0284
null,,random_static_inside,oracle,oracle,,,49,0.029
null,,random_static_inside,oracle,oracle,,,50,0.029
null,,random_static_inside,oracle,oracle,,,51,0.029
null,,random_static_inside,oracle,oracle,,,52,0.029
null,,random_static_inside,oracle,oracle,,,53,0.0292
null,,random_static_inside,oracle,oracle,,,54,0.0292
null,,random_static_inside,oracle,oracle,,,55,0.0292
null,,random_static_inside,oracle,oracle,,,56,0.0294
null,,random_static_inside,oracle,oracle,,,57,0.0296
null,,random_static_inside,oracle,oracle,,,58,0.03
null,,random_static_inside,oracle,oracle,,,59,0.0306
null,,random_static_inside,oracle,oracle,,,60,0.0306
null,,random_static_inside,oracle,oracle,,,61,0.0306
null,,random_static_inside,oracle,oracle,,,62,0.0308
null,,random_static_inside,oracle,oracle,,,63,0.0312
null,,random_static_inside,oracle,oracle,,,64,0.0312
null,,random_static_inside,oracle,oracle,,,65,0.0312
null,,random_static_inside,oracle,oracle,,,66,0.0312
null,,random_static_inside,oracle,oracle,,,67,0.0312
null,,random_static_inside,oracle,oracle,,,68,0.0312
null,,random_static_inside,oracle,oracle,,,69,0.0312
null,,random_static_inside,oracle,oracle,,,70,0.0312
null,,random_static_inside,oracle,oracle,,,71,0.0312
null,,random_static_inside,oracle,oracle,,,72,0.0314
null,,random_static_inside,oracle,oracle,,,73,0.0316
null,,random_static_inside,oracle,oracle,,,74,0.0316
null,,random_static_inside,oracle,oracle,,,75,0.0316
null,,random_static_inside,oracle,oracle,,,76,0.0316
null,,random_static_inside,oracle,oracle,,,77,0.0316
null,,random_static_inside,oracle,oracle,,,78,0.0316
null,,random_static_inside,oracle,oracle,,,79,0.0316
null,,random_static_inside,oracle,oracle,,,80,0.0316
null,,random_static_inside,oracle,oracle,,,81,0.0316
null,,random_static_inside,oracle,oracle,,,82,0.0316
null,,random_static_inside,oracle,oracle,,,83,0.0316
null,,random_static_inside,oracle,oracle,,,84,0.0318
null,,random_static_inside,oracle,oracle,,,85,0.0318
null,,random_static_inside,oracle,oracle,,,86,0.0318
null,,random_static_inside,oracle,oracle,,,87,0.0318
null,,random_static_inside,oracle,oracle,,,88,0.0318
null,,random_static_inside,oracle,oracle,,,89,0.0318
null,,random_static_inside,oracle,oracle,,,90,0.0318
null,,random_static_inside,oracle,oracle,,,91,0.0318
null,,random_static_inside,oracle,oracle,,,92,0.0318
null,,random_static_inside,oracle,oracle,,,93,0.0318
null,,random_static_inside,oracle,oracle,,,94,0.0318
null,,random_static_inside,oracle,oracle,,,95,0.0318
null,,random_static_inside,oracle,oracle,,,96,0.0318
null,,random_static_inside,oracle,oracle,,,97,0.032
null,,random_static_inside,oracle,oracle,,,98,0.032
null,,random_static_inside,oracle,oracle,,,99,0.032
null,,random_static_inside,oracle,oracle,,,100,0.032
null,,random_static_inside,oracle,oracle,,,101,0.032
null,,random_static_inside,oracle,oracle,,,102,0.0322
null,,random_static_inside,oracle,oracle,,,103,0.0322
null,,random_static_inside,oracle,oracle,,,104,0.0322
null,,random_static_inside,oracle,oracle,,,105,0.0322
null,,random_static_inside,oracle,oracle,,,106,0.0322
null,,random_static_inside,oracle,oracle,,,107,0.0322
null,,random_static_inside,oracle,oracle,,,108,0.0322
null,,random_static_inside,oracle,oracle,,,109,0.0322
null,,random_static_inside,oracle,oracle,,,110,0.0322
null,,random_static_inside,oracle,oracle,,,111,0.0322
null,,random_static_inside,oracle,oracle,,,112,0.0322
null,,random_static_inside,oracle,oracle,,,113,0.0322
null,,random_static_inside,oracle,oracle,,,114,0.0322
null,,random_static_inside,oracle,oracle,,,115,0.0322
null,,random_static_inside,oracle,oracle,,,116,0.0322
null,,random_static_inside,oracle,oracle,,,117,0.0322
null,,random_static_inside,oracle,oracle,,,118,0.0322
null,,random_static_inside,oracle,oracle,,,119,0.0322
null,,random_static_inside,oracle,oracle,,,120,0.0322
null,,random_static_inside,oracle,oracle,,,121,0.0322
null,,random_static_inside,oracle,oracle,,,122,0.0322
null,,random_static_inside,oracle,oracle,,,123,0.0322
null,,random_static_inside,oracle,oracle,,,124,0.0322
null,,random_static_inside,oracle,oracle,,,125,0.0322
null,,random_static_inside,oracle,oracle,,,126,0.0322
null,,random_static_inside,oracle,oracle,,,127,0.0322
null,,random_static_inside,oracle,oracle,,,128,0.0322
null,,random_static_inside,oracle,oracle,,,129,0.0322
null,,random_static_inside,oracle,oracle,,,130,0.0322
null,,random_static_inside,oracle,oracle,,,131,0.0322
null,,random_static_inside,oracle,oracle,,,132,0.0322
null,,random_static_inside,oracle,oracle,,,133,0.0322
null,,random_static_inside,oracle,oracle,,,134,0.0322
null,,random_static_inside,oracle,oracle,,,135,0.0322
null,,random_static_inside,oracle,oracle,,,136,0.0322
null,,random_static_inside,oracle,oracle,,,137,0.0322
null,,random_static_inside,oracle,oracle,,,138,0.0322
null,,random_static_inside,oracle,oracle,,,139,0.0322
null,,random_static_inside,oracle,oracle,,,140,0.0322
null,,random_static_inside,oracle,oracle,,,141,0.0322
null,,random_static_inside,oracle,oracle,,,142,0.0322
null,,random_static_inside,oracle,oracle,,,143,0.0322
null,,random_static_inside,oracle,oracle,,,144,0.0322
null,,random_static_inside,oracle,oracle,,,145,0.0322
null,,random_static_inside,oracle,oracle,,,146,0.0324
null,,random_static_inside,oracle,oracle,,,147,0.0324
null,,random_static_inside,oracle,oracle,,,148,0.0324
null,,random_static_inside,oracle,oracle,,,149,0.0324
null,,random_static_inside,oracle,oracle,,,150,0.0324
null,,random_static_inside,oracle,oracle,,,151,0.0324
null,,random_static_inside,oracle,oracle,,,152,0.0324
null,,random_static_inside,oracle,oracle,,,153,0.0324
null,,random_static_inside,oracle,oracle,,,154,0.0324
null,,random_static_inside,oracle,oracle,,,155,0.0324
null,,random_static_inside,oracle,oracle,,,156,0.0324
null,,random_static_inside,oracle,oracle,,,157,0.0324
null,,random_static_inside,oracle,oracle,,,158,0.0324
null,,random_static_inside,oracle,oracle,,,159,0.0324
null,,random_static_inside,oracle,oracle,,,160,0.0324
null,,random_static_inside,oracle,oracle,,,161,0.0324
null,,random_static_inside,oracle,oracle,,,162,0.0324
null,,random_static_inside,oracle,oracle,,,163,0.0324
null,,random_static_inside,oracle,oracle,,,164,0.0324
null,,random_static_inside,oracle,oracle,,,165,0.0324
null,,random_static_inside,oracle,oracle,,,166,0.0324
null,,random_static_inside,oracle,oracle,,,167,0.0324
null,,random_static_inside,oracle,oracle,,,168,0.0324
null,,random_static_inside,oracle,oracle,,,169,0.0324
null,,random_static_inside,oracle,oracle,,,170,0.0324
null,,random_static_inside,oracle,oracle,,,171,0.0324
null,,random_static_inside,oracle,oracle,,,172,0.0324
null,,random_static_inside,oracle,oracle,,,173,0.0324
null,,random_static_inside,oracle,oracle,,,174,0.0324
null,,random_static_inside,oracle,oracle,,,175,0.0324
null,,random_static_inside,oracle,oracle,,,176,0.0324
null,,random_static_inside,oracle,oracle,,,177,0.0324
null,,random_static_inside,oracle,oracle,,,178,0.0324
null,,random_static_inside,oracle,oracle,,,179,0.0324
null,,random_static_inside,oracle,oracle,,,180,0.0324
null,,random_static_inside,oracle,oracle,,,181,0.0324
null,,random_static_inside,oracle,oracle,,,182,0.0324
null,,random_static_inside,oracle,oracle,,,183,0.0324
null,,random_static_inside,oracle,oracle,,,184,0.0324
null,,random_static_inside,oracle,oracle,,,185,0.0324
null,,random_static_inside,oracle,oracle,,,186,0.0324
null,,random_static_inside,oracle,oracle,,,187,0.0324
null,,random_static_inside,oracle,oracle,,,188,0.0324
null,,random_static_inside,oracle,oracle,,,189,0.0324
null,,random_static_inside,oracle,oracle,,,190,0.0324
null,,random_static_inside,oracle,oracle,,,191,0.0324
null,,random_static_inside,oracle,oracle,,,192,0.0324
null,,random_static_inside,oracle,oracle,,,193,0.0324
null,,random_static_inside,oracle,oracle,,,194,0.0324
null,,random_static_inside,oracle,oracle,,,195,0.0324
null,,random_static_inside,oracle,oracle,,,196,0.0324
null,,random_static_inside,oracle,oracle,,,197,0.0324
null,,random_static_inside,oracle,oracle,,,198,0.0324
null,,random_static_inside,oracle,oracle,,,199,0.0324
null,,random_static_inside,oracle,oracle,,,200,0.0324
beta_2,2.0,high_outside,static,static,,,1,0.0
beta_2,2.0,high_outside,static,static,,,2,0.0
beta_2,2.0,high_outside,static,static,,,3,0.0032
beta_2,2.0,high_outside,static,static,,,4,0.006
beta_2,2.0,high_outside,static,static,,,5,0.0178
beta_2,2.0,high_outside,static,static,,,6,0.023
beta_2,2.0,high_outside,static,static,,,7,0.0318
beta_2,2.0,high_outside,static,static,,,8,0.0384
beta_2,2.0,high_outside,static,static,,,9,0.0436
beta_2,2.0,high_outside,static,static,,,10,0.0522
beta_2,2.0,high_outside,static,static,,,11,0.0576
beta_2,2.0,high_outside,static,static,,,12,0.0646
beta_2,2.0,high_outside,static,static,,,13,0.0704
beta_2,2.0,high_outside,static,static,,,14,0.0732
beta_2,2.0,high_outside,static,static,,,15,0.0782
beta_2,2.0,high_outside,static,static,,,16,0.0816
beta_2,2.0,high_outside,static,static,,,17,0.087
beta_2,2.0,high_outside,static,static,,,18,0.0914
beta_2,2.0,high_outside,static,static,,,19,0.0938
beta_2,2.0,high_outside,static,static,,,20,0.0962
beta_2,2.0,high_outside,static,static,,,21,0.1
beta_2,2.0,high_outside,static,static,,,22,0.1026
beta_2,2.0,high_outside,static,static,,,23,0.1044
beta_2,2.0,high_outside,static,static,,,24,0.1062
beta_2,2.0,high_outside,static,static,,,25,0.1078
beta_2,2.0,high_outside,static,static,,,26,0.11
beta_2,2.0,high_outside,static,static,,,27,0.1124
beta_2,2.0,high_outside,static,static,,,28,0.1142
beta_2,2.0,high_outside,static,static,,,29,0.1158
beta_2,2.0,high_outside,static,static,,,30,0.1172
beta_2,2.0,high_outside,static,static,,,31,0.1198
beta_2,2.0,high_outside,static,static,,,32,0.1222
beta_2,2.0,high_outside,static,static,,,33,0.1246
beta_2,2.0,high_outside,static,static,,,34,0.1254
beta_2,2.0,high_outside,static,static,,,35,0.127
beta_2,2.0,high_outside,static,static,,,36,0.1284
beta_2,2.0,high_outside,static,static,,,37,0.1296
beta_2,2.0,high_outside,static,static,,,38,0.1316
beta_2,2.0,high_outside,static,static,,,39,0.1332
beta_2,2.0,high_outside,static,static,,,40,0.1346
beta_2,2.0,high_outside,static,static,,,41,0.1368
beta_2,2.0,high_outside,static,static,,,42,0.1382
beta_2,2.0,high_outside,static,static,,,43,0.1388
beta_2,2.0,high_outside,static,static,,,44,0.1404
beta_2,2.0,high_outside,static,static,,,45,0.1418
beta_2,2.0,high_outside,static,static,,,46,0.1424
beta_2,2.0,high_outside,static,static,,,47,0.1436
beta_2,2.0,high_outside,static,static,,,48,0.1446
beta_2,2.0,high_outside,static,static,,,49,0.1456
beta_2,2.0,high_outside,static,static,,,50,0.1474
beta_2,2.0,high_outside,static,static,,,51,0.1482
beta_2,2.0,high_outside,static,static,,,52,0.1486
beta_2,2.0,high_outside,static,static,,,53,0.149
beta_2,2.0,high_outside,static,static,,,54,0.1506
beta_2,2.0,high_outside,static,static,,,55,0.1516
beta_2,2.0,high_outside,static,static,,,56,0.153
beta_2,2.0,high_outside,static,static,,,57,0.1544
beta_2,2.0,high_outside,static,static,,,58,0.1566
beta_2,2.0,high_outside,static,static,,,59,0.158
beta_2,2.0,high_outside,static,static,,,60,0.1582
beta_2,2.0,high_outside,static,static,,,61,0.1598
beta_2,2.0,high_outside,static,static,,,62,0.1604
beta_2,2.0,high_outside,static,static,,,63,0.1614
beta_2,2.0,high_outside,static,static,,,64,0.162
beta_2,2.0,high_outside,static,static,,,65,0.1624
beta_2,2.0,high_outside,static,static,,,66,0.163
beta_2,2.0,high_outside,static,static,,,67,0.164
beta_2,2.0,high_outside,static,static,,,68,0.1644
beta_2,2.0,high_outside,static,static,,,69,0.1648
beta_2,2.0,high_outside,static,static,,,70,0.1654
beta_2,2.0,high_outside,static,static,,,71,0.1656
beta_2,2.0,high_outside,static,static,,,72,0.1662
beta_2,2.0,high_outside,static,static,,,73,0.1666
beta_2,2.0,high_outside,static,static,,,74,0.1668
beta_2,2.0,high_outside,static,static,,,75,0.1684
beta_2,2.0,high_outside,static,static,,,76,0.1692
beta_2,2.0,high_outside,static,static,,,77,0.1698
beta_2,2.0,high_outside,static,static,,,78,0.1706
beta_2,2.0,high_outside,static,static,,,79,0.1712
beta_2,2.0,high_outside,static,static,,,80,0.1716
beta_2,2.0,high_outside,static,static,,,81,0.1728
beta_2,2.0,high_outside,static,static,,,82,0.1728
beta_2,2.0,high_outside,static,static,,,83,0.1732
beta_2,2.0,high_outside,static,static,,,84,0.1736
beta_2,2.0,high_outside,static,static,,,85,0.174
beta_2,2.0,high_outside,static,static,,,86,0.1742
beta_2,2.0,high_outside,static,static,,,87,0.1746
beta_2,2.0,high_outside,static,static,,,88,0.1746
beta_2,2.0,high_outside,static,static,,,89,0.1754
beta_2,2.0,high_outside,static,static,,,90,0.1758
beta_2,2.0,high_outside,static,static,,,91,0.1762
beta_2,2.0,high_outside,static,static,,,92,0.177
beta_2,2.0,high_outside,static,static,,,93,0.1774
beta_2,2.0,high_outside,static,static,,,94,0.178
beta_2,2.0,high_outside,static,static,,,95,0.1788
beta_2,2.0,high_outside,static,static,,,96,0.1796
beta_2,2.0,high_outside,static,static,,,97,0.1802
beta_2,2.0,high_outside,static,static,,,98,0.1804
beta_2,2.0,high_outside,static,static,,,99,0.1812
beta_2,2.0,high_outside,static,static,,,100,0.1818
beta_2,2.0,high_outside,static,static,,,101,0.182
beta_2,2.0,high_outside,static,static,,,102,0.1826
beta_2,2.0,high_outside,static,static,,,103,0.1834
beta_2,2.0,high_outside,static,static,,,104,0.1836
beta_2,2.0,high_outside,static,static,,,105,0.184
beta_2,2.0,high_outside,static,static,,,106,0.1844
beta_2,2.0,high_outside,static,static,,,107,0.185
beta_2,2.0,high_outside,static,static,,,108,0.1854
beta_2,2.0,high_outside,static,static,,,109,0.1854
beta_2,2.0,high_outside,static,static,,,110,0.1858
beta_2,2.0,high_outside,static,static,,,111,0.1862
beta_2,2.0,high_outside,static,static,,,112,0.1868
beta_2,2.0,high_outside,static,static,,,113,0.1872
beta_2,2.0,high_outside,static,static,,,114,0.1874
beta_2,2.0,high_outside,static,static,,,115,0.1874
beta_2,2.0,high_outside,static,static,,,116,0.1876
beta_2,2.0,high_outside,static,static,,,117,0.188
beta_2,2.0,high_outside,static,static,,,118,0.1884
beta_2,2.0,high_outside,static,static,,,119,0.1892
beta_2,2.0,high_outside,static,static,,,120,0.1892
beta_2,2.0,high_outside,static,static,,,121,0.1894
beta_2,2.0,high_outside,static,static,,,122,0.1898
beta_2,2.0,high_outside,static,static,,,123,0.1898
beta_2,2.0,high_outside,static,static,,,124,0.1902
beta_2,2.0,high_outside,static,static,,,125,0.1902
beta_2,2.0,high_outside,static,static,,,126,0.1904
beta_2,2.0,high_outside,static,static,,,127,0.1904
beta_2,2.0,high_outside,static,static,,,128,0.1906
beta_2,2.0,high_outside,static,static,,,129,0.1908
beta_2,2.0,high_outside,static,static,,,130,0.1912
beta_2,2.0,high_outside,static,static,,,131,0.1914
beta_2,2.0,high_outside,static,static,,,132,0.192
beta_2,2.0,high_outside,static,static,,,133,0.1924
beta_2,2.0,high_outside,static,static,,,134,0.1926
beta_2,2.0,high_outside,static,static,,,135,0.193
beta_2,2.0,high_outside,static,static,,,136,0.1932
beta_2,2.0,high_outside,static,static,,,137,0.1938
beta_2,2.0,high_outside,static,static,,,138,0.194
beta_2,2.0,high_outside,static,static,,,139,0.194
beta_2,2.0,high_outside,static,static,,,140,0.194
beta_2,2.0,high_outside,static,static,,,141,0.194
beta_2,2.0,high_outside,static,static,,,142,0.1944
beta_2,2.0,high_outside,static,static,,,143,0.1944
beta_2,2.0,high_outside,static,static,,,144,0.1944
beta_2,2.0,high_outside,static,static,,,145,0.1954
beta_2,2.0,high_outside,static,static,,,146,0.1954
beta_2,2.0,high_outside,static,static,,,147,0.1962
beta_2,2.0,high_outside,static,static,,,148,0.1962
beta_2,2.0,high_outside,static,static,,,149,0.1962
beta_2,2.0,high_outside,static,static,,,150,0.1964
beta_2,2.0,high_outside,static,static,,,151,0.1964
beta_2,2.0,high_outside,static,static,,,152,0.1964
beta_2,2.0,high_outside,static,static,,,153,0.1968
beta_2,2.0,high_outside,static,static,,,154,0.197
beta_2,2.0,high_outside,static,static,,,155,0.1972
beta_2,2.0,high_outside,static,static,,,156,0.1976
beta_2,2.0,high_outside,static,static,,,157,0.1978
beta_2,2.0,high_outside,static,static,,,158,0.1978
beta_2,2.0,high_outside,static,static,,,159,0.1978
beta_2,2.0,high_outside,static,static,,,160,0.1978
beta_2,2.0,high_outside,static,static,,,161,0.1984
beta_2,2.0,high_outside,static,static,,,162,0.1988
beta_2,2.0,high_outside,static,static,,,163,0.1988
beta_2,2.0,high_outside,static,static,,,164,0.1994
beta_2,2.0,high_outside,static,static,,,165,0.1994
beta_2,2.0,high_outside,static,static,,,166,0.1996
beta_2,2.0,high_outside,static,static,,,167,0.1998
beta_2,2.0,high_outside,static,static,,,168,0.1998
beta_2,2.0,high_outside,static,static,,,169,0.1998
beta_2,2.0,high_outside,static,static,,,170,0.2002
beta_2,2.0,high_outside,static,static,,,171,0.2004
beta_2,2.0,high_outside,static,static,,,172,0.2004
beta_2,2.0,high_outside,static,static,,,173,0.2006
beta_2,2.0,high_outside,static,static,,,174,0.2008
beta_2,2.0,high_outside,static,static,,,175,0.2008
beta_2,2.0,high_outside,static,static,,,176,0.2012
beta_2,2.0,high_outside,static,static,,,177,0.2012
beta_2,2.0,high_outside,static,static,,,178,0.2012
beta_2,2.0,high_outside,static,static,,,179,0.2014
beta_2,2.0,high_outside,static,static,,,180,0.2014
beta_2,2.0,high_outside,static,static,,,181,0.2016
beta_2,2.0,high_outside,static,static,,,182,0.2018
beta_2,2.0,high_outside,static,static,,,183,0.2018
beta_2,2.0,high_outside,static,static,,,184,0.202
beta_2,2.0,high_outside,static,static,,,185,0.202
beta_2,2.0,high_outside,static,static,,,186,0.2024
beta_2,2.0,high_outside,static,static,,,187,0.2024
beta_2,2.0,high_outside,static,static,,,188,0.2024
beta_2,2.0,high_outside,static,static,,,189,0.2024
beta_2,2.0,high_outside,static,static,,,190,0.2026
beta_2,2.0,high_outside,static,static,,,191,0.2026
beta_2,2.0,high_outside,static,static,,,192,0.2026
beta_2,2.0,high_outside,static,static,,,193,0.2026
beta_2,2.0,high_outside,static,static,,,194,0.203
beta_2,2.0,high_outside,static,static,,,195,0.203
beta_2,2.0,high_outside,static,static,,,196,0.2032
beta_2,2.0,high_outside,static,static,,,197,0.2032
beta_2,2.0,high_outside,static,static,,,198,0.2036
beta_2,2.0,high_outside,static,static,,,199,0.2036
beta_2,2.0,high_outside,static,static,,,200,0.2036
beta_2,2.0,high_outside,primary_baseline,band_mix,0.045,,1,0.0
beta_2,2.0,high_outside,primary_baseline,band_mix,0.045,,2,0.0
beta_2,2.0,high_outside,primary_baseline,band_mix,0.045,,3,0.0
beta_2,2.0,high_outside,primary_baseline,band_mix,0.045,,4,0.0
beta_2,2.0,high_outside,primary_baseline,band_mix,0.045,,5,0.0
beta_2,2.0,high_outside,primary_baseline,band_mix,0.045,,6,0.0
beta_2,2.0,high_outside,primary_baseline,band_mix,0.045,,7,0.0
beta_2,2.0,high_outside,primary_baseline,band_mix,0.045,,8,0.0
beta_2,2.0,high_outside,primary_baseline,band_mix,0.045,,9,0.0
beta_2,2.0,high_outside,primary_baseline,band_mix,0.045,,10,0.0
beta_2,2.0,high_outside,primary_baseline,band_mix,0.045,,11,0.0
beta_2,2.0,high_outside,primary_baseline,band_mix,0.045,,12,0.0
beta_2,2.0,high_outside,primary_baseline,band_mix,0.045,,13,0.0
beta_2,2.0,high_outside,primary_baseline,band_mix,0.045,,14,0.0
beta_2,2.0,high_outside,primary_baseline,band_mix,0.045,,15,0.0
beta_2,2.0,high_outside,primary_baseline,band_mix,0.045,,16,0.0
beta_2,2.0,high_outside,primary_baseline,band_mix,0.045,,17,0.0
beta_2,2.0,high_outside,primary_baseline,band_mix,0.045,,18,0.0
beta_2,2.0,high_outside,primary_baseline,band_mix,0.045,,19,0.0
beta_2,2.0,high_outside,primary_baseline,band_mix,0.045,,20,0.0
beta_2,2.0,high_outside,primary_baseline,band_mix,0.045,,21,0.0
beta_2,2.0,high_outside,primary_baseline,band_mix,0.045,,22,0.0
beta_2,2.0,high_outside,primary_baseline,band_mix,0.045,,23,0.0
beta_2,2.0,high_outside,primary_baseline,band_mix,0.045,,24,0.0
beta_2,2.0,high_outside,primary_baseline,band_mix,0.045,,25,0.0
beta_2,2.0,high_outside,primary_baseline,band_mix,0.045,,26,0.0
beta_2,2.0,high_outside,primary_baseline,band_mix,0.045,,27,0.0
beta_2,2.0,high_outside,primary_baseline,band_mix,0.045,,28,0.0
beta_2,2.0,high_outside,primary_baseline,band_mix,0.045,,29,0.0
beta_2,2.0,high_outside,primary_baseline,band_mix,0.045,,30,0.0
beta_2,2.0,high_outside,primary_baseline,band_mix,0.045,,31,0.0
beta_2,2.0,high_outside,primary_baseline,band_mix,0.045,,32,0.0
beta_2,2.0,high_outside,primary_baseline,band_mix,0.045,,33,0.0
beta_2,2.0,high_outside,primary_baseline,band_mix,0.045,,34,0.0
beta_2,2.0,high_outside,primary_baseline,band_mix,0.045,,35,0.0
beta_2,2.0,high_outside,primary_baseline,band_mix,0.045,,36,0.0
beta_2,2.0,high_outside,primary_baseline,band_mix,0.045,,37,0.0
beta_2,2.0,high_outside,primary_baseline,band_mix,0.045,,38,0.0
beta_2,2.0,high_outside,primary_baseline,band_mix,0.045,,39,0.0
beta_2,2.0,high_outside,primary_baseline,band_mix,0.045,,40,0.0
beta_2,2.0,high_outside,primary_baseline,band_mix,0.045,,41,0.0
beta_2,2.0,high_outside,primary_baseline,band_mix,0.045,,42,0.0
beta_2,2.0,high_outside,primary_baseline,band_mix,0.045,,43,0.0
beta_2,2.0,high_outside,primary_baseline,band_mix,0.045,,44,0.0
beta_2,2.0,high_outside,primary_baseline,band_mix,0.045,,45,0.0
beta_2,2.0,high_outside,primary_baseline,band_mix,0.045,,46,0.0
beta_2,2.0,high_outside,primary_baseline,band_mix,0.045,,47,0.0
beta_2,2.0,high_outside,primary_baseline,band_mix,0.045,,48,0.0
beta_2,2.0,high_outside,primary_baseline,band_mix,0.045,,49,0.0
beta_2,2.0,high_outside,primary_baseline,band_mix,0.045,,50,0.0
beta_2,2.0,high_outside,primary_baseline,band_mix,0.045,,51,0.0
beta_2,2.0,high_outside,primary_baseline,band_mix,0.045,,52,0.0
beta_2,2.0,high_outside,primary_baseline,band_mix,0.045,,53,0.0
beta_2,2.0,high_outside,primary_baseline,band_mix,0.045,,54,0.0
beta_2,2.0,high_outside,primary_baseline,band_mix,0.045,,55,0.0
beta_2,2.0,high_outside,primary_baseline,band_mix,0.045,,56,0.0
beta_2,2.0,high_outside,primary_baseline,band_mix,0.045,,57,0.0
beta_2,2.0,high_outside,primary_baseline,band_mix,0.045,,58,0.0
beta_2,2.0,high_outside,primary_baseline,band_mix,0.045,,59,0.0
beta_2,2.0,high_outside,primary_baseline,band_mix,0.045,,60,0.0
beta_2,2.0,high_outside,primary_baseline,band_mix,0.045,,61,0.0
beta_2,2.0,high_outside,primary_baseline,band_mix,0.045,,62,0.0
beta_2,2.0,high_outside,primary_baseline,band_mix,0.045,,63,0.0
beta_2,2.0,high_outside,primary_baseline,band_mix,0.045,,64,0.0
beta_2,2.0,high_outside,primary_baseline,band_mix,0.045,,65,0.0
beta_2,2.0,high_outside,primary_baseline,band_mix,0.045,,66,0.0
beta_2,2.0,high_outside,primary_baseline,band_mix,0.045,,67,0.0
beta_2,2.0,high_outside,primary_baseline,band_mix,0.045,,68,0.0
beta_2,2.0,high_outside,primary_baseline,band_mix,0.045,,69,0.0
beta_2,2.0,high_outside,primary_baseline,band_mix,0.045,,70,0.0
beta_2,2.0,high_outside,primary_baseline,band_mix,0.045,,71,0.0
beta_2,2.0,high_outside,primary_baseline,band_mix,0.045,,72,0.0
beta_2,2.0,high_outside,primary_baseline,band_mix,0.045,,73,0.0
beta_2,2.0,high_outside,primary_baseline,band_mix,0.045,,74,0.0
beta_2,2.0,high_outside,primary_baseline,band_mix,0.045,,75,0.0
beta_2,2.0,high_outside,primary_baseline,band_mix,0.045,,76,0.0
beta_2,2.0,high_outside,primary_baseline,band_mix,0.045,,77,0.0
beta_2,2.0,high_outside,primary_baseline,band_mix,0.045,,78,0.0
beta_2,2.0,high_outside,primary_baseline,band_mix,0.045,,79,0.0
beta_2,2.0,high_outside,primary_baseline,band_mix,0.045,,80,0.0
beta_2,2.0,high_outside,primary_baseline,band_mix,0.045,,81,0.0
beta_2,2.0,high_outside,primary_baseline,band_mix,0.045,,82,0.0
beta_2,2.0,high_outside,primary_baseline,band_mix,0.045,,83,0.0
beta_2,2.0,high_outside,primary_baseline,band_mix,0.045,,84,0.0
beta_2,2.0,high_outside,primary_baseline,band_mix,0.045,,85,0.0
beta_2,2.0,high_outside,primary_baseline,band_mix,0.045,,86,0.0
beta_2,2.0,high_outside,primary_baseline,band_mix,0.045,,87,0.0
beta_2,2.0,high_outside,primary_baseline,band_mix,0.045,,88,0.0
beta_2,2.0,high_outside,primary_baseline,band_mix,0.045,,89,0.0
beta_2,2.0,high_outside,primary_baseline,band_mix,0.045,,90,0.0
beta_2,2.0,high_outside,primary_baseline,band_mix,0.045,,91,0.0
beta_2,2.0,high_outside,primary_baseline,band_mix,0.045,,92,0.0
beta_2,2.0,high_outside,primary_baseline,band_mix,0.045,,93,0.0
beta_2,2.0,high_outside,primary_baseline,band_mix,0.045,,94,0.0
beta_2,2.0,high_outside,primary_baseline,band_mix,0.045,,95,0.0
beta_2,2.0,high_outside,primary_baseline,band_mix,0.045,,96,0.0
beta_2,2.0,high_outside,primary_baseline,band_mix,0.045,,97,0.0
beta_2,2.0,high_outside,primary_baseline,band_mix,0.045,,98,0.0
beta_2,2.0,high_outside,primary_baseline,band_mix,0.045,,99,0.0
beta_2,2.0,high_outside,primary_baseline,band_mix,0.045,,100,0.0
beta_2,2.0,high_outside,primary_baseline,band_mix,0.045,,101,0.0
beta_2,2.0,high_outside,primary_baseline,band_mix,0.045,,102,0.0
beta_2,2.0,high_outside,primary_baseline,band_mix,0.045,,103,0.0
beta_2,2.0,high_outside,primary_baseline,band_mix,0.045,,104,0.0
beta_2,2.0,high_outside,primary_baseline,band_mix,0.045,,105,0.0
beta_2,2.0,high_outside,primary_baseline,band_mix,0.045,,106,0.0
beta_2,2.0,high_outside,primary_baseline,band_mix,0.045,,107,0.0
beta_2,2.0,high_outside,primary_baseline,band_mix,0.045,,108,0.0
beta_2,2.0,high_outside,primary_baseline,band_mix,0.045,,109,0.0
beta_2,2.0,high_outside,primary_baseline,band_mix,0.045,,110,0.0
beta_2,2.0,high_outside,primary_baseline,band_mix,0.045,,111,0.0
beta_2,2.0,high_outside,primary_baseline,band_mix,0.045,,112,0.0
beta_2,2.0,high_outside,primary_baseline,band_mix,0.045,,113,0.0
beta_2,2.0,high_outside,primary_baseline,band_mix,0.045,,114,0.0
beta_2,2.0,high_outside,primary_baseline,band_mix,0.045,,115,0.0
beta_2,2.0,high_outside,primary_baseline,band_mix,0.045,,116,0.0
beta_2,2.0,high_outside,primary_baseline,band_mix,0.045,,117,0.0
beta_2,2.0,high_outside,primary_baseline,band_mix,0.045,,118,0.0
beta_2,2.0,high_outside,primary_baseline,band_mix,0.045,,119,0.0
beta_2,2.0,high_outside,primary_baseline,band_mix,0.045,,120,0.0
beta_2,2.0,high_outside,primary_baseline,band_mix,0.045,,121,0.0
beta_2,2.0,high_outside,primary_baseline,band_mix,0.045,,122,0.0
beta_2,2.0,high_outside,primary_baseline,band_mix,0.045,,123,0.0
beta_2,2.0,high_outside,primary_baseline,band_mix,0.045,,124,0.0
beta_2,2.0,high_outside,primary_baseline,band_mix,0.045,,125,0.0
beta_2,2.0,high_outside,primary_baseline,band_mix,0.045,,126,0.0
beta_2,2.0,high_outside,primary_baseline,band_mix,0.045,,127,0.0
beta_2,2.0,high_outside,primary_baseline,band_mix,0.045,,128,0.0
beta_2,2.0,high_outside,primary_baseline,band_mix,0.045,,129,0.0
beta_2,2.0,high_outside,primary_baseline,band_mix,0.045,,130,0.0
beta_2,2.0,high_outside,primary_baseline,band_mix,0.045,,131,0.0
beta_2,2.0,high_outside,primary_baseline,band_mix,0.045,,132,0.0
beta_2,2.0,high_outside,primary_baseline,band_mix,0.045,,133,0.0
beta_2,2.0,high_outside,primary_baseline,band_mix,0.045,,134,0.0
beta_2,2.0,high_outside,primary_baseline,band_mix,0.045,,135,0.0
beta_2,2.0,high_outside,primary_baseline,band_mix,0.045,,136,0.0
beta_2,2.0,high_outside,primary_baseline,band_mix,0.045,,137,0.0
beta_2,2.0,high_outside,primary_baseline,band_mix,0.045,,138,0.0
beta_2,2.0,high_outside,primary_baseline,band_mix,0.045,,139,0.0
beta_2,2.0,high_outside,primary_baseline,band_mix,0.045,,140,0.0
beta_2,2.0,high_outside,primary_baseline,band_mix,0.045,,141,0.0
beta_2,2.0,high_outside,primary_baseline,band_mix,0.045,,142,0.0
beta_2,2.0,high_outside,primary_baseline,band_mix,0.045,,143,0.0
beta_2,2.0,high_outside,primary_baseline,band_mix,0.045,,144,0.0
beta_2,2.0,high_outside,primary_baseline,band_mix,0.045,,145,0.0
beta_2,2.0,high_outside,primary_baseline,band_mix,0.045,,146,0.0
beta_2,2.0,high_outside,primary_baseline,band_mix,0.045,,147,0.0
beta_2,2.0,high_outside,primary_baseline,band_mix,0.045,,148,0.0
beta_2,2.0,high_outside,primary_baseline,band_mix,0.045,,149,0.0
beta_2,2.0,high_outside,primary_baseline,band_mix,0.045,,150,0.0
beta_2,2.0,high_outside,primary_baseline,band_mix,0.045,,151,0.0
beta_2,2.0,high_outside,primary_baseline,band_mix,0.045,,152,0.0
beta_2,2.0,high_outside,primary_baseline,band_mix,0.045,,153,0.0
beta_2,2.0,high_outside,primary_baseline,band_mix,0.045,,154,0.0
beta_2,2.0,high_outside,primary_baseline,band_mix,0.045,,155,0.0
beta_2,2.0,high_outside,primary_baseline,band_mix,0.045,,156,0.0
beta_2,2.0,high_outside,primary_baseline,band_mix,0.045,,157,0.0
beta_2,2.0,high_outside,primary_baseline,band_mix,0.045,,158,0.0
beta_2,2.0,high_outside,primary_baseline,band_mix,0.045,,159,0.0
beta_2,2.0,high_outside,primary_baseline,band_mix,0.045,,160,0.0
beta_2,2.0,high_outside,primary_baseline,band_mix,0.045,,161,0.0
beta_2,2.0,high_outside,primary_baseline,band_mix,0.045,,162,0.0
beta_2,2.0,high_outside,primary_baseline,band_mix,0.045,,163,0.0
beta_2,2.0,high_outside,primary_baseline,band_mix,0.045,,164,0.0
beta_2,2.0,high_outside,primary_baseline,band_mix,0.045,,165,0.0
beta_2,2.0,high_outside,primary_baseline,band_mix,0.045,,166,0.0
beta_2,2.0,high_outside,primary_baseline,band_mix,0.045,,167,0.0
beta_2,2.0,high_outside,primary_baseline,band_mix,0.045,,168,0.0
beta_2,2.0,high_outside,primary_baseline,band_mix,0.045,,169,0.0
beta_2,2.0,high_outside,primary_baseline,band_mix,0.045,,170,0.0
beta_2,2.0,high_outside,primary_baseline,band_mix,0.045,,171,0.0
beta_2,2.0,high_outside,primary_baseline,band_mix,0.045,,172,0.0
beta_2,2.0,high_outside,primary_baseline,band_mix,0.045,,173,0.0
beta_2,2.0,high_outside,primary_baseline,band_mix,0.045,,174,0.0
beta_2,2.0,high_outside,primary_baseline,band_mix,0.045,,175,0.0
beta_2,2.0,high_outside,primary_baseline,band_mix,0.045,,176,0.0
beta_2,2.0,high_outside,primary_baseline,band_mix,0.045,,177,0.0
beta_2,2.0,high_outside,primary_baseline,band_mix,0.045,,178,0.0002
beta_2,2.0,high_outside,primary_baseline,band_mix,0.045,,179,0.0002
beta_2,2.0,high_outside,primary_baseline,band_mix,0.045,,180,0.0002
beta_2,2.0,high_outside,primary_baseline,band_mix,0.045,,181,0.0002
beta_2,2.0,high_outside,primary_baseline,band_mix,0.045,,182,0.0002
beta_2,2.0,high_outside,primary_baseline,band_mix,0.045,,183,0.0002
beta_2,2.0,high_outside,primary_baseline,band_mix,0.045,,184,0.0002
beta_2,2.0,high_outside,primary_baseline,band_mix,0.045,,185,0.0002
beta_2,2.0,high_outside,primary_baseline,band_mix,0.045,,186,0.0002
beta_2,2.0,high_outside,primary_baseline,band_mix,0.045,,187,0.0002
beta_2,2.0,high_outside,primary_baseline,band_mix,0.045,,188,0.0002
beta_2,2.0,high_outside,primary_baseline,band_mix,0.045,,189,0.0002
beta_2,2.0,high_outside,primary_baseline,band_mix,0.045,,190,0.0002
beta_2,2.0,high_outside,primary_baseline,band_mix,0.045,,191,0.0002
beta_2,2.0,high_outside,primary_baseline,band_mix,0.045,,192,0.0002
beta_2,2.0,high_outside,primary_baseline,band_mix,0.045,,193,0.0002
beta_2,2.0,high_outside,primary_baseline,band_mix,0.045,,194,0.0002
beta_2,2.0,high_outside,primary_baseline,band_mix,0.045,,195,0.0002
beta_2,2.0,high_outside,primary_baseline,band_mix,0.045,,196,0.0002
beta_2,2.0,high_outside,primary_baseline,band_mix,0.045,,197,0.0002
beta_2,2.0,high_outside,primary_baseline,band_mix,0.045,,198,0.0002
beta_2,2.0,high_outside,primary_baseline,band_mix,0.045,,199,0.0002
beta_2,2.0,high_outside,primary_baseline,band_mix,0.045,,200,0.0002
beta_2,2.0,high_outside,best_grid_T200,band_mix,0.045,,1,0.0
beta_2,2.0,high_outside,best_grid_T200,band_mix,0.045,,2,0.0
beta_2,2.0,high_outside,best_grid_T200,band_mix,0.045,,3,0.0
beta_2,2.0,high_outside,best_grid_T200,band_mix,0.045,,4,0.0
beta_2,2.0,high_outside,best_grid_T200,band_mix,0.045,,5,0.0
beta_2,2.0,high_outside,best_grid_T200,band_mix,0.045,,6,0.0
beta_2,2.0,high_outside,best_grid_T200,band_mix,0.045,,7,0.0
beta_2,2.0,high_outside,best_grid_T200,band_mix,0.045,,8,0.0
beta_2,2.0,high_outside,best_grid_T200,band_mix,0.045,,9,0.0
beta_2,2.0,high_outside,best_grid_T200,band_mix,0.045,,10,0.0
beta_2,2.0,high_outside,best_grid_T200,band_mix,0.045,,11,0.0
beta_2,2.0,high_outside,best_grid_T200,band_mix,0.045,,12,0.0
beta_2,2.0,high_outside,best_grid_T200,band_mix,0.045,,13,0.0
beta_2,2.0,high_outside,best_grid_T200,band_mix,0.045,,14,0.0
beta_2,2.0,high_outside,best_grid_T200,band_mix,0.045,,15,0.0
beta_2,2.0,high_outside,best_grid_T200,band_mix,0.045,,16,0.0
beta_2,2.0,high_outside,best_grid_T200,band_mix,0.045,,17,0.0
beta_2,2.0,high_outside,best_grid_T200,band_mix,0.045,,18,0.0
beta_2,2.0,high_outside,best_grid_T200,band_mix,0.045,,19,0.0
beta_2,2.0,high_outside,best_grid_T200,band_mix,0.045,,20,0.0
beta_2,2.0,high_outside,best_grid_T200,band_mix,0.045,,21,0.0
beta_2,2.0,high_outside,best_grid_T200,band_mix,0.045,,22,0.0
beta_2,2.0,high_outside,best_grid_T200,band_mix,0.045,,23,0.0
beta_2,2.0,high_outside,best_grid_T200,band_mix,0.045,,24,0.0
beta_2,2.0,high_outside,best_grid_T200,band_mix,0.045,,25,0.0
beta_2,2.0,high_outside,best_grid_T200,band_mix,0.045,,26,0.0
beta_2,2.0,high_outside,best_grid_T200,band_mix,0.045,,27,0.0
beta_2,2.0,high_outside,best_grid_T200,band_mix,0.045,,28,0.0
beta_2,2.0,high_outside,best_grid_T200,band_mix,0.045,,29,0.0
beta_2,2.0,high_outside,best_grid_T200,band_mix,0.045,,30,0.0
beta_2,2.0,high_outside,best_grid_T200,band_mix,0.045,,31,0.0
beta_2,2.0,high_outside,best_grid_T200,band_mix,0.045,,32,0.0
beta_2,2.0,high_outside,best_grid_T200,band_mix,0.045,,33,0.0
beta_2,2.0,high_outside,best_grid_T200,band_mix,0.045,,34,0.0
beta_2,2.0,high_outside,best_grid_T200,band_mix,0.045,,35,0.0
beta_2,2.0,high_outside,best_grid_T200,band_mix,0.045,,36,0.0
beta_2,2.0,high_outside,best_grid_T200,band_mix,0.045,,37,0.0
beta_2,2.0,high_outside,best_grid_T200,band_mix,0.045,,38,0.0
beta_2,2.0,high_outside,best_grid_T200,band_mix,0.045,,39,0.0
beta_2,2.0,high_outside,best_grid_T200,band_mix,0.045,,40,0.0
beta_2,2.0,high_outside,best_grid_T200,band_mix,0.045,,41,0.0
beta_2,2.0,high_outside,best_grid_T200,band_mix,0.045,,42,0.0
beta_2,2.0,high_outside,best_grid_T200,band_mix,0.045,,43,0.0
beta_2,2.0,high_outside,best_grid_T200,band_mix,0.045,,44,0.0
beta_2,2.0,high_outside,best_grid_T200,band_mix,0.045,,45,0.0
beta_2,2.0,high_outside,best_grid_T200,band_mix,0.045,,46,0.0
beta_2,2.0,high_outside,best_grid_T200,band_mix,0.045,,47,0.0
beta_2,2.0,high_outside,best_grid_T200,band_mix,0.045,,48,0.0
beta_2,2.0,high_outside,best_grid_T200,band_mix,0.045,,49,0.0
beta_2,2.0,high_outside,best_grid_T200,band_mix,0.045,,50,0.0
beta_2,2.0,high_outside,best_grid_T200,band_mix,0.045,,51,0.0
beta_2,2.0,high_outside,best_grid_T200,band_mix,0.045,,52,0.0
beta_2,2.0,high_outside,best_grid_T200,band_mix,0.045,,53,0.0
beta_2,2.0,high_outside,best_grid_T200,band_mix,0.045,,54,0.0
beta_2,2.0,high_outside,best_grid_T200,band_mix,0.045,,55,0.0
beta_2,2.0,high_outside,best_grid_T200,band_mix,0.045,,56,0.0
beta_2,2.0,high_outside,best_grid_T200,band_mix,0.045,,57,0.0
beta_2,2.0,high_outside,best_grid_T200,band_mix,0.045,,58,0.0
beta_2,2.0,high_outside,best_grid_T200,band_mix,0.045,,59,0.0
beta_2,2.0,high_outside,best_grid_T200,band_mix,0.045,,60,0.0
beta_2,2.0,high_outside,best_grid_T200,band_mix,0.045,,61,0.0
beta_2,2.0,high_outside,best_grid_T200,band_mix,0.045,,62,0.0
beta_2,2.0,high_outside,best_grid_T200,band_mix,0.045,,63,0.0
beta_2,2.0,high_outside,best_grid_T200,band_mix,0.045,,64,0.0
beta_2,2.0,high_outside,best_grid_T200,band_mix,0.045,,65,0.0
beta_2,2.0,high_outside,best_grid_T200,band_mix,0.045,,66,0.0
beta_2,2.0,high_outside,best_grid_T200,band_mix,0.045,,67,0.0
beta_2,2.0,high_outside,best_grid_T200,band_mix,0.045,,68,0.0
beta_2,2.0,high_outside,best_grid_T200,band_mix,0.045,,69,0.0
beta_2,2.0,high_outside,best_grid_T200,band_mix,0.045,,70,0.0
beta_2,2.0,high_outside,best_grid_T200,band_mix,0.045,,71,0.0
beta_2,2.0,high_outside,best_grid_T200,band_mix,0.045,,72,0.0
beta_2,2.0,high_outside,best_grid_T200,band_mix,0.045,,73,0.0
beta_2,2.0,high_outside,best_grid_T200,band_mix,0.045,,74,0.0
beta_2,2.0,high_outside,best_grid_T200,band_mix,0.045,,75,0.0
beta_2,2.0,high_outside,best_grid_T200,band_mix,0.045,,76,0.0
beta_2,2.0,high_outside,best_grid_T200,band_mix,0.045,,77,0.0
beta_2,2.0,high_outside,best_grid_T200,band_mix,0.045,,78,0.0
beta_2,2.0,high_outside,best_grid_T200,band_mix,0.045,,79,0.0
beta_2,2.0,high_outside,best_grid_T200,band_mix,0.045,,80,0.0
beta_2,2.0,high_outside,best_grid_T200,band_mix,0.045,,81,0.0
beta_2,2.0,high_outside,best_grid_T200,band_mix,0.045,,82,0.0
beta_2,2.0,high_outside,best_grid_T200,band_mix,0.045,,83,0.0
beta_2,2.0,high_outside,best_grid_T200,band_mix,0.045,,84,0.0
beta_2,2.0,high_outside,best_grid_T200,band_mix,0.045,,85,0.0
beta_2,2.0,high_outside,best_grid_T200,band_mix,0.045,,86,0.0
beta_2,2.0,high_outside,best_grid_T200,band_mix,0.045,,87,0.0
beta_2,2.0,high_outside,best_grid_T200,band_mix,0.045,,88,0.0
beta_2,2.0,high_outside,best_grid_T200,band_mix,0.045,,89,0.0
beta_2,2.0,high_outside,best_grid_T200,band_mix,0.045,,90,0.0
beta_2,2.0,high_outside,best_grid_T200,band_mix,0.045,,91,0.0
beta_2,2.0,high_outside,best_grid_T200,band_mix,0.045,,92,0.0
beta_2,2.0,high_outside,best_grid_T200,band_mix,0.045,,93,0.0
beta_2,2.0,high_outside,best_grid_T200,band_mix,0.045,,94,0.0
beta_2,2.0,high_outside,best_grid_T200,band_mix,0.045,,95,0.0
beta_2,2.0,high_outside,best_grid_T200,band_mix,0.045,,96,0.0
beta_2,2.0,high_outside,best_grid_T200,band_mix,0.045,,97,0.0
beta_2,2.0,high_outside,best_grid_T200,band_mix,0.045,,98,0.0
beta_2,2.0,high_outside,best_grid_T200,band_mix,0.045,,99,0.0
beta_2,2.0,high_outside,best_grid_T200,band_mix,0.045,,100,0.0
beta_2,2.0,high_outside,best_grid_T200,band_mix,0.045,,101,0.0
beta_2,2.0,high_outside,best_grid_T200,band_mix,0.045,,102,0.0
beta_2,2.0,high_outside,best_grid_T200,band_mix,0.045,,103,0.0
beta_2,2.0,high_outside,best_grid_T200,band_mix,0.045,,104,0.0
beta_2,2.0,high_outside,best_grid_T200,band_mix,0.045,,105,0.0
beta_2,2.0,high_outside,best_grid_T200,band_mix,0.045,,106,0.0
beta_2,2.0,high_outside,best_grid_T200,band_mix,0.045,,107,0.0
beta_2,2.0,high_outside,best_grid_T200,band_mix,0.045,,108,0.0
beta_2,2.0,high_outside,best_grid_T200,band_mix,0.045,,109,0.0
beta_2,2.0,high_outside,best_grid_T200,band_mix,0.045,,110,0.0
beta_2,2.0,high_outside,best_grid_T200,band_mix,0.045,,111,0.0
beta_2,2.0,high_outside,best_grid_T200,band_mix,0.045,,112,0.0
beta_2,2.0,high_outside,best_grid_T200,band_mix,0.045,,113,0.0
beta_2,2.0,high_outside,best_grid_T200,band_mix,0.045,,114,0.0
beta_2,2.0,high_outside,best_grid_T200,band_mix,0.045,,115,0.0
beta_2,2.0,high_outside,best_grid_T200,band_mix,0.045,,116,0.0
beta_2,2.0,high_outside,best_grid_T200,band_mix,0.045,,117,0.0
beta_2,2.0,high_outside,best_grid_T200,band_mix,0.045,,118,0.0
beta_2,2.0,high_outside,best_grid_T200,band_mix,0.045,,119,0.0
beta_2,2.0,high_outside,best_grid_T200,band_mix,0.045,,120,0.0
beta_2,2.0,high_outside,best_grid_T200,band_mix,0.045,,121,0.0
beta_2,2.0,high_outside,best_grid_T200,band_mix,0.045,,122,0.0
beta_2,2.0,high_outside,best_grid_T200,band_mix,0.045,,123,0.0
beta_2,2.0,high_outside,best_grid_T200,band_mix,0.045,,124,0.0
beta_2,2.0,high_outside,best_grid_T200,band_mix,0.045,,125,0.0
beta_2,2.0,high_outside,best_grid_T200,band_mix,0.045,,126,0.0
beta_2,2.0,high_outside,best_grid_T200,band_mix,0.045,,127,0.0
beta_2,2.0,high_outside,best_grid_T200,band_mix,0.045,,128,0.0
beta_2,2.0,high_outside,best_grid_T200,band_mix,0.045,,129,0.0
beta_2,2.0,high_outside,best_grid_T200,band_mix,0.045,,130,0.0
beta_2,2.0,high_outside,best_grid_T200,band_mix,0.045,,131,0.0
beta_2,2.0,high_outside,best_grid_T200,band_mix,0.045,,132,0.0
beta_2,2.0,high_outside,best_grid_T200,band_mix,0.045,,133,0.0
beta_2,2.0,high_outside,best_grid_T200,band_mix,0.045,,134,0.0
beta_2,2.0,high_outside,best_grid_T200,band_mix,0.045,,135,0.0
beta_2,2.0,high_outside,best_grid_T200,band_mix,0.045,,136,0.0
beta_2,2.0,high_outside,best_grid_T200,band_mix,0.045,,137,0.0
beta_2,2.0,high_outside,best_grid_T200,band_mix,0.045,,138,0.0
beta_2,2.0,high_outside,best_grid_T200,band_mix,0.045,,139,0.0
beta_2,2.0,high_outside,best_grid_T200,band_mix,0.045,,140,0.0
beta_2,2.0,high_outside,best_grid_T200,band_mix,0.045,,141,0.0
beta_2,2.0,high_outside,best_grid_T200,band_mix,0.045,,142,0.0
beta_2,2.0,high_outside,best_grid_T200,band_mix,0.045,,143,0.0
beta_2,2.0,high_outside,best_grid_T200,band_mix,0.045,,144,0.0
beta_2,2.0,high_outside,best_grid_T200,band_mix,0.045,,145,0.0
beta_2,2.0,high_outside,best_grid_T200,band_mix,0.045,,146,0.0
beta_2,2.0,high_outside,best_grid_T200,band_mix,0.045,,147,0.0
beta_2,2.0,high_outside,best_grid_T200,band_mix,0.045,,148,0.0
beta_2,2.0,high_outside,best_grid_T200,band_mix,0.045,,149,0.0
beta_2,2.0,high_outside,best_grid_T200,band_mix,0.045,,150,0.0
beta_2,2.0,high_outside,best_grid_T200,band_mix,0.045,,151,0.0
beta_2,2.0,high_outside,best_grid_T200,band_mix,0.045,,152,0.0
beta_2,2.0,high_outside,best_grid_T200,band_mix,0.045,,153,0.0
beta_2,2.0,high_outside,best_grid_T200,band_mix,0.045,,154,0.0
beta_2,2.0,high_outside,best_grid_T200,band_mix,0.045,,155,0.0
beta_2,2.0,high_outside,best_grid_T200,band_mix,0.045,,156,0.0
beta_2,2.0,high_outside,best_grid_T200,band_mix,0.045,,157,0.0
beta_2,2.0,high_outside,best_grid_T200,band_mix,0.045,,158,0.0
beta_2,2.0,high_outside,best_grid_T200,band_mix,0.045,,159,0.0
beta_2,2.0,high_outside,best_grid_T200,band_mix,0.045,,160,0.0
beta_2,2.0,high_outside,best_grid_T200,band_mix,0.045,,161,0.0
beta_2,2.0,high_outside,best_grid_T200,band_mix,0.045,,162,0.0
beta_2,2.0,high_outside,best_grid_T200,band_mix,0.045,,163,0.0
beta_2,2.0,high_outside,best_grid_T200,band_mix,0.045,,164,0.0
beta_2,2.0,high_outside,best_grid_T200,band_mix,0.045,,165,0.0
beta_2,2.0,high_outside,best_grid_T200,band_mix,0.045,,166,0.0
beta_2,2.0,high_outside,best_grid_T200,band_mix,0.045,,167,0.0
beta_2,2.0,high_outside,best_grid_T200,band_mix,0.045,,168,0.0
beta_2,2.0,high_outside,best_grid_T200,band_mix,0.045,,169,0.0
beta_2,2.0,high_outside,best_grid_T200,band_mix,0.045,,170,0.0
beta_2,2.0,high_outside,best_grid_T200,band_mix,0.045,,171,0.0
beta_2,2.0,high_outside,best_grid_T200,band_mix,0.045,,172,0.0
beta_2,2.0,high_outside,best_grid_T200,band_mix,0.045,,173,0.0
beta_2,2.0,high_outside,best_grid_T200,band_mix,0.045,,174,0.0
beta_2,2.0,high_outside,best_grid_T200,band_mix,0.045,,175,0.0
beta_2,2.0,high_outside,best_grid_T200,band_mix,0.045,,176,0.0
beta_2,2.0,high_outside,best_grid_T200,band_mix,0.045,,177,0.0
beta_2,2.0,high_outside,best_grid_T200,band_mix,0.045,,178,0.0002
beta_2,2.0,high_outside,best_grid_T200,band_mix,0.045,,179,0.0002
beta_2,2.0,high_outside,best_grid_T200,band_mix,0.045,,180,0.0002
beta_2,2.0,high_outside,best_grid_T200,band_mix,0.045,,181,0.0002
beta_2,2.0,high_outside,best_grid_T200,band_mix,0.045,,182,0.0002
beta_2,2.0,high_outside,best_grid_T200,band_mix,0.045,,183,0.0002
beta_2,2.0,high_outside,best_grid_T200,band_mix,0.045,,184,0.0002
beta_2,2.0,high_outside,best_grid_T200,band_mix,0.045,,185,0.0002
beta_2,2.0,high_outside,best_grid_T200,band_mix,0.045,,186,0.0002
beta_2,2.0,high_outside,best_grid_T200,band_mix,0.045,,187,0.0002
beta_2,2.0,high_outside,best_grid_T200,band_mix,0.045,,188,0.0002
beta_2,2.0,high_outside,best_grid_T200,band_mix,0.045,,189,0.0002
beta_2,2.0,high_outside,best_grid_T200,band_mix,0.045,,190,0.0002
beta_2,2.0,high_outside,best_grid_T200,band_mix,0.045,,191,0.0002
beta_2,2.0,high_outside,best_grid_T200,band_mix,0.045,,192,0.0002
beta_2,2.0,high_outside,best_grid_T200,band_mix,0.045,,193,0.0002
beta_2,2.0,high_outside,best_grid_T200,band_mix,0.045,,194,0.0002
beta_2,2.0,high_outside,best_grid_T200,band_mix,0.045,,195,0.0002
beta_2,2.0,high_outside,best_grid_T200,band_mix,0.045,,196,0.0002
beta_2,2.0,high_outside,best_grid_T200,band_mix,0.045,,197,0.0002
beta_2,2.0,high_outside,best_grid_T200,band_mix,0.045,,198,0.0002
beta_2,2.0,high_outside,best_grid_T200,band_mix,0.045,,199,0.0002
beta_2,2.0,high_outside,best_grid_T200,band_mix,0.045,,200,0.0002
beta_2,2.0,high_outside,oracle,oracle,,,1,0.0
beta_2,2.0,high_outside,oracle,oracle,,,2,0.0
beta_2,2.0,high_outside,oracle,oracle,,,3,0.01
beta_2,2.0,high_outside,oracle,oracle,,,4,0.0282
beta_2,2.0,high_outside,oracle,oracle,,,5,0.053
beta_2,2.0,high_outside,oracle,oracle,,,6,0.0726
beta_2,2.0,high_outside,oracle,oracle,,,7,0.0924
beta_2,2.0,high_outside,oracle,oracle,,,8,0.1074
beta_2,2.0,high_outside,oracle,oracle,,,9,0.1268
beta_2,2.0,high_outside,oracle,oracle,,,10,0.1412
beta_2,2.0,high_outside,oracle,oracle,,,11,0.156
beta_2,2.0,high_outside,oracle,oracle,,,12,0.1682
beta_2,2.0,high_outside,oracle,oracle,,,13,0.1818
beta_2,2.0,high_outside,oracle,oracle,,,14,0.197
beta_2,2.0,high_outside,oracle,oracle,,,15,0.2092
beta_2,2.0,high_outside,oracle,oracle,,,16,0.221
beta_2,2.0,high_outside,oracle,oracle,,,17,0.2314
beta_2,2.0,high_outside,oracle,oracle,,,18,0.241
beta_2,2.0,high_outside,oracle,oracle,,,19,0.2488
beta_2,2.0,high_outside,oracle,oracle,,,20,0.2584
beta_2,2.0,high_outside,oracle,oracle,,,21,0.2658
beta_2,2.0,high_outside,oracle,oracle,,,22,0.2732
beta_2,2.0,high_outside,oracle,oracle,,,23,0.2796
beta_2,2.0,high_outside,oracle,oracle,,,24,0.2862
beta_2,2.0,high_outside,oracle,oracle,,,25,0.2936
beta_2,2.0,high_outside,oracle,oracle,,,26,0.3004
beta_2,2.0,high_outside,oracle,oracle,,,27,0.3066
beta_2,2.0,high_outside,oracle,oracle,,,28,0.3104
beta_2,2.0,high_outside,oracle,oracle,,,29,0.316
beta_2,2.0,high_outside,oracle,oracle,,,30,0.3216
beta_2,2.0,high_outside,oracle,oracle,,,31,0.3252
beta_2,2.0,high_outside,oracle,oracle,,,32,0.3292
beta_2,2.0,high_outside,oracle,oracle,,,33,0.333
beta_2,2.0,high_outside,oracle,oracle,,,34,0.336
beta_2,2.0,high_outside,oracle,oracle,,,35,0.3396
beta_2,2.0,high_outside,oracle,oracle,,,36,0.344
beta_2,2.0,high_outside,oracle,oracle,,,37,0.3474
beta_2,2.0,high_outside,oracle,oracle,,,38,0.3498
beta_2,2.0,high_outside,oracle,oracle,,,39,0.353
beta_2,2.0,high_outside,oracle,oracle,,,40,0.3564
beta_2,2.0,high_outside,oracle,oracle,,,41,0.3594
beta_2,2.0,high_outside,oracle,oracle,,,42,0.3634
beta_2,2.0,high_outside,oracle,oracle,,,43,0.366
beta_2,2.0,high_outside,oracle,oracle,,,44,0.368
beta_2,2.0,high_outside,oracle,oracle,,,45,0.37
beta_2,2.0,high_outside,oracle,oracle,,,46,0.3716
beta_2,2.0,high_outside,oracle,oracle,,,47,0.3744
beta_2,2.0,high_outside,oracle,oracle,,,48,0.3772
beta_2,2.0,high_outside,oracle,oracle,,,49,0.378
beta_2,2.0,high_outside,oracle,oracle,,,50,0.3806
beta_2,2.0,high_outside,oracle,oracle,,,51,0.3824
beta_2,2.0,high_outside,oracle,oracle,,,52,0.384
beta_2,2.0,high_outside,oracle,oracle,,,53,0.385
beta_2,2.0,high_outside,oracle,oracle,,,54,0.386
beta_2,2.0,high_outside,oracle,oracle,,,55,0.3876
beta_2,2.0,high_outside,oracle,oracle,,,56,0.3884
beta_2,2.0,high_outside,oracle,oracle,,,57,0.3896
beta_2,2.0,high_outside,oracle,oracle,,,58,0.391
beta_2,2.0,high_outside,oracle,oracle,,,59,0.3926
beta_2,2.0,high_outside,oracle,oracle,,,60,0.3946
beta_2,2.0,high_outside,oracle,oracle,,,61,0.3962
beta_2,2.0,high_outside,oracle,oracle,,,62,0.3966
beta_2,2.0,high_outside,oracle,oracle,,,63,0.3972
beta_2,2.0,high_outside,oracle,oracle,,,64,0.398
beta_2,2.0,high_outside,oracle,oracle,,,65,0.3988
beta_2,2.0,high_outside,oracle,oracle,,,66,0.3994
beta_2,2.0,high_outside,oracle,oracle,,,67,0.4004
beta_2,2.0,high_outside,oracle,oracle,,,68,0.4014
beta_2,2.0,high_outside,oracle,oracle,,,69,0.4024
beta_2,2.0,high_outside,oracle,oracle,,,70,0.4032
beta_2,2.0,high_outside,oracle,oracle,,,71,0.4038
beta_2,2.0,high_outside,oracle,oracle,,,72,0.4042
beta_2,2.0,high_outside,oracle,oracle,,,73,0.405
beta_2,2.0,high_outside,oracle,oracle,,,74,0.4062
beta_2,2.0,high_outside,oracle,oracle,,,75,0.4068
beta_2,2.0,high_outside,oracle,oracle,,,76,0.4076
beta_2,2.0,high_outside,oracle,oracle,,,77,0.4082
beta_2,2.0,high_outside,oracle,oracle,,,78,0.4086
beta_2,2.0,high_outside,oracle,oracle,,,79,0.4094
beta_2,2.0,high_outside,oracle,oracle,,,80,0.41
beta_2,2.0,high_outside,oracle,oracle,,,81,0.4104
beta_2,2.0,high_outside,oracle,oracle,,,82,0.4106
beta_2,2.0,high_outside,oracle,oracle,,,83,0.412
beta_2,2.0,high_outside,oracle,oracle,,,84,0.4128
beta_2,2.0,high_outside,oracle,oracle,,,85,0.4136
beta_2,2.0,high_outside,oracle,oracle,,,86,0.4138
beta_2,2.0,high_outside,oracle,oracle,,,87,0.4142
beta_2,2.0,high_outside,oracle,oracle,,,88,0.4148
beta_2,2.0,high_outside,oracle,oracle,,,89,0.4154
beta_2,2.0,high_outside,oracle,oracle,,,90,0.416
beta_2,2.0,high_outside,oracle,oracle,,,91,0.4168
beta_2,2.0,high_outside,oracle,oracle,,,92,0.4174
beta_2,2.0,high_outside,oracle,oracle,,,93,0.418
beta_2,2.0,high_outside,oracle,oracle,,,94,0.4182
beta_2,2.0,high_outside,oracle,oracle,,,95,0.4184
beta_2,2.0,high_outside,oracle,oracle,,,96,0.4188
beta_2,2.0,high_outside,oracle,oracle,,,97,0.419
beta_2,2.0,high_outside,oracle,oracle,,,98,0.4198
beta_2,2.0,high_outside,oracle,oracle,,,99,0.42
beta_2,2.0,high_outside,oracle,oracle,,,100,0.4214
beta_2,2.0,high_outside,oracle,oracle,,,101,0.4216
beta_2,2.0,high_outside,oracle,oracle,,,102,0.4218
beta_2,2.0,high_outside,oracle,oracle,,,103,0.4228
beta_2,2.0,high_outside,oracle,oracle,,,104,0.423
beta_2,2.0,high_outside,oracle,oracle,,,105,0.4232
beta_2,2.0,high_outside,oracle,oracle,,,106,0.4236
beta_2,2.0,high_outside,oracle,oracle,,,107,0.4242
beta_2,2.0,high_outside,oracle,oracle,,,108,0.4244
beta_2,2.0,high_outside,oracle,oracle,,,109,0.4246
beta_2,2.0,high_outside,oracle,oracle,,,110,0.425
beta_2,2.0,high_outside,oracle,oracle,,,111,0.4256
beta_2,2.0,high_outside,oracle,oracle,,,112,0.4262
beta_2,2.0,high_outside,oracle,oracle,,,113,0.4264
beta_2,2.0,high_outside,oracle,oracle,,,114,0.4272
beta_2,2.0,high_outside,oracle,oracle,,,115,0.4274
beta_2,2.0,high_outside,oracle,oracle,,,116,0.4274
beta_2,2.0,high_outside,oracle,oracle,,,117,0.4274
beta_2,2.0,high_outside,oracle,oracle,,,118,0.4276
beta_2,2.0,high_outside,oracle,oracle,,,119,0.4276
beta_2,2.0,high_outside,oracle,oracle,,,120,0.4284
beta_2,2.0,high_outside,oracle,oracle,,,121,0.4284
beta_2,2.0,high_outside,oracle,oracle,,,122,0.4286
beta_2,2.0,high_outside,oracle,oracle,,,123,0.4286
beta_2,2.0,high_outside,oracle,oracle,,,124,0.4286
beta_2,2.0,high_outside,oracle,oracle,,,125,0.4292
beta_2,2.0,high_outside,oracle,oracle,,,126,0.4292
beta_2,2.0,high_outside,oracle,oracle,,,127,0.4296
beta_2,2.0,high_outside,oracle,oracle,,,128,0.4296
beta_2,2.0,high_outside,oracle,oracle,,,129,0.4302
beta_2,2.0,high_outside,oracle,oracle,,,130,0.4302
beta_2,2.0,high_outside,oracle,oracle,,,131,0.4306
beta_2,2.0,high_outside,oracle,oracle,,,132,0.4308
beta_2,2.0,high_outside,oracle,oracle,,,133,0.431
beta_2,2.0,high_outside,oracle,oracle,,,134,0.431
beta_2,2.0,high_outside,oracle,oracle,,,135,0.4318
beta_2,2.0,high_outside,oracle,oracle,,,136,0.4318
beta_2,2.0,high_outside,oracle,oracle,,,137,0.4322
beta_2,2.0,high_outside,oracle,oracle,,,138,0.4322
beta_2,2.0,high_outside,oracle,oracle,,,139,0.4322
beta_2,2.0,high_outside,oracle,oracle,,,140,0.4322
beta_2,2.0,high_outside,oracle,oracle,,,141,0.4326
beta_2,2.0,high_outside,oracle,oracle,,,142,0.4328
beta_2,2.0,high_outside,oracle,oracle,,,143,0.4328
beta_2,2.0,high_outside,oracle,oracle,,,144,0.4332
beta_2,2.0,high_outside,oracle,oracle,,,145,0.4334
beta_2,2.0,high_outside,oracle,oracle,,,146,0.4336
beta_2,2.0,high_outside,oracle,oracle,,,147,0.4336
beta_2,2.0,high_outside,oracle,oracle,,,148,0.4336
beta_2,2.0,high_outside,oracle,oracle,,,149,0.4338
beta_2,2.0,high_outside,oracle,oracle,,,150,0.434
beta_2,2.0,high_outside,oracle,oracle,,,151,0.4344
beta_2,2.0,high_outside,oracle,oracle,,,152,0.4346
beta_2,2.0,high_outside,oracle,oracle,,,153,0.4346
beta_2,2.0,high_outside,oracle,oracle,,,154,0.4346
beta_2,2.0,high_outside,oracle,oracle,,,155,0.4348
beta_2,2.0,high_outside,oracle,oracle,,,156,0.435
beta_2,2.0,high_outside,oracle,oracle,,,157,0.435
beta_2,2.0,high_outside,oracle,oracle,,,158,0.4352
beta_2,2.0,high_outside,oracle,oracle,,,159,0.4354
beta_2,2.0,high_outside,oracle,oracle,,,160,0.4356
beta_2,2.0,high_outside,oracle,oracle,,,161,0.4356
beta_2,2.0,high_outside,oracle,oracle,,,162,0.436
beta_2,2.0,high_outside,oracle,oracle,,,163,0.436
beta_2,2.0,high_outside,oracle,oracle,,,164,0.436
beta_2,2.0,high_outside,oracle,oracle,,,165,0.436
beta_2,2.0,high_outside,oracle,oracle,,,166,0.4362
beta_2,2.0,high_outside,oracle,oracle,,,167,0.4362
beta_2,2.0,high_outside,oracle,oracle,,,168,0.4362
beta_2,2.0,high_outside,oracle,oracle,,,169,0.4364
beta_2,2.0,high_outside,oracle,oracle,,,170,0.4364
beta_2,2.0,high_outside,oracle,oracle,,,171,0.4368
beta_2,2.0,high_outside,oracle,oracle,,,172,0.4368
beta_2,2.0,high_outside,oracle,oracle,,,173,0.4372
beta_2,2.0,high_outside,oracle,oracle,,,174,0.4372
beta_2,2.0,high_outside,oracle,oracle,,,175,0.4372
beta_2,2.0,high_outside,oracle,oracle,,,176,0.4374
beta_2,2.0,high_outside,oracle,oracle,,,177,0.4376
beta_2,2.0,high_outside,oracle,oracle,,,178,0.4376
beta_2,2.0,high_outside,oracle,oracle,,,179,0.4376
beta_2,2.0,high_outside,oracle,oracle,,,180,0.4376
beta_2,2.0,high_outside,oracle,oracle,,,181,0.4378
beta_2,2.0,high_outside,oracle,oracle,,,182,0.438
beta_2,2.0,high_outside,oracle,oracle,,,183,0.4382
beta_2,2.0,high_outside,oracle,oracle,,,184,0.4384
beta_2,2.0,high_outside,oracle,oracle,,,185,0.4386
beta_2,2.0,high_outside,oracle,oracle,,,186,0.4386
beta_2,2.0,high_outside,oracle,oracle,,,187,0.4386
beta_2,2.0,high_outside,oracle,oracle,,,188,0.4386
beta_2,2.0,high_outside,oracle,oracle,,,189,0.4386
beta_2,2.0,high_outside,oracle,oracle,,,190,0.4392
beta_2,2.0,high_outside,oracle,oracle,,,191,0.4392
beta_2,2.0,high_outside,oracle,oracle,,,192,0.4392
beta_2,2.0,high_outside,oracle,oracle,,,193,0.4392
beta_2,2.0,high_outside,oracle,oracle,,,194,0.4392
beta_2,2.0,high_outside,oracle,oracle,,,195,0.4392
beta_2,2.0,high_outside,oracle,oracle,,,196,0.4392
beta_2,2.0,high_outside,oracle,oracle,,,197,0.4394
beta_2,2.0,high_outside,oracle,oracle,,,198,0.4394
beta_2,2.0,high_outside,oracle,oracle,,,199,0.4396
beta_2,2.0,high_outside,oracle,oracle,,,200,0.4396
beta_2,2.0,upper_inside,static,static,,,1,0.0
beta_2,2.0,upper_inside,static,static,,,2,0.0
beta_2,2.0,upper_inside,static,static,,,3,0.005
beta_2,2.0,upper_inside,static,static,,,4,0.0096
beta_2,2.0,upper_inside,static,static,,,5,0.0212
beta_2,2.0,upper_inside,static,static,,,6,0.031
beta_2,2.0,upper_inside,static,static,,,7,0.0392
beta_2,2.0,upper_inside,static,static,,,8,0.0462
beta_2,2.0,upper_inside,static,static,,,9,0.0526
beta_2,2.0,upper_inside,static,static,,,10,0.0616
beta_2,2.0,upper_inside,static,static,,,11,0.0684
beta_2,2.0,upper_inside,static,static,,,12,0.0738
beta_2,2.0,upper_inside,static,static,,,13,0.0778
beta_2,2.0,upper_inside,static,static,,,14,0.084
beta_2,2.0,upper_inside,static,static,,,15,0.0888
beta_2,2.0,upper_inside,static,static,,,16,0.0922
beta_2,2.0,upper_inside,static,static,,,17,0.0964
beta_2,2.0,upper_inside,static,static,,,18,0.0994
beta_2,2.0,upper_inside,static,static,,,19,0.1014
beta_2,2.0,upper_inside,static,static,,,20,0.1044
beta_2,2.0,upper_inside,static,static,,,21,0.1062
beta_2,2.0,upper_inside,static,static,,,22,0.1094
beta_2,2.0,upper_inside,static,static,,,23,0.1116
beta_2,2.0,upper_inside,static,static,,,24,0.1136
beta_2,2.0,upper_inside,static,static,,,25,0.116
beta_2,2.0,upper_inside,static,static,,,26,0.1178
beta_2,2.0,upper_inside,static,static,,,27,0.1196
beta_2,2.0,upper_inside,static,static,,,28,0.1214
beta_2,2.0,upper_inside,static,static,,,29,0.1228
beta_2,2.0,upper_inside,static,static,,,30,0.124
beta_2,2.0,upper_inside,static,static,,,31,0.125
beta_2,2.0,upper_inside,static,static,,,32,0.1262
beta_2,2.0,upper_inside,static,static,,,33,0.1272
beta_2,2.0,upper_inside,static,static,,,34,0.1284
beta_2,2.0,upper_inside,static,static,,,35,0.1288
beta_2,2.0,upper_inside,static,static,,,36,0.1296
beta_2,2.0,upper_inside,static,static,,,37,0.1322
beta_2,2.0,upper_inside,static,static,,,38,0.133
beta_2,2.0,upper_inside,static,static,,,39,0.1336
beta_2,2.0,upper_inside,static,static,,,40,0.1346
beta_2,2.0,upper_inside,static,static,,,41,0.1348
beta_2,2.0,upper_inside,static,static,,,42,0.1352
beta_2,2.0,upper_inside,static,static,,,43,0.136
beta_2,2.0,upper_inside,static,static,,,44,0.1368
beta_2,2.0,upper_inside,static,static,,,45,0.137
beta_2,2.0,upper_inside,static,static,,,46,0.138
beta_2,2.0,upper_inside,static,static,,,47,0.1388
beta_2,2.0,upper_inside,static,static,,,48,0.139
beta_2,2.0,upper_inside,static,static,,,49,0.1396
beta_2,2.0,upper_inside,static,static,,,50,0.14
beta_2,2.0,upper_inside,static,static,,,51,0.1406
beta_2,2.0,upper_inside,static,static,,,52,0.1414
beta_2,2.0,upper_inside,static,static,,,53,0.1418
beta_2,2.0,upper_inside,static,static,,,54,0.1422
beta_2,2.0,upper_inside,static,static,,,55,0.1426
beta_2,2.0,upper_inside,static,static,,,56,0.143
beta_2,2.0,upper_inside,static,static,,,57,0.1434
beta_2,2.0,upper_inside,static,static,,,58,0.1438
beta_2,2.0,upper_inside,static,static,,,59,0.1438
beta_2,2.0,upper_inside,static,static,,,60,0.1448
beta_2,2.0,upper_inside,static,static,,,61,0.1452
beta_2,2.0,upper_inside,static,static,,,62,0.1454
beta_2,2.0,upper_inside,static,static,,,63,0.1458
beta_2,2.0,upper_inside,static,static,,,64,0.1458
beta_2,2.0,upper_inside,static,static,,,65,0.1458
beta_2,2.0,upper_inside,static,static,,,66,0.1464
beta_2,2.0,upper_inside,static,static,,,67,0.1466
beta_2,2.0,upper_inside,static,static,,,68,0.1468
beta_2,2.0,upper_inside,static,static,,,69,0.147
beta_2,2.0,upper_inside,static,static,,,70,0.147
beta_2,2.0,upper_inside,static,static,,,71,0.1472
beta_2,2.0,upper_inside,static,static,,,72,0.1472
beta_2,2.0,upper_inside,static,static,,,73,0.1472
beta_2,2.0,upper_inside,static,static,,,74,0.1478
beta_2,2.0,upper_inside,static,static,,,75,0.1482
beta_2,2.0,upper_inside,static,static,,,76,0.1482
beta_2,2.0,upper_inside,static,static,,,77,0.1486
beta_2,2.0,upper_inside,static,static,,,78,0.1486
beta_2,2.0,upper_inside,static,static,,,79,0.149
beta_2,2.0,upper_inside,static,static,,,80,0.1494
beta_2,2.0,upper_inside,static,static,,,81,0.1502
beta_2,2.0,upper_inside,static,static,,,82,0.1502
beta_2,2.0,upper_inside,static,static,,,83,0.1504
beta_2,2.0,upper_inside,static,static,,,84,0.1506
beta_2,2.0,upper_inside,static,static,,,85,0.1508
beta_2,2.0,upper_inside,static,static,,,86,0.1512
beta_2,2.0,upper_inside,static,static,,,87,0.1516
beta_2,2.0,upper_inside,static,static,,,88,0.1516
beta_2,2.0,upper_inside,static,static,,,89,0.1518
beta_2,2.0,upper_inside,static,static,,,90,0.1518
beta_2,2.0,upper_inside,static,static,,,91,0.152
beta_2,2.0,upper_inside,static,static,,,92,0.1522
beta_2,2.0,upper_inside,static,static,,,93,0.1522
beta_2,2.0,upper_inside,static,static,,,94,0.1524
beta_2,2.0,upper_inside,static,static,,,95,0.1526
beta_2,2.0,upper_inside,static,static,,,96,0.1528
beta_2,2.0,upper_inside,static,static,,,97,0.1532
beta_2,2.0,upper_inside,static,static,,,98,0.1534
beta_2,2.0,upper_inside,static,static,,,99,0.1538
beta_2,2.0,upper_inside,static,static,,,100,0.154
beta_2,2.0,upper_inside,static,static,,,101,0.154
beta_2,2.0,upper_inside,static,static,,,102,0.1546
beta_2,2.0,upper_inside,static,static,,,103,0.1546
beta_2,2.0,upper_inside,static,static,,,104,0.1546
beta_2,2.0,upper_inside,static,static,,,105,0.1548
beta_2,2.0,upper_inside,static,static,,,106,0.1548
beta_2,2.0,upper_inside,static,static,,,107,0.1548
beta_2,2.0,upper_inside,static,static,,,108,0.1548
beta_2,2.0,upper_inside,static,static,,,109,0.1548
beta_2,2.0,upper_inside,static,static,,,110,0.155
beta_2,2.0,upper_inside,static,static,,,111,0.1554
beta_2,2.0,upper_inside,static,static,,,112,0.1554
beta_2,2.0,upper_inside,static,static,,,113,0.1554
beta_2,2.0,upper_inside,static,static,,,114,0.1554
beta_2,2.0,upper_inside,static,static,,,115,0.1558
beta_2,2.0,upper_inside,static,static,,,116,0.1558
beta_2,2.0,upper_inside,static,static,,,117,0.156
beta_2,2.0,upper_inside,static,static,,,118,0.1562
beta_2,2.0,upper_inside,static,static,,,119,0.1564
beta_2,2.0,upper_inside,static,static,,,120,0.1564
beta_2,2.0,upper_inside,static,static,,,121,0.1566
beta_2,2.0,upper_inside,static,static,,,122,0.1566
beta_2,2.0,upper_inside,static,static,,,123,0.1566
beta_2,2.0,upper_inside,static,static,,,124,0.1566
beta_2,2.0,upper_inside,static,static,,,125,0.1568
beta_2,2.0,upper_inside,static,static,,,126,0.1568
beta_2,2.0,upper_inside,static,static,,,127,0.1568
beta_2,2.0,upper_inside,static,static,,,128,0.1568
beta_2,2.0,upper_inside,static,static,,,129,0.1568
beta_2,2.0,upper_inside,static,static,,,130,0.1568
beta_2,2.0,upper_inside,static,static,,,131,0.1568
beta_2,2.0,upper_inside,static,static,,,132,0.1568
beta_2,2.0,upper_inside,static,static,,,133,0.1568
beta_2,2.0,upper_inside,static,static,,,134,0.1568
beta_2,2.0,upper_inside,static,static,,,135,0.1568
beta_2,2.0,upper_inside,static,static,,,136,0.1572
beta_2,2.0,upper_inside,static,static,,,137,0.1572
beta_2,2.0,upper_inside,static,static,,,138,0.1572
beta_2,2.0,upper_inside,static,static,,,139,0.1574
beta_2,2.0,upper_inside,static,static,,,140,0.1578
beta_2,2.0,upper_inside,static,static,,,141,0.158
beta_2,2.0,upper_inside,static,static,,,142,0.158
beta_2,2.0,upper_inside,static,static,,,143,0.158
beta_2,2.0,upper_inside,static,static,,,144,0.158
beta_2,2.0,upper_inside,static,static,,,145,0.1582
beta_2,2.0,upper_inside,static,static,,,146,0.1582
beta_2,2.0,upper_inside,static,static,,,147,0.1582
beta_2,2.0,upper_inside,static,static,,,148,0.1586
beta_2,2.0,upper_inside,static,static,,,149,0.1586
beta_2,2.0,upper_inside,static,static,,,150,0.1586
beta_2,2.0,upper_inside,static,static,,,151,0.1586
beta_2,2.0,upper_inside,static,static,,,152,0.1586
beta_2,2.0,upper_inside,static,static,,,153,0.159
beta_2,2.0,upper_inside,static,static,,,154,0.159
beta_2,2.0,upper_inside,static,static,,,155,0.1592
beta_2,2.0,upper_inside,static,static,,,156,0.1592
beta_2,2.0,upper_inside,static,static,,,157,0.1592
beta_2,2.0,upper_inside,static,static,,,158,0.1594
beta_2,2.0,upper_inside,static,static,,,159,0.1594
beta_2,2.0,upper_inside,static,static,,,160,0.1594
beta_2,2.0,upper_inside,static,static,,,161,0.1594
beta_2,2.0,upper_inside,static,static,,,162,0.1594
beta_2,2.0,upper_inside,static,static,,,163,0.1594
beta_2,2.0,upper_inside,static,static,,,164,0.1594
beta_2,2.0,upper_inside,static,static,,,165,0.1594
beta_2,2.0,upper_inside,static,static,,,166,0.1594
beta_2,2.0,upper_inside,static,static,,,167,0.1594
beta_2,2.0,upper_inside,static,static,,,168,0.1596
beta_2,2.0,upper_inside,static,static,,,169,0.1596
beta_2,2.0,upper_inside,static,static,,,170,0.1596
beta_2,2.0,upper_inside,static,static,,,171,0.1596
beta_2,2.0,upper_inside,static,static,,,172,0.1596
beta_2,2.0,upper_inside,static,static,,,173,0.1596
beta_2,2.0,upper_inside,static,static,,,174,0.1596
beta_2,2.0,upper_inside,static,static,,,175,0.1596
beta_2,2.0,upper_inside,static,static,,,176,0.1596
beta_2,2.0,upper_inside,static,static,,,177,0.1596
beta_2,2.0,upper_inside,static,static,,,178,0.1596
beta_2,2.0,upper_inside,static,static,,,179,0.1596
beta_2,2.0,upper_inside,static,static,,,180,0.1598
beta_2,2.0,upper_inside,static,static,,,181,0.1598
beta_2,2.0,upper_inside,static,static,,,182,0.16
beta_2,2.0,upper_inside,static,static,,,183,0.16
beta_2,2.0,upper_inside,static,static,,,184,0.16
beta_2,2.0,upper_inside,static,static,,,185,0.16
beta_2,2.0,upper_inside,static,static,,,186,0.16
beta_2,2.0,upper_inside,static,static,,,187,0.16
beta_2,2.0,upper_inside,static,static,,,188,0.1602
beta_2,2.0,upper_inside,static,static,,,189,0.1602
beta_2,2.0,upper_inside,static,static,,,190,0.1602
beta_2,2.0,upper_inside,static,static,,,191,0.1602
beta_2,2.0,upper_inside,static,static,,,192,0.1602
beta_2,2.0,upper_inside,static,static,,,193,0.1602
beta_2,2.0,upper_inside,static,static,,,194,0.1602
beta_2,2.0,upper_inside,static,static,,,195,0.1602
beta_2,2.0,upper_inside,static,static,,,196,0.1602
beta_2,2.0,upper_inside,static,static,,,197,0.1602
beta_2,2.0,upper_inside,static,static,,,198,0.1602
beta_2,2.0,upper_inside,static,static,,,199,0.1602
beta_2,2.0,upper_inside,static,static,,,200,0.1602
beta_2,2.0,upper_inside,primary_baseline,band_mix,0.045,,1,0.0
beta_2,2.0,upper_inside,primary_baseline,band_mix,0.045,,2,0.0
beta_2,2.0,upper_inside,primary_baseline,band_mix,0.045,,3,0.0
beta_2,2.0,upper_inside,primary_baseline,band_mix,0.045,,4,0.0
beta_2,2.0,upper_inside,primary_baseline,band_mix,0.045,,5,0.0
beta_2,2.0,upper_inside,primary_baseline,band_mix,0.045,,6,0.0
beta_2,2.0,upper_inside,primary_baseline,band_mix,0.045,,7,0.0
beta_2,2.0,upper_inside,primary_baseline,band_mix,0.045,,8,0.0
beta_2,2.0,upper_inside,primary_baseline,band_mix,0.045,,9,0.0
beta_2,2.0,upper_inside,primary_baseline,band_mix,0.045,,10,0.0
beta_2,2.0,upper_inside,primary_baseline,band_mix,0.045,,11,0.0
beta_2,2.0,upper_inside,primary_baseline,band_mix,0.045,,12,0.0
beta_2,2.0,upper_inside,primary_baseline,band_mix,0.045,,13,0.0
beta_2,2.0,upper_inside,primary_baseline,band_mix,0.045,,14,0.0
beta_2,2.0,upper_inside,primary_baseline,band_mix,0.045,,15,0.0
beta_2,2.0,upper_inside,primary_baseline,band_mix,0.045,,16,0.0
beta_2,2.0,upper_inside,primary_baseline,band_mix,0.045,,17,0.0
beta_2,2.0,upper_inside,primary_baseline,band_mix,0.045,,18,0.0
beta_2,2.0,upper_inside,primary_baseline,band_mix,0.045,,19,0.0
beta_2,2.0,upper_inside,primary_baseline,band_mix,0.045,,20,0.0
beta_2,2.0,upper_inside,primary_baseline,band_mix,0.045,,21,0.0
beta_2,2.0,upper_inside,primary_baseline,band_mix,0.045,,22,0.0
beta_2,2.0,upper_inside,primary_baseline,band_mix,0.045,,23,0.0
beta_2,2.0,upper_inside,primary_baseline,band_mix,0.045,,24,0.0
beta_2,2.0,upper_inside,primary_baseline,band_mix,0.045,,25,0.0
beta_2,2.0,upper_inside,primary_baseline,band_mix,0.045,,26,0.0
beta_2,2.0,upper_inside,primary_baseline,band_mix,0.045,,27,0.0
beta_2,2.0,upper_inside,primary_baseline,band_mix,0.045,,28,0.0
beta_2,2.0,upper_inside,primary_baseline,band_mix,0.045,,29,0.0
beta_2,2.0,upper_inside,primary_baseline,band_mix,0.045,,30,0.0
beta_2,2.0,upper_inside,primary_baseline,band_mix,0.045,,31,0.0
beta_2,2.0,upper_inside,primary_baseline,band_mix,0.045,,32,0.0
beta_2,2.0,upper_inside,primary_baseline,band_mix,0.045,,33,0.0
beta_2,2.0,upper_inside,primary_baseline,band_mix,0.045,,34,0.0
beta_2,2.0,upper_inside,primary_baseline,band_mix,0.045,,35,0.0
beta_2,2.0,upper_inside,primary_baseline,band_mix,0.045,,36,0.0
beta_2,2.0,upper_inside,primary_baseline,band_mix,0.045,,37,0.0
beta_2,2.0,upper_inside,primary_baseline,band_mix,0.045,,38,0.0
beta_2,2.0,upper_inside,primary_baseline,band_mix,0.045,,39,0.0
beta_2,2.0,upper_inside,primary_baseline,band_mix,0.045,,40,0.0
beta_2,2.0,upper_inside,primary_baseline,band_mix,0.045,,41,0.0
beta_2,2.0,upper_inside,primary_baseline,band_mix,0.045,,42,0.0
beta_2,2.0,upper_inside,primary_baseline,band_mix,0.045,,43,0.0
beta_2,2.0,upper_inside,primary_baseline,band_mix,0.045,,44,0.0
beta_2,2.0,upper_inside,primary_baseline,band_mix,0.045,,45,0.0
beta_2,2.0,upper_inside,primary_baseline,band_mix,0.045,,46,0.0
beta_2,2.0,upper_inside,primary_baseline,band_mix,0.045,,47,0.0
beta_2,2.0,upper_inside,primary_baseline,band_mix,0.045,,48,0.0
beta_2,2.0,upper_inside,primary_baseline,band_mix,0.045,,49,0.0
beta_2,2.0,upper_inside,primary_baseline,band_mix,0.045,,50,0.0
beta_2,2.0,upper_inside,primary_baseline,band_mix,0.045,,51,0.0
beta_2,2.0,upper_inside,primary_baseline,band_mix,0.045,,52,0.0
beta_2,2.0,upper_inside,primary_baseline,band_mix,0.045,,53,0.0
beta_2,2.0,upper_inside,primary_baseline,band_mix,0.045,,54,0.0
beta_2,2.0,upper_inside,primary_baseline,band_mix,0.045,,55,0.0
beta_2,2.0,upper_inside,primary_baseline,band_mix,0.045,,56,0.0
beta_2,2.0,upper_inside,primary_baseline,band_mix,0.045,,57,0.0
beta_2,2.0,upper_inside,primary_baseline,band_mix,0.045,,58,0.0
beta_2,2.0,upper_inside,primary_baseline,band_mix,0.045,,59,0.0
beta_2,2.0,upper_inside,primary_baseline,band_mix,0.045,,60,0.0
beta_2,2.0,upper_inside,primary_baseline,band_mix,0.045,,61,0.0
beta_2,2.0,upper_inside,primary_baseline,band_mix,0.045,,62,0.0
beta_2,2.0,upper_inside,primary_baseline,band_mix,0.045,,63,0.0
beta_2,2.0,upper_inside,primary_baseline,band_mix,0.045,,64,0.0
beta_2,2.0,upper_inside,primary_baseline,band_mix,0.045,,65,0.0
beta_2,2.0,upper_inside,primary_baseline,band_mix,0.045,,66,0.0
beta_2,2.0,upper_inside,primary_baseline,band_mix,0.045,,67,0.0
beta_2,2.0,upper_inside,primary_baseline,band_mix,0.045,,68,0.0
beta_2,2.0,upper_inside,primary_baseline,band_mix,0.045,,69,0.0
beta_2,2.0,upper_inside,primary_baseline,band_mix,0.045,,70,0.0
beta_2,2.0,upper_inside,primary_baseline,band_mix,0.045,,71,0.0
beta_2,2.0,upper_inside,primary_baseline,band_mix,0.045,,72,0.0
beta_2,2.0,upper_inside,primary_baseline,band_mix,0.045,,73,0.0
beta_2,2.0,upper_inside,primary_baseline,band_mix,0.045,,74,0.0
beta_2,2.0,upper_inside,primary_baseline,band_mix,0.045,,75,0.0
beta_2,2.0,upper_inside,primary_baseline,band_mix,0.045,,76,0.0
beta_2,2.0,upper_inside,primary_baseline,band_mix,0.045,,77,0.0
beta_2,2.0,upper_inside,primary_baseline,band_mix,0.045,,78,0.0
beta_2,2.0,upper_inside,primary_baseline,band_mix,0.045,,79,0.0
beta_2,2.0,upper_inside,primary_baseline,band_mix,0.045,,80,0.0
beta_2,2.0,upper_inside,primary_baseline,band_mix,0.045,,81,0.0
beta_2,2.0,upper_inside,primary_baseline,band_mix,0.045,,82,0.0
beta_2,2.0,upper_inside,primary_baseline,band_mix,0.045,,83,0.0
beta_2,2.0,upper_inside,primary_baseline,band_mix,0.045,,84,0.0
beta_2,2.0,upper_inside,primary_baseline,band_mix,0.045,,85,0.0
beta_2,2.0,upper_inside,primary_baseline,band_mix,0.045,,86,0.0
beta_2,2.0,upper_inside,primary_baseline,band_mix,0.045,,87,0.0
beta_2,2.0,upper_inside,primary_baseline,band_mix,0.045,,88,0.0
beta_2,2.0,upper_inside,primary_baseline,band_mix,0.045,,89,0.0
beta_2,2.0,upper_inside,primary_baseline,band_mix,0.045,,90,0.0
beta_2,2.0,upper_inside,primary_baseline,band_mix,0.045,,91,0.0
beta_2,2.0,upper_inside,primary_baseline,band_mix,0.045,,92,0.0
beta_2,2.0,upper_inside,primary_baseline,band_mix,0.045,,93,0.0
beta_2,2.0,upper_inside,primary_baseline,band_mix,0.045,,94,0.0
beta_2,2.0,upper_inside,primary_baseline,band_mix,0.045,,95,0.0
beta_2,2.0,upper_inside,primary_baseline,band_mix,0.045,,96,0.0
beta_2,2.0,upper_inside,primary_baseline,band_mix,0.045,,97,0.0
beta_2,2.0,upper_inside,primary_baseline,band_mix,0.045,,98,0.0
beta_2,2.0,upper_inside,primary_baseline,band_mix,0.045,,99,0.0
beta_2,2.0,upper_inside,primary_baseline,band_mix,0.045,,100,0.0
beta_2,2.0,upper_inside,primary_baseline,band_mix,0.045,,101,0.0
beta_2,2.0,upper_inside,primary_baseline,band_mix,0.045,,102,0.0
beta_2,2.0,upper_inside,primary_baseline,band_mix,0.045,,103,0.0
beta_2,2.0,upper_inside,primary_baseline,band_mix,0.045,,104,0.0
beta_2,2.0,upper_inside,primary_baseline,band_mix,0.045,,105,0.0
beta_2,2.0,upper_inside,primary_baseline,band_mix,0.045,,106,0.0
beta_2,2.0,upper_inside,primary_baseline,band_mix,0.045,,107,0.0
beta_2,2.0,upper_inside,primary_baseline,band_mix,0.045,,108,0.0
beta_2,2.0,upper_inside,primary_baseline,band_mix,0.045,,109,0.0
beta_2,2.0,upper_inside,primary_baseline,band_mix,0.045,,110,0.0
beta_2,2.0,upper_inside,primary_baseline,band_mix,0.045,,111,0.0
beta_2,2.0,upper_inside,primary_baseline,band_mix,0.045,,112,0.0
beta_2,2.0,upper_inside,primary_baseline,band_mix,0.045,,113,0.0
beta_2,2.0,upper_inside,primary_baseline,band_mix,0.045,,114,0.0
beta_2,2.0,upper_inside,primary_baseline,band_mix,0.045,,115,0.0
beta_2,2.0,upper_inside,primary_baseline,band_mix,0.045,,116,0.0
beta_2,2.0,upper_inside,primary_baseline,band_mix,0.045,,117,0.0
beta_2,2.0,upper_inside,primary_baseline,band_mix,0.045,,118,0.0
beta_2,2.0,upper_inside,primary_baseline,band_mix,0.045,,119,0.0
beta_2,2.0,upper_inside,primary_baseline,band_mix,0.045,,120,0.0
beta_2,2.0,upper_inside,primary_baseline,band_mix,0.045,,121,0.0
beta_2,2.0,upper_inside,primary_baseline,band_mix,0.045,,122,0.0
beta_2,2.0,upper_inside,primary_baseline,band_mix,0.045,,123,0.0
beta_2,2.0,upper_inside,primary_baseline,band_mix,0.045,,124,0.0
beta_2,2.0,upper_inside,primary_baseline,band_mix,0.045,,125,0.0
beta_2,2.0,upper_inside,primary_baseline,band_mix,0.045,,126,0.0
beta_2,2.0,upper_inside,primary_baseline,band_mix,0.045,,127,0.0
beta_2,2.0,upper_inside,primary_baseline,band_mix,0.045,,128,0.0
beta_2,2.0,upper_inside,primary_baseline,band_mix,0.045,,129,0.0
beta_2,2.0,upper_inside,primary_baseline,band_mix,0.045,,130,0.0
beta_2,2.0,upper_inside,primary_baseline,band_mix,0.045,,131,0.0
beta_2,2.0,upper_inside,primary_baseline,band_mix,0.045,,132,0.0
beta_2,2.0,upper_inside,primary_baseline,band_mix,0.045,,133,0.0
beta_2,2.0,upper_inside,primary_baseline,band_mix,0.045,,134,0.0
beta_2,2.0,upper_inside,primary_baseline,band_mix,0.045,,135,0.0
beta_2,2.0,upper_inside,primary_baseline,band_mix,0.045,,136,0.0
beta_2,2.0,upper_inside,primary_baseline,band_mix,0.045,,137,0.0
beta_2,2.0,upper_inside,primary_baseline,band_mix,0.045,,138,0.0
beta_2,2.0,upper_inside,primary_baseline,band_mix,0.045,,139,0.0002
beta_2,2.0,upper_inside,primary_baseline,band_mix,0.045,,140,0.0002
beta_2,2.0,upper_inside,primary_baseline,band_mix,0.045,,141,0.0002
beta_2,2.0,upper_inside,primary_baseline,band_mix,0.045,,142,0.0002
beta_2,2.0,upper_inside,primary_baseline,band_mix,0.045,,143,0.0002
beta_2,2.0,upper_inside,primary_baseline,band_mix,0.045,,144,0.0002
beta_2,2.0,upper_inside,primary_baseline,band_mix,0.045,,145,0.0002
beta_2,2.0,upper_inside,primary_baseline,band_mix,0.045,,146,0.0002
beta_2,2.0,upper_inside,primary_baseline,band_mix,0.045,,147,0.0004
beta_2,2.0,upper_inside,primary_baseline,band_mix,0.045,,148,0.0004
beta_2,2.0,upper_inside,primary_baseline,band_mix,0.045,,149,0.0004
beta_2,2.0,upper_inside,primary_baseline,band_mix,0.045,,150,0.0004
beta_2,2.0,upper_inside,primary_baseline,band_mix,0.045,,151,0.0004
beta_2,2.0,upper_inside,primary_baseline,band_mix,0.045,,152,0.0004
beta_2,2.0,upper_inside,primary_baseline,band_mix,0.045,,153,0.0004
beta_2,2.0,upper_inside,primary_baseline,band_mix,0.045,,154,0.0004
beta_2,2.0,upper_inside,primary_baseline,band_mix,0.045,,155,0.0004
beta_2,2.0,upper_inside,primary_baseline,band_mix,0.045,,156,0.0004
beta_2,2.0,upper_inside,primary_baseline,band_mix,0.045,,157,0.0004
beta_2,2.0,upper_inside,primary_baseline,band_mix,0.045,,158,0.0004
beta_2,2.0,upper_inside,primary_baseline,band_mix,0.045,,159,0.0004
beta_2,2.0,upper_inside,primary_baseline,band_mix,0.045,,160,0.0004
beta_2,2.0,upper_inside,primary_baseline,band_mix,0.045,,161,0.0004
beta_2,2.0,upper_inside,primary_baseline,band_mix,0.045,,162,0.0004
beta_2,2.0,upper_inside,primary_baseline,band_mix,0.045,,163,0.0004
beta_2,2.0,upper_inside,primary_baseline,band_mix,0.045,,164,0.0004
beta_2,2.0,upper_inside,primary_baseline,band_mix,0.045,,165,0.0004
beta_2,2.0,upper_inside,primary_baseline,band_mix,0.045,,166,0.0004
beta_2,2.0,upper_inside,primary_baseline,band_mix,0.045,,167,0.0004
beta_2,2.0,upper_inside,primary_baseline,band_mix,0.045,,168,0.0004
beta_2,2.0,upper_inside,primary_baseline,band_mix,0.045,,169,0.0004
beta_2,2.0,upper_inside,primary_baseline,band_mix,0.045,,170,0.0004
beta_2,2.0,upper_inside,primary_baseline,band_mix,0.045,,171,0.0004
beta_2,2.0,upper_inside,primary_baseline,band_mix,0.045,,172,0.0004
beta_2,2.0,upper_inside,primary_baseline,band_mix,0.045,,173,0.0004
beta_2,2.0,upper_inside,primary_baseline,band_mix,0.045,,174,0.0004
beta_2,2.0,upper_inside,primary_baseline,band_mix,0.045,,175,0.0004
beta_2,2.0,upper_inside,primary_baseline,band_mix,0.045,,176,0.0004
beta_2,2.0,upper_inside,primary_baseline,band_mix,0.045,,177,0.0004
beta_2,2.0,upper_inside,primary_baseline,band_mix,0.045,,178,0.0004
beta_2,2.0,upper_inside,primary_baseline,band_mix,0.045,,179,0.0004
beta_2,2.0,upper_inside,primary_baseline,band_mix,0.045,,180,0.0004
beta_2,2.0,upper_inside,primary_baseline,band_mix,0.045,,181,0.0004
beta_2,2.0,upper_inside,primary_baseline,band_mix,0.045,,182,0.0004
beta_2,2.0,upper_inside,primary_baseline,band_mix,0.045,,183,0.0004
beta_2,2.0,upper_inside,primary_baseline,band_mix,0.045,,184,0.0004
beta_2,2.0,upper_inside,primary_baseline,band_mix,0.045,,185,0.0004
beta_2,2.0,upper_inside,primary_baseline,band_mix,0.045,,186,0.0004
beta_2,2.0,upper_inside,primary_baseline,band_mix,0.045,,187,0.0004
beta_2,2.0,upper_inside,primary_baseline,band_mix,0.045,,188,0.0004
beta_2,2.0,upper_inside,primary_baseline,band_mix,0.045,,189,0.0004
beta_2,2.0,upper_inside,primary_baseline,band_mix,0.045,,190,0.0004
beta_2,2.0,upper_inside,primary_baseline,band_mix,0.045,,191,0.0004
beta_2,2.0,upper_inside,primary_baseline,band_mix,0.045,,192,0.0004
beta_2,2.0,upper_inside,primary_baseline,band_mix,0.045,,193,0.0004
beta_2,2.0,upper_inside,primary_baseline,band_mix,0.045,,194,0.0004
beta_2,2.0,upper_inside,primary_baseline,band_mix,0.045,,195,0.0004
beta_2,2.0,upper_inside,primary_baseline,band_mix,0.045,,196,0.0004
beta_2,2.0,upper_inside,primary_baseline,band_mix,0.045,,197,0.0004
beta_2,2.0,upper_inside,primary_baseline,band_mix,0.045,,198,0.0004
beta_2,2.0,upper_inside,primary_baseline,band_mix,0.045,,199,0.0004
beta_2,2.0,upper_inside,primary_baseline,band_mix,0.045,,200,0.0004
beta_2,2.0,upper_inside,best_grid_T200,band_mix,0.045,,1,0.0
beta_2,2.0,upper_inside,best_grid_T200,band_mix,0.045,,2,0.0
beta_2,2.0,upper_inside,best_grid_T200,band_mix,0.045,,3,0.0
beta_2,2.0,upper_inside,best_grid_T200,band_mix,0.045,,4,0.0
beta_2,2.0,upper_inside,best_grid_T200,band_mix,0.045,,5,0.0
beta_2,2.0,upper_inside,best_grid_T200,band_mix,0.045,,6,0.0
beta_2,2.0,upper_inside,best_grid_T200,band_mix,0.045,,7,0.0
beta_2,2.0,upper_inside,best_grid_T200,band_mix,0.045,,8,0.0
beta_2,2.0,upper_inside,best_grid_T200,band_mix,0.045,,9,0.0
beta_2,2.0,upper_inside,best_grid_T200,band_mix,0.045,,10,0.0
beta_2,2.0,upper_inside,best_grid_T200,band_mix,0.045,,11,0.0
beta_2,2.0,upper_inside,best_grid_T200,band_mix,0.045,,12,0.0
beta_2,2.0,upper_inside,best_grid_T200,band_mix,0.045,,13,0.0
beta_2,2.0,upper_inside,best_grid_T200,band_mix,0.045,,14,0.0
beta_2,2.0,upper_inside,best_grid_T200,band_mix,0.045,,15,0.0
beta_2,2.0,upper_inside,best_grid_T200,band_mix,0.045,,16,0.0
beta_2,2.0,upper_inside,best_grid_T200,band_mix,0.045,,17,0.0
beta_2,2.0,upper_inside,best_grid_T200,band_mix,0.045,,18,0.0
beta_2,2.0,upper_inside,best_grid_T200,band_mix,0.045,,19,0.0
beta_2,2.0,upper_inside,best_grid_T200,band_mix,0.045,,20,0.0
beta_2,2.0,upper_inside,best_grid_T200,band_mix,0.045,,21,0.0
beta_2,2.0,upper_inside,best_grid_T200,band_mix,0.045,,22,0.0
beta_2,2.0,upper_inside,best_grid_T200,band_mix,0.045,,23,0.0
beta_2,2.0,upper_inside,best_grid_T200,band_mix,0.045,,24,0.0
beta_2,2.0,upper_inside,best_grid_T200,band_mix,0.045,,25,0.0
beta_2,2.0,upper_inside,best_grid_T200,band_mix,0.045,,26,0.0
beta_2,2.0,upper_inside,best_grid_T200,band_mix,0.045,,27,0.0
beta_2,2.0,upper_inside,best_grid_T200,band_mix,0.045,,28,0.0
beta_2,2.0,upper_inside,best_grid_T200,band_mix,0.045,,29,0.0
beta_2,2.0,upper_inside,best_grid_T200,band_mix,0.045,,30,0.0
beta_2,2.0,upper_inside,best_grid_T200,band_mix,0.045,,31,0.0
beta_2,2.0,upper_inside,best_grid_T200,band_mix,0.045,,32,0.0
beta_2,2.0,upper_inside,best_grid_T200,band_mix,0.045,,33,0.0
beta_2,2.0,upper_inside,best_grid_T200,band_mix,0.045,,34,0.0
beta_2,2.0,upper_inside,best_grid_T200,band_mix,0.045,,35,0.0
beta_2,2.0,upper_inside,best_grid_T200,band_mix,0.045,,36,0.0
beta_2,2.0,upper_inside,best_grid_T200,band_mix,0.045,,37,0.0
beta_2,2.0,upper_inside,best_grid_T200,band_mix,0.045,,38,0.0
beta_2,2.0,upper_inside,best_grid_T200,band_mix,0.045,,39,0.0
beta_2,2.0,upper_inside,best_grid_T200,band_mix,0.045,,40,0.0
beta_2,2.0,upper_inside,best_grid_T200,band_mix,0.045,,41,0.0
beta_2,2.0,upper_inside,best_grid_T200,band_mix,0.045,,42,0.0
beta_2,2.0,upper_inside,best_grid_T200,band_mix,0.045,,43,0.0
beta_2,2.0,upper_inside,best_grid_T200,band_mix,0.045,,44,0.0
beta_2,2.0,upper_inside,best_grid_T200,band_mix,0.045,,45,0.0
beta_2,2.0,upper_inside,best_grid_T200,band_mix,0.045,,46,0.0
beta_2,2.0,upper_inside,best_grid_T200,band_mix,0.045,,47,0.0
beta_2,2.0,upper_inside,best_grid_T200,band_mix,0.045,,48,0.0
beta_2,2.0,upper_inside,best_grid_T200,band_mix,0.045,,49,0.0
beta_2,2.0,upper_inside,best_grid_T200,band_mix,0.045,,50,0.0
beta_2,2.0,upper_inside,best_grid_T200,band_mix,0.045,,51,0.0
beta_2,2.0,upper_inside,best_grid_T200,band_mix,0.045,,52,0.0
beta_2,2.0,upper_inside,best_grid_T200,band_mix,0.045,,53,0.0
beta_2,2.0,upper_inside,best_grid_T200,band_mix,0.045,,54,0.0
beta_2,2.0,upper_inside,best_grid_T200,band_mix,0.045,,55,0.0
beta_2,2.0,upper_inside,best_grid_T200,band_mix,0.045,,56,0.0
beta_2,2.0,upper_inside,best_grid_T200,band_mix,0.045,,57,0.0
beta_2,2.0,upper_inside,best_grid_T200,band_mix,0.045,,58,0.0
beta_2,2.0,upper_inside,best_grid_T200,band_mix,0.045,,59,0.0
beta_2,2.0,upper_inside,best_grid_T200,band_mix,0.045,,60,0.0
beta_2,2.0,upper_inside,best_grid_T200,band_mix,0.045,,61,0.0
beta_2,2.0,upper_inside,best_grid_T200,band_mix,0.045,,62,0.0
beta_2,2.0,upper_inside,best_grid_T200,band_mix,0.045,,63,0.0
beta_2,2.0,upper_inside,best_grid_T200,band_mix,0.045,,64,0.0
beta_2,2.0,upper_inside,best_grid_T200,band_mix,0.045,,65,0.0
beta_2,2.0,upper_inside,best_grid_T200,band_mix,0.045,,66,0.0
beta_2,2.0,upper_inside,best_grid_T200,band_mix,0.045,,67,0.0
beta_2,2.0,upper_inside,best_grid_T200,band_mix,0.045,,68,0.0
beta_2,2.0,upper_inside,best_grid_T200,band_mix,0.045,,69,0.0
beta_2,2.0,upper_inside,best_grid_T200,band_mix,0.045,,70,0.0
beta_2,2.0,upper_inside,best_grid_T200,band_mix,0.045,,71,0.0
beta_2,2.0,upper_inside,best_grid_T200,band_mix,0.045,,72,0.0
beta_2,2.0,upper_inside,best_grid_T200,band_mix,0.045,,73,0.0
beta_2,2.0,upper_inside,best_grid_T200,band_mix,0.045,,74,0.0
beta_2,2.0,upper_inside,best_grid_T200,band_mix,0.045,,75,0.0
beta_2,2.0,upper_inside,best_grid_T200,band_mix,0.045,,76,0.0
beta_2,2.0,upper_inside,best_grid_T200,band_mix,0.045,,77,0.0
beta_2,2.0,upper_inside,best_grid_T200,band_mix,0.045,,78,0.0
beta_2,2.0,upper_inside,best_grid_T200,band_mix,0.045,,79,0.0
beta_2,2.0,upper_inside,best_grid_T200,band_mix,0.045,,80,0.0
beta_2,2.0,upper_inside,best_grid_T200,band_mix,0.045,,81,0.0
beta_2,2.0,upper_inside,best_grid_T200,band_mix,0.045,,82,0.0
beta_2,2.0,upper_inside,best_grid_T200,band_mix,0.045,,83,0.0
beta_2,2.0,upper_inside,best_grid_T200,band_mix,0.045,,84,0.0
beta_2,2.0,upper_inside,best_grid_T200,band_mix,0.045,,85,0.0
beta_2,2.0,upper_inside,best_grid_T200,band_mix,0.045,,86,0.0
beta_2,2.0,upper_inside,best_grid_T200,band_mix,0.045,,87,0.0
beta_2,2.0,upper_inside,best_grid_T200,band_mix,0.045,,88,0.0
beta_2,2.0,upper_inside,best_grid_T200,band_mix,0.045,,89,0.0
beta_2,2.0,upper_inside,best_grid_T200,band_mix,0.045,,90,0.0
beta_2,2.0,upper_inside,best_grid_T200,band_mix,0.045,,91,0.0
beta_2,2.0,upper_inside,best_grid_T200,band_mix,0.045,,92,0.0
beta_2,2.0,upper_inside,best_grid_T200,band_mix,0.045,,93,0.0
beta_2,2.0,upper_inside,best_grid_T200,band_mix,0.045,,94,0.0
beta_2,2.0,upper_inside,best_grid_T200,band_mix,0.045,,95,0.0
beta_2,2.0,upper_inside,best_grid_T200,band_mix,0.045,,96,0.0
beta_2,2.0,upper_inside,best_grid_T200,band_mix,0.045,,97,0.0
beta_2,2.0,upper_inside,best_grid_T200,band_mix,0.045,,98,0.0
beta_2,2.0,upper_inside,best_grid_T200,band_mix,0.045,,99,0.0
beta_2,2.0,upper_inside,best_grid_T200,band_mix,0.045,,100,0.0
beta_2,2.0,upper_inside,best_grid_T200,band_mix,0.045,,101,0.0
beta_2,2.0,upper_inside,best_grid_T200,band_mix,0.045,,102,0.0
beta_2,2.0,upper_inside,best_grid_T200,band_mix,0.045,,103,0.0
beta_2,2.0,upper_inside,best_grid_T200,band_mix,0.045,,104,0.0
beta_2,2.0,upper_inside,best_grid_T200,band_mix,0.045,,105,0.0
beta_2,2.0,upper_inside,best_grid_T200,band_mix,0.045,,106,0.0
beta_2,2.0,upper_inside,best_grid_T200,band_mix,0.045,,107,0.0
beta_2,2.0,upper_inside,best_grid_T200,band_mix,0.045,,108,0.0
beta_2,2.0,upper_inside,best_grid_T200,band_mix,0.045,,109,0.0
beta_2,2.0,upper_inside,best_grid_T200,band_mix,0.045,,110,0.0
beta_2,2.0,upper_inside,best_grid_T200,band_mix,0.045,,111,0.0
beta_2,2.0,upper_inside,best_grid_T200,band_mix,0.045,,112,0.0
beta_2,2.0,upper_inside,best_grid_T200,band_mix,0.045,,113,0.0
beta_2,2.0,upper_inside,best_grid_T200,band_mix,0.045,,114,0.0
beta_2,2.0,upper_inside,best_grid_T200,band_mix,0.045,,115,0.0
beta_2,2.0,upper_inside,best_grid_T200,band_mix,0.045,,116,0.0
beta_2,2.0,upper_inside,best_grid_T200,band_mix,0.045,,117,0.0
beta_2,2.0,upper_inside,best_grid_T200,band_mix,0.045,,118,0.0
beta_2,2.0,upper_inside,best_grid_T200,band_mix,0.045,,119,0.0
beta_2,2.0,upper_inside,best_grid_T200,band_mix,0.045,,120,0.0
beta_2,2.0,upper_inside,best_grid_T200,band_mix,0.045,,121,0.0
beta_2,2.0,upper_inside,best_grid_T200,band_mix,0.045,,122,0.0
beta_2,2.0,upper_inside,best_grid_T200,band_mix,0.045,,123,0.0
beta_2,2.0,upper_inside,best_grid_T200,band_mix,0.045,,124,0.0
beta_2,2.0,upper_inside,best_grid_T200,band_mix,0.045,,125,0.0
beta_2,2.0,upper_inside,best_grid_T200,band_mix,0.045,,126,0.0
beta_2,2.0,upper_inside,best_grid_T200,band_mix,0.045,,127,0.0
beta_2,2.0,upper_inside,best_grid_T200,band_mix,0.045,,128,0.0
beta_2,2.0,upper_inside,best_grid_T200,band_mix,0.045,,129,0.0
beta_2,2.0,upper_inside,best_grid_T200,band_mix,0.045,,130,0.0
beta_2,2.0,upper_inside,best_grid_T200,band_mix,0.045,,131,0.0
beta_2,2.0,upper_inside,best_grid_T200,band_mix,0.045,,132,0.0
beta_2,2.0,upper_inside,best_grid_T200,band_mix,0.045,,133,0.0
beta_2,2.0,upper_inside,best_grid_T200,band_mix,0.045,,134,0.0
beta_2,2.0,upper_inside,best_grid_T200,band_mix,0.045,,135,0.0
beta_2,2.0,upper_inside,best_grid_T200,band_mix,0.045,,136,0.0
beta_2,2.0,upper_inside,best_grid_T200,band_mix,0.045,,137,0.0
beta_2,2.0,upper_inside,best_grid_T200,band_mix,0.045,,138,0.0
beta_2,2.0,upper_inside,best_grid_T200,band_mix,0.045,,139,0.0002
beta_2,2.0,upper_inside,best_grid_T200,band_mix,0.045,,140,0.0002
beta_2,2.0,upper_inside,best_grid_T200,band_mix,0.045,,141,0.0002
beta_2,2.0,upper_inside,best_grid_T200,band_mix,0.045,,142,0.0002
beta_2,2.0,upper_inside,best_grid_T200,band_mix,0.045,,143,0.0002
beta_2,2.0,upper_inside,best_grid_T200,band_mix,0.045,,144,0.0002
beta_2,2.0,upper_inside,best_grid_T200,band_mix,0.045,,145,0.0002
beta_2,2.0,upper_inside,best_grid_T200,band_mix,0.045,,146,0.0002
beta_2,2.0,upper_inside,best_grid_T200,band_mix,0.045,,147,0.0004
beta_2,2.0,upper_inside,best_grid_T200,band_mix,0.045,,148,0.0004
beta_2,2.0,upper_inside,best_grid_T200,band_mix,0.045,,149,0.0004
beta_2,2.0,upper_inside,best_grid_T200,band_mix,0.045,,150,0.0004
beta_2,2.0,upper_inside,best_grid_T200,band_mix,0.045,,151,0.0004
beta_2,2.0,upper_inside,best_grid_T200,band_mix,0.045,,152,0.0004
beta_2,2.0,upper_inside,best_grid_T200,band_mix,0.045,,153,0.0004
beta_2,2.0,upper_inside,best_grid_T200,band_mix,0.045,,154,0.0004
beta_2,2.0,upper_inside,best_grid_T200,band_mix,0.045,,155,0.0004
beta_2,2.0,upper_inside,best_grid_T200,band_mix,0.045,,156,0.0004
beta_2,2.0,upper_inside,best_grid_T200,band_mix,0.045,,157,0.0004
beta_2,2.0,upper_inside,best_grid_T200,band_mix,0.045,,158,0.0004
beta_2,2.0,upper_inside,best_grid_T200,band_mix,0.045,,159,0.0004
beta_2,2.0,upper_inside,best_grid_T200,band_mix,0.045,,160,0.0004
beta_2,2.0,upper_inside,best_grid_T200,band_mix,0.045,,161,0.0004
beta_2,2.0,upper_inside,best_grid_T200,band_mix,0.045,,162,0.0004
beta_2,2.0,upper_inside,best_grid_T200,band_mix,0.045,,163,0.0004
beta_2,2.0,upper_inside,best_grid_T200,band_mix,0.045,,164,0.0004
beta_2,2.0,upper_inside,best_grid_T200,band_mix,0.045,,165,0.0004
beta_2,2.0,upper_inside,best_grid_T200,band_mix,0.045,,166,0.0004
beta_2,2.0,upper_inside,best_grid_T200,band_mix,0.045,,167,0.0004
beta_2,2.0,upper_inside,best_grid_T200,band_mix,0.045,,168,0.0004
beta_2,2.0,upper_inside,best_grid_T200,band_mix,0.045,,169,0.0004
beta_2,2.0,upper_inside,best_grid_T200,band_mix,0.045,,170,0.0004
beta_2,2.0,upper_inside,best_grid_T200,band_mix,0.045,,171,0.0004
beta_2,2.0,upper_inside,best_grid_T200,band_mix,0.045,,172,0.0004
beta_2,2.0,upper_inside,best_grid_T200,band_mix,0.045,,173,0.0004
beta_2,2.0,upper_inside,best_grid_T200,band_mix,0.045,,174,0.0004
beta_2,2.0,upper_inside,best_grid_T200,band_mix,0.045,,175,0.0004
beta_2,2.0,upper_inside,best_grid_T200,band_mix,0.045,,176,0.0004
beta_2,2.0,upper_inside,best_grid_T200,band_mix,0.045,,177,0.0004
beta_2,2.0,upper_inside,best_grid_T200,band_mix,0.045,,178,0.0004
beta_2,2.0,upper_inside,best_grid_T200,band_mix,0.045,,179,0.0004
beta_2,2.0,upper_inside,best_grid_T200,band_mix,0.045,,180,0.0004
beta_2,2.0,upper_inside,best_grid_T200,band_mix,0.045,,181,0.0004
beta_2,2.0,upper_inside,best_grid_T200,band_mix,0.045,,182,0.0004
beta_2,2.0,upper_inside,best_grid_T200,band_mix,0.045,,183,0.0004
beta_2,2.0,upper_inside,best_grid_T200,band_mix,0.045,,184,0.0004
beta_2,2.0,upper_inside,best_grid_T200,band_mix,0.045,,185,0.0004
beta_2,2.0,upper_inside,best_grid_T200,band_mix,0.045,,186,0.0004
beta_2,2.0,upper_inside,best_grid_T200,band_mix,0.045,,187,0.0004
beta_2,2.0,upper_inside,best_grid_T200,band_mix,0.045,,188,0.0004
beta_2,2.0,upper_inside,best_grid_T200,band_mix,0.045,,189,0.0004
beta_2,2.0,upper_inside,best_grid_T200,band_mix,0.045,,190,0.0004
beta_2,2.0,upper_inside,best_grid_T200,band_mix,0.045,,191,0.0004
beta_2,2.0,upper_inside,best_grid_T200,band_mix,0.045,,192,0.0004
beta_2,2.0,upper_inside,best_grid_T200,band_mix,0.045,,193,0.0004
beta_2,2.0,upper_inside,best_grid_T200,band_mix,0.045,,194,0.0004
beta_2,2.0,upper_inside,best_grid_T200,band_mix,0.045,,195,0.0004
beta_2,2.0,upper_inside,best_grid_T200,band_mix,0.045,,196,0.0004
beta_2,2.0,upper_inside,best_grid_T200,band_mix,0.045,,197,0.0004
beta_2,2.0,upper_inside,best_grid_T200,band_mix,0.045,,198,0.0004
beta_2,2.0,upper_inside,best_grid_T200,band_mix,0.045,,199,0.0004
beta_2,2.0,upper_inside,best_grid_T200,band_mix,0.045,,200,0.0004
beta_2,2.0,upper_inside,oracle,oracle,,,1,0.0
beta_2,2.0,upper_inside,oracle,oracle,,,2,0.0
beta_2,2.0,upper_inside,oracle,oracle,,,3,0.01
beta_2,2.0,upper_inside,oracle,oracle,,,4,0.0282
beta_2,2.0,upper_inside,oracle,oracle,,,5,0.053
beta_2,2.0,upper_inside,oracle,oracle,,,6,0.0726
beta_2,2.0,upper_inside,oracle,oracle,,,7,0.0924
beta_2,2.0,upper_inside,oracle,oracle,,,8,0.1074
beta_2,2.0,upper_inside,oracle,oracle,,,9,0.1268
beta_2,2.0,upper_inside,oracle,oracle,,,10,0.1412
beta_2,2.0,upper_inside,oracle,oracle,,,11,0.156
beta_2,2.0,upper_inside,oracle,oracle,,,12,0.1682
beta_2,2.0,upper_inside,oracle,oracle,,,13,0.1818
beta_2,2.0,upper_inside,oracle,oracle,,,14,0.197
beta_2,2.0,upper_inside,oracle,oracle,,,15,0.2092
beta_2,2.0,upper_inside,oracle,oracle,,,16,0.221
beta_2,2.0,upper_inside,oracle,oracle,,,17,0.2314
beta_2,2.0,upper_inside,oracle,oracle,,,18,0.241
beta_2,2.0,upper_inside,oracle,oracle,,,19,0.2488
beta_2,2.0,upper_inside,oracle,oracle,,,20,0.2584
beta_2,2.0,upper_inside,oracle,oracle,,,21,0.2658
beta_2,2.0,upper_inside,oracle,oracle,,,22,0.2732
beta_2,2.0,upper_inside,oracle,oracle,,,23,0.2796
beta_2,2.0,upper_inside,oracle,oracle,,,24,0.2862
beta_2,2.0,upper_inside,oracle,oracle,,,25,0.2936
beta_2,2.0,upper_inside,oracle,oracle,,,26,0.3004
beta_2,2.0,upper_inside,oracle,oracle,,,27,0.3066
beta_2,2.0,upper_inside,oracle,oracle,,,28,0.3104
beta_2,2.0,upper_inside,oracle,oracle,,,29,0.316
beta_2,2.0,upper_inside,oracle,oracle,,,30,0.3216
beta_2,2.0,upper_inside,oracle,oracle,,,31,0.3252
beta_2,2.0,upper_inside,oracle,oracle,,,32,0.3292
beta_2,2.0,upper_inside,oracle,oracle,,,33,0.333
beta_2,2.0,upper_inside,oracle,oracle,,,34,0.336
beta_2,2.0,upper_inside,oracle,oracle,,,35,0.3396
beta_2,2.0,upper_inside,oracle,oracle,,,36,0.344
beta_2,2.0,upper_inside,oracle,oracle,,,37,0.3474
beta_2,2.0,upper_inside,oracle,oracle,,,38,0.3498
beta_2,2.0,upper_inside,oracle,oracle,,,39,0.353
beta_2,2.0,upper_inside,oracle,oracle,,,40,0.3564
beta_2,2.0,upper_inside,oracle,oracle,,,41,0.3594
beta_2,2.0,upper_inside,oracle,oracle,,,42,0.3634
beta_2,2.0,upper_inside,oracle,oracle,,,43,0.366
beta_2,2.0,upper_inside,oracle,oracle,,,44,0.368
beta_2,2.0,upper_inside,oracle,oracle,,,45,0.37
beta_2,2.0,upper_inside,oracle,oracle,,,46,0.3716
beta_2,2.0,upper_inside,oracle,oracle,,,47,0.3744
beta_2,2.0,upper_inside,oracle,oracle,,,48,0.3772
beta_2,2.0,upper_inside,oracle,oracle,,,49,0.378
beta_2,2.0,upper_inside,oracle,oracle,,,50,0.3806
beta_2,2.0,upper_inside,oracle,oracle,,,51,0.3824
beta_2,2.0,upper_inside,oracle,oracle,,,52,0.384
beta_2,2.0,upper_inside,oracle,oracle,,,53,0.385
beta_2,2.0,upper_inside,oracle,oracle,,,54,0.386
beta_2,2.0,upper_inside,oracle,oracle,,,55,0.3876
beta_2,2.0,upper_inside,oracle,oracle,,,56,0.3884
beta_2,2.0,upper_inside,oracle,oracle,,,57,0.3896
beta_2,2.0,upper_inside,oracle,oracle,,,58,0.391
beta_2,2.0,upper_inside,oracle,oracle,,,59,0.3926
beta_2,2.0,upper_inside,oracle,oracle,,,60,0.3946
beta_2,2.0,upper_inside,oracle,oracle,,,61,0.3962
beta_2,2.0,upper_inside,oracle,oracle,,,62,0.3966
beta_2,2.0,upper_inside,oracle,oracle,,,63,0.3972
beta_2,2.0,upper_inside,oracle,oracle,,,64,0.398
beta_2,2.0,upper_inside,oracle,oracle,,,65,0.3988
beta_2,2.0,upper_inside,oracle,oracle,,,66,0.3994
beta_2,2.0,upper_inside,oracle,oracle,,,67,0.4004
beta_2,2.0,upper_inside,oracle,oracle,,,68,0.4014
beta_2,2.0,upper_inside,oracle,oracle,,,69,0.4024
beta_2,2.0,upper_inside,oracle,oracle,,,70,0.4032
beta_2,2.0,upper_inside,oracle,oracle,,,71,0.4038
beta_2,2.0,upper_inside,oracle,oracle,,,72,0.4042
beta_2,2.0,upper_inside,oracle,oracle,,,73,0.405
beta_2,2.0,upper_inside,oracle,oracle,,,74,0.4062
beta_2,2.0,upper_inside,oracle,oracle,,,75,0.4068
beta_2,2.0,upper_inside,oracle,oracle,,,76,0.4076
beta_2,2.0,upper_inside,oracle,oracle,,,77,0.4082
beta_2,2.0,upper_inside,oracle,oracle,,,78,0.4086
beta_2,2.0,upper_inside,oracle,oracle,,,79,0.4094
beta_2,2.0,upper_inside,oracle,oracle,,,80,0.41
beta_2,2.0,upper_inside,oracle,oracle,,,81,0.4104
beta_2,2.0,upper_inside,oracle,oracle,,,82,0.4106
beta_2,2.0,upper_inside,oracle,oracle,,,83,0.412
beta_2,2.0,upper_inside,oracle,oracle,,,84,0.4128
beta_2,2.0,upper_inside,oracle,oracle,,,85,0.4136
beta_2,2.0,upper_inside,oracle,oracle,,,86,0.4138
beta_2,2.0,upper_inside,oracle,oracle,,,87,0.4142
beta_2,2.0,upper_inside,oracle,oracle,,,88,0.4148
beta_2,2.0,upper_inside,oracle,oracle,,,89,0.4154
beta_2,2.0,upper_inside,oracle,oracle,,,90,0.416
beta_2,2.0,upper_inside,oracle,oracle,,,91,0.4168
beta_2,2.0,upper_inside,oracle,oracle,,,92,0.4174
beta_2,2.0,upper_inside,oracle,oracle,,,93,0.418
beta_2,2.0,upper_inside,oracle,oracle,,,94,0.4182
beta_2,2.0,upper_inside,oracle,oracle,,,95,0.4184
beta_2,2.0,upper_inside,oracle,oracle,,,96,0.4188
beta_2,2.0,upper_inside,oracle,oracle,,,97,0.419
beta_2,2.0,upper_inside,oracle,oracle,,,98,0.4198
beta_2,2.0,upper_inside,oracle,oracle,,,99,0.42
beta_2,2.0,upper_inside,oracle,oracle,,,100,0.4214
beta_2,2.0,upper_inside,oracle,oracle,,,101,0.4216
beta_2,2.0,upper_inside,oracle,oracle,,,102,0.4218
beta_2,2.0,upper_inside,oracle,oracle,,,103,0.4228
beta_2,2.0,upper_inside,oracle,oracle,,,104,0.423
beta_2,2.0,upper_inside,oracle,oracle,,,105,0.4232
beta_2,2.0,upper_inside,oracle,oracle,,,106,0.4236
beta_2,2.0,upper_inside,oracle,oracle,,,107,0.4242
beta_2,2.0,upper_inside,oracle,oracle,,,108,0.4244
beta_2,2.0,upper_inside,oracle,oracle,,,109,0.4246
beta_2,2.0,upper_inside,oracle,oracle,,,110,0.425
beta_2,2.0,upper_inside,oracle,oracle,,,111,0.4256
beta_2,2.0,upper_inside,oracle,oracle,,,112,0.4262
beta_2,2.0,upper_inside,oracle,oracle,,,113,0.4264
beta_2,2.0,upper_inside,oracle,oracle,,,114,0.4272
beta_2,2.0,upper_inside,oracle,oracle,,,115,0.4274
beta_2,2.0,upper_inside,oracle,oracle,,,116,0.4274
beta_2,2.0,upper_inside,oracle,oracle,,,117,0.4274
beta_2,2.0,upper_inside,oracle,oracle,,,118,0.4276
beta_2,2.0,upper_inside,oracle,oracle,,,119,0.4276
beta_2,2.0,upper_inside,oracle,oracle,,,120,0.4284
beta_2,2.0,upper_inside,oracle,oracle,,,121,0.4284
beta_2,2.0,upper_inside,oracle,oracle,,,122,0.4286
beta_2,2.0,upper_inside,oracle,oracle,,,123,0.4286
beta_2,2.0,upper_inside,oracle,oracle,,,124,0.4286
beta_2,2.0,upper_inside,oracle,oracle,,,125,0.4292
beta_2,2.0,upper_inside,oracle,oracle,,,126,0.4292
beta_2,2.0,upper_inside,oracle,oracle,,,127,0.4296
beta_2,2.0,upper_inside,oracle,oracle,,,128,0.4296
beta_2,2.0,upper_inside,oracle,oracle,,,129,0.4302
beta_2,2.0,upper_inside,oracle,oracle,,,130,0.4302
beta_2,2.0,upper_inside,oracle,oracle,,,131,0.4306
beta_2,2.0,upper_inside,oracle,oracle,,,132,0.4308
beta_2,2.0,upper_inside,oracle,oracle,,,133,0.431
beta_2,2.0,upper_inside,oracle,oracle,,,134,0.431
beta_2,2.0,upper_inside,oracle,oracle,,,135,0.4318
beta_2,2.0,upper_inside,oracle,oracle,,,136,0.4318
beta_2,2.0,upper_inside,oracle,oracle,,,137,0.4322
beta_2,2.0,upper_inside,oracle,oracle,,,138,0.4322
beta_2,2.0,upper_inside,oracle,oracle,,,139,0.4322
beta_2,2.0,upper_inside,oracle,oracle,,,140,0.4322
beta_2,2.0,upper_inside,oracle,oracle,,,141,0.4326
beta_2,2.0,upper_inside,oracle,oracle,,,142,0.4328
beta_2,2.0,upper_inside,oracle,oracle,,,143,0.4328
beta_2,2.0,upper_inside,oracle,oracle,,,144,0.4332
beta_2,2.0,upper_inside,oracle,oracle,,,145,0.4334
beta_2,2.0,upper_inside,oracle,oracle,,,146,0.4336
beta_2,2.0,upper_inside,oracle,oracle,,,147,0.4336
beta_2,2.0,upper_inside,oracle,oracle,,,148,0.4336
beta_2,2.0,upper_inside,oracle,oracle,,,149,0.4338
beta_2,2.0,upper_inside,oracle,oracle,,,150,0.434
beta_2,2.0,upper_inside,oracle,oracle,,,151,0.4344
beta_2,2.0,upper_inside,oracle,oracle,,,152,0.4346
beta_2,2.0,upper_inside,oracle,oracle,,,153,0.4346
beta_2,2.0,upper_inside,oracle,oracle,,,154,0.4346
beta_2,2.0,upper_inside,oracle,oracle,,,155,0.4348
beta_2,2.0,upper_inside,oracle,oracle,,,156,0.435
beta_2,2.0,upper_inside,oracle,oracle,,,157,0.435
beta_2,2.0,upper_inside,oracle,oracle,,,158,0.4352
beta_2,2.0,upper_inside,oracle,oracle,,,159,0.4354
beta_2,2.0,upper_inside,oracle,oracle,,,160,0.4356
beta_2,2.0,upper_inside,oracle,oracle,,,161,0.4356
beta_2,2.0,upper_inside,oracle,oracle,,,162,0.436
beta_2,2.0,upper_inside,oracle,oracle,,,163,0.436
beta_2,2.0,upper_inside,oracle,oracle,,,164,0.436
beta_2,2.0,upper_inside,oracle,oracle,,,165,0.436
beta_2,2.0,upper_inside,oracle,oracle,,,166,0.4362
beta_2,2.0,upper_inside,oracle,oracle,,,167,0.4362
beta_2,2.0,upper_inside,oracle,oracle,,,168,0.4362
beta_2,2.0,upper_inside,oracle,oracle,,,169,0.4364
beta_2,2.0,upper_inside,oracle,oracle,,,170,0.4364
beta_2,2.0,upper_inside,oracle,oracle,,,171,0.4368
beta_2,2.0,upper_inside,oracle,oracle,,,172,0.4368
beta_2,2.0,upper_inside,oracle,oracle,,,173,0.4372
beta_2,2.0,upper_inside,oracle,oracle,,,174,0.4372
beta_2,2.0,upper_inside,oracle,oracle,,,175,0.4372
beta_2,2.0,upper_inside,oracle,oracle,,,176,0.4374
beta_2,2.0,upper_inside,oracle,oracle,,,177,0.4376
beta_2,2.0,upper_inside,oracle,oracle,,,178,0.4376
beta_2,2.0,upper_inside,oracle,oracle,,,179,0.4376
beta_2,2.0,upper_inside,oracle,oracle,,,180,0.4376
beta_2,2.0,upper_inside,oracle,oracle,,,181,0.4378
beta_2,2.0,upper_inside,oracle,oracle,,,182,0.438
beta_2,2.0,upper_inside,oracle,oracle,,,183,0.4382
beta_2,2.0,upper_inside,oracle,oracle,,,184,0.4384
beta_2,2.0,upper_inside,oracle,oracle,,,185,0.4386
beta_2,2.0,upper_inside,oracle,oracle,,,186,0.4386
beta_2,2.0,upper_inside,oracle,oracle,,,187,0.4386
beta_2,2.0,upper_inside,oracle,oracle,,,188,0.4386
beta_2,2.0,upper_inside,oracle,oracle,,,189,0.4386
beta_2,2.0,upper_inside,oracle,oracle,,,190,0.4392
beta_2,2.0,upper_inside,oracle,oracle,,,191,0.4392
beta_2,2.0,upper_inside,oracle,oracle,,,192,0.4392
beta_2,2.0,upper_inside,oracle,oracle,,,193,0.4392
beta_2,2.0,upper_inside,oracle,oracle,,,194,0.4392
beta_2,2.0,upper_inside,oracle,oracle,,,195,0.4392
beta_2,2.0,upper_inside,oracle,oracle,,,196,0.4392
beta_2,2.0,upper_inside,oracle,oracle,,,197,0.4394
beta_2,2.0,upper_inside,oracle,oracle,,,198,0.4394
beta_2,2.0,upper_inside,oracle,oracle,,,199,0.4396
beta_2,2.0,upper_inside,oracle,oracle,,,200,0.4396
beta_2,2.0,mixed_inside,static,static,,,1,0.0
beta_2,2.0,mixed_inside,static,static,,,2,0.0
beta_2,2.0,mixed_inside,static,static,,,3,0.007
beta_2,2.0,mixed_inside,static,static,,,4,0.0186
beta_2,2.0,mixed_inside,static,static,,,5,0.0364
beta_2,2.0,mixed_inside,static,static,,,6,0.0496
beta_2,2.0,mixed_inside,static,static,,,7,0.0622
beta_2,2.0,mixed_inside,static,static,,,8,0.0724
beta_2,2.0,mixed_inside,static,static,,,9,0.0834
beta_2,2.0,mixed_inside,static,static,,,10,0.0968
beta_2,2.0,mixed_inside,static,static,,,11,0.1058
beta_2,2.0,mixed_inside,static,static,,,12,0.1138
beta_2,2.0,mixed_inside,static,static,,,13,0.1204
beta_2,2.0,mixed_inside,static,static,,,14,0.1268
beta_2,2.0,mixed_inside,static,static,,,15,0.1356
beta_2,2.0,mixed_inside,static,static,,,16,0.1406
beta_2,2.0,mixed_inside,static,static,,,17,0.1464
beta_2,2.0,mixed_inside,static,static,,,18,0.1516
beta_2,2.0,mixed_inside,static,static,,,19,0.1552
beta_2,2.0,mixed_inside,static,static,,,20,0.1608
beta_2,2.0,mixed_inside,static,static,,,21,0.164
beta_2,2.0,mixed_inside,static,static,,,22,0.1686
beta_2,2.0,mixed_inside,static,static,,,23,0.1726
beta_2,2.0,mixed_inside,static,static,,,24,0.1762
beta_2,2.0,mixed_inside,static,static,,,25,0.1784
beta_2,2.0,mixed_inside,static,static,,,26,0.1808
beta_2,2.0,mixed_inside,static,static,,,27,0.1842
beta_2,2.0,mixed_inside,static,static,,,28,0.187
beta_2,2.0,mixed_inside,static,static,,,29,0.1888
beta_2,2.0,mixed_inside,static,static,,,30,0.1912
beta_2,2.0,mixed_inside,static,static,,,31,0.1928
beta_2,2.0,mixed_inside,static,static,,,32,0.196
beta_2,2.0,mixed_inside,static,static,,,33,0.1982
beta_2,2.0,mixed_inside,static,static,,,34,0.2
beta_2,2.0,mixed_inside,static,static,,,35,0.2026
beta_2,2.0,mixed_inside,static,static,,,36,0.2036
beta_2,2.0,mixed_inside,static,static,,,37,0.205
beta_2,2.0,mixed_inside,static,static,,,38,0.2058
beta_2,2.0,mixed_inside,static,static,,,39,0.2068
beta_2,2.0,mixed_inside,static,static,,,40,0.2084
beta_2,2.0,mixed_inside,static,static,,,41,0.2106
beta_2,2.0,mixed_inside,static,static,,,42,0.2116
beta_2,2.0,mixed_inside,static,static,,,43,0.2132
beta_2,2.0,mixed_inside,static,static,,,44,0.214
beta_2,2.0,mixed_inside,static,static,,,45,0.2146
beta_2,2.0,mixed_inside,static,static,,,46,0.216
beta_2,2.0,mixed_inside,static,static,,,47,0.2168
beta_2,2.0,mixed_inside,static,static,,,48,0.2178
beta_2,2.0,mixed_inside,static,static,,,49,0.218
beta_2,2.0,mixed_inside,static,static,,,50,0.2194
beta_2,2.0,mixed_inside,static,static,,,51,0.2206
beta_2,2.0,mixed_inside,static,static,,,52,0.221
beta_2,2.0,mixed_inside,static,static,,,53,0.2218
beta_2,2.0,mixed_inside,static,static,,,54,0.2226
beta_2,2.0,mixed_inside,static,static,,,55,0.2234
beta_2,2.0,mixed_inside,static,static,,,56,0.224
beta_2,2.0,mixed_inside,static,static,,,57,0.2252
beta_2,2.0,mixed_inside,static,static,,,58,0.2258
beta_2,2.0,mixed_inside,static,static,,,59,0.226
beta_2,2.0,mixed_inside,static,static,,,60,0.227
beta_2,2.0,mixed_inside,static,static,,,61,0.2272
beta_2,2.0,mixed_inside,static,static,,,62,0.228
beta_2,2.0,mixed_inside,static,static,,,63,0.2286
beta_2,2.0,mixed_inside,static,static,,,64,0.2288
beta_2,2.0,mixed_inside,static,static,,,65,0.229
beta_2,2.0,mixed_inside,static,static,,,66,0.2292
beta_2,2.0,mixed_inside,static,static,,,67,0.2302
beta_2,2.0,mixed_inside,static,static,,,68,0.2314
beta_2,2.0,mixed_inside,static,static,,,69,0.2318
beta_2,2.0,mixed_inside,static,static,,,70,0.2326
beta_2,2.0,mixed_inside,static,static,,,71,0.2332
beta_2,2.0,mixed_inside,static,static,,,72,0.2334
beta_2,2.0,mixed_inside,static,static,,,73,0.2336
beta_2,2.0,mixed_inside,static,static,,,74,0.2338
beta_2,2.0,mixed_inside,static,static,,,75,0.2342
beta_2,2.0,mixed_inside,static,static,,,76,0.2348
beta_2,2.0,mixed_inside,static,static,,,77,0.2352
beta_2,2.0,mixed_inside,static,static,,,78,0.2354
beta_2,2.0,mixed_inside,static,static,,,79,0.2368
beta_2,2.0,mixed_inside,static,static,,,80,0.237
beta_2,2.0,mixed_inside,static,static,,,81,0.2372
beta_2,2.0,mixed_inside,static,static,,,82,0.2374
beta_2,2.0,mixed_inside,static,static,,,83,0.2376
beta_2,2.0,mixed_inside,static,static,,,84,0.2382
beta_2,2.0,mixed_inside,static,static,,,85,0.2382
beta_2,2.0,mixed_inside,static,static,,,86,0.2384
beta_2,2.0,mixed_inside,static,static,,,87,0.2386
beta_2,2.0,mixed_inside,static,static,,,88,0.239
beta_2,2.0,mixed_inside,static,static,,,89,0.2394
beta_2,2.0,mixed_inside,static,static,,,90,0.2394
beta_2,2.0,mixed_inside,static,static,,,91,0.2398
beta_2,2.0,mixed_inside,static,static,,,92,0.2402
beta_2,2.0,mixed_inside,static,static,,,93,0.2406
beta_2,2.0,mixed_inside,static,static,,,94,0.2408
beta_2,2.0,mixed_inside,static,static,,,95,0.2412
beta_2,2.0,mixed_inside,static,static,,,96,0.2412
beta_2,2.0,mixed_inside,static,static,,,97,0.2414
beta_2,2.0,mixed_inside,static,static,,,98,0.2418
beta_2,2.0,mixed_inside,static,static,,,99,0.2422
beta_2,2.0,mixed_inside,static,static,,,100,0.2422
beta_2,2.0,mixed_inside,static,static,,,101,0.2428
beta_2,2.0,mixed_inside,static,static,,,102,0.2432
beta_2,2.0,mixed_inside,static,static,,,103,0.2434
beta_2,2.0,mixed_inside,static,static,,,104,0.2434
beta_2,2.0,mixed_inside,static,static,,,105,0.2438
beta_2,2.0,mixed_inside,static,static,,,106,0.2442
beta_2,2.0,mixed_inside,static,static,,,107,0.2444
beta_2,2.0,mixed_inside,static,static,,,108,0.2444
beta_2,2.0,mixed_inside,static,static,,,109,0.2444
beta_2,2.0,mixed_inside,static,static,,,110,0.2446
beta_2,2.0,mixed_inside,static,static,,,111,0.2448
beta_2,2.0,mixed_inside,static,static,,,112,0.2452
beta_2,2.0,mixed_inside,static,static,,,113,0.2452
beta_2,2.0,mixed_inside,static,static,,,114,0.2458
beta_2,2.0,mixed_inside,static,static,,,115,0.246
beta_2,2.0,mixed_inside,static,static,,,116,0.2462
beta_2,2.0,mixed_inside,static,static,,,117,0.2462
beta_2,2.0,mixed_inside,static,static,,,118,0.2464
beta_2,2.0,mixed_inside,static,static,,,119,0.2466
beta_2,2.0,mixed_inside,static,static,,,120,0.2468
beta_2,2.0,mixed_inside,static,static,,,121,0.2468
beta_2,2.0,mixed_inside,static,static,,,122,0.2468
beta_2,2.0,mixed_inside,static,static,,,123,0.2468
beta_2,2.0,mixed_inside,static,static,,,124,0.247
beta_2,2.0,mixed_inside,static,static,,,125,0.247
beta_2,2.0,mixed_inside,static,static,,,126,0.2472
beta_2,2.0,mixed_inside,static,static,,,127,0.2472
beta_2,2.0,mixed_inside,static,static,,,128,0.2472
beta_2,2.0,mixed_inside,static,static,,,129,0.2476
beta_2,2.0,mixed_inside,static,static,,,130,0.2476
beta_2,2.0,mixed_inside,static,static,,,131,0.2478
beta_2,2.0,mixed_inside,static,static,,,132,0.2478
beta_2,2.0,mixed_inside,static,static,,,133,0.248
beta_2,2.0,mixed_inside,static,static,,,134,0.248
beta_2,2.0,mixed_inside,static,static,,,135,0.2482
beta_2,2.0,mixed_inside,static,static,,,136,0.2484
beta_2,2.0,mixed_inside,static,static,,,137,0.2484
beta_2,2.0,mixed_inside,static,static,,,138,0.2488
beta_2,2.0,mixed_inside,static,static,,,139,0.249
beta_2,2.0,mixed_inside,static,static,,,140,0.249
beta_2,2.0,mixed_inside,static,static,,,141,0.2492
beta_2,2.0,mixed_inside,static,static,,,142,0.2492
beta_2,2.0,mixed_inside,static,static,,,143,0.2492
beta_2,2.0,mixed_inside,static,static,,,144,0.2494
beta_2,2.0,mixed_inside,static,static,,,145,0.2496
beta_2,2.0,mixed_inside,static,static,,,146,0.2496
beta_2,2.0,mixed_inside,static,static,,,147,0.2498
beta_2,2.0,mixed_inside,static,static,,,148,0.2498
beta_2,2.0,mixed_inside,static,static,,,149,0.2498
beta_2,2.0,mixed_inside,static,static,,,150,0.25
beta_2,2.0,mixed_inside,static,static,,,151,0.2502
beta_2,2.0,mixed_inside,static,static,,,152,0.2502
beta_2,2.0,mixed_inside,static,static,,,153,0.2502
beta_2,2.0,mixed_inside,static,static,,,154,0.2504
beta_2,2.0,mixed_inside,static,static,,,155,0.2504
beta_2,2.0,mixed_inside,static,static,,,156,0.2506
beta_2,2.0,mixed_inside,static,static,,,157,0.2508
beta_2,2.0,mixed_inside,static,static,,,158,0.2508
beta_2,2.0,mixed_inside,static,static,,,159,0.2514
beta_2,2.0,mixed_inside,static,static,,,160,0.2516
beta_2,2.0,mixed_inside,static,static,,,161,0.252
beta_2,2.0,mixed_inside,static,static,,,162,0.252
beta_2,2.0,mixed_inside,static,static,,,163,0.252
beta_2,2.0,mixed_inside,static,static,,,164,0.252
beta_2,2.0,mixed_inside,static,static,,,165,0.252
beta_2,2.0,mixed_inside,static,static,,,166,0.252
beta_2,2.0,mixed_inside,static,static,,,167,0.252
beta_2,2.0,mixed_inside,static,static,,,168,0.252
beta_2,2.0,mixed_inside,static,static,,,169,0.252
beta_2,2.0,mixed_inside,static,static,,,170,0.252
beta_2,2.0,mixed_inside,static,static,,,171,0.252
beta_2,2.0,mixed_inside,static,static,,,172,0.252
beta_2,2.0,mixed_inside,static,static,,,173,0.252
beta_2,2.0,mixed_inside,static,static,,,174,0.252
beta_2,2.0,mixed_inside,static,static,,,175,0.2522
beta_2,2.0,mixed_inside,static,static,,,176,0.2522
beta_2,2.0,mixed_inside,static,static,,,177,0.2524
beta_2,2.0,mixed_inside,static,static,,,178,0.2524
beta_2,2.0,mixed_inside,static,static,,,179,0.2524
beta_2,2.0,mixed_inside,static,static,,,180,0.2526
beta_2,2.0,mixed_inside,static,static,,,181,0.2528
beta_2,2.0,mixed_inside,static,static,,,182,0.2528
beta_2,2.0,mixed_inside,static,static,,,183,0.2528
beta_2,2.0,mixed_inside,static,static,,,184,0.253
beta_2,2.0,mixed_inside,static,static,,,185,0.253
beta_2,2.0,mixed_inside,static,static,,,186,0.253
beta_2,2.0,mixed_inside,static,static,,,187,0.253
beta_2,2.0,mixed_inside,static,static,,,188,0.2534
beta_2,2.0,mixed_inside,static,static,,,189,0.2534
beta_2,2.0,mixed_inside,static,static,,,190,0.2534
beta_2,2.0,mixed_inside,static,static,,,191,0.2534
beta_2,2.0,mixed_inside,static,static,,,192,0.2536
beta_2,2.0,mixed_inside,static,static,,,193,0.2536
beta_2,2.0,mixed_inside,static,static,,,194,0.2536
beta_2,2.0,mixed_inside,static,static,,,195,0.2536
beta_2,2.0,mixed_inside,static,static,,,196,0.2538
beta_2,2.0,mixed_inside,static,static,,,197,0.2538
beta_2,2.0,mixed_inside,static,static,,,198,0.2538
beta_2,2.0,mixed_inside,static,static,,,199,0.2538
beta_2,2.0,mixed_inside,static,static,,,200,0.2538
beta_2,2.0,mixed_inside,primary_baseline,band_mix,0.045,,1,0.0
beta_2,2.0,mixed_inside,primary_baseline,band_mix,0.045,,2,0.0
beta_2,2.0,mixed_inside,primary_baseline,band_mix,0.045,,3,0.0
beta_2,2.0,mixed_inside,primary_baseline,band_mix,0.045,,4,0.0
beta_2,2.0,mixed_inside,primary_baseline,band_mix,0.045,,5,0.0
beta_2,2.0,mixed_inside,primary_baseline,band_mix,0.045,,6,0.0
beta_2,2.0,mixed_inside,primary_baseline,band_mix,0.045,,7,0.0
beta_2,2.0,mixed_inside,primary_baseline,band_mix,0.045,,8,0.0
beta_2,2.0,mixed_inside,primary_baseline,band_mix,0.045,,9,0.0
beta_2,2.0,mixed_inside,primary_baseline,band_mix,0.045,,10,0.0
beta_2,2.0,mixed_inside,primary_baseline,band_mix,0.045,,11,0.0
beta_2,2.0,mixed_inside,primary_baseline,band_mix,0.045,,12,0.0
beta_2,2.0,mixed_inside,primary_baseline,band_mix,0.045,,13,0.0
beta_2,2.0,mixed_inside,primary_baseline,band_mix,0.045,,14,0.0
beta_2,2.0,mixed_inside,primary_baseline,band_mix,0.045,,15,0.0
beta_2,2.0,mixed_inside,primary_baseline,band_mix,0.045,,16,0.0
beta_2,2.0,mixed_inside,primary_baseline,band_mix,0.045,,17,0.0
beta_2,2.0,mixed_inside,primary_baseline,band_mix,0.045,,18,0.0
beta_2,2.0,mixed_inside,primary_baseline,band_mix,0.045,,19,0.0
beta_2,2.0,mixed_inside,primary_baseline,band_mix,0.045,,20,0.0
beta_2,2.0,mixed_inside,primary_baseline,band_mix,0.045,,21,0.0
beta_2,2.0,mixed_inside,primary_baseline,band_mix,0.045,,22,0.0
beta_2,2.0,mixed_inside,primary_baseline,band_mix,0.045,,23,0.0
beta_2,2.0,mixed_inside,primary_baseline,band_mix,0.045,,24,0.0
beta_2,2.0,mixed_inside,primary_baseline,band_mix,0.045,,25,0.0
beta_2,2.0,mixed_inside,primary_baseline,band_mix,0.045,,26,0.0
beta_2,2.0,mixed_inside,primary_baseline,band_mix,0.045,,27,0.0
beta_2,2.0,mixed_inside,primary_baseline,band_mix,0.045,,28,0.0
beta_2,2.0,mixed_inside,primary_baseline,band_mix,0.045,,29,0.0
beta_2,2.0,mixed_inside,primary_baseline,band_mix,0.045,,30,0.0
beta_2,2.0,mixed_inside,primary_baseline,band_mix,0.045,,31,0.0
beta_2,2.0,mixed_inside,primary_baseline,band_mix,0.045,,32,0.0
beta_2,2.0,mixed_inside,primary_baseline,band_mix,0.045,,33,0.0
beta_2,2.0,mixed_inside,primary_baseline,band_mix,0.045,,34,0.0
beta_2,2.0,mixed_inside,primary_baseline,band_mix,0.045,,35,0.0
beta_2,2.0,mixed_inside,primary_baseline,band_mix,0.045,,36,0.0
beta_2,2.0,mixed_inside,primary_baseline,band_mix,0.045,,37,0.0
beta_2,2.0,mixed_inside,primary_baseline,band_mix,0.045,,38,0.0
beta_2,2.0,mixed_inside,primary_baseline,band_mix,0.045,,39,0.0
beta_2,2.0,mixed_inside,primary_baseline,band_mix,0.045,,40,0.0
beta_2,2.0,mixed_inside,primary_baseline,band_mix,0.045,,41,0.0
beta_2,2.0,mixed_inside,primary_baseline,band_mix,0.045,,42,0.0
beta_2,2.0,mixed_inside,primary_baseline,band_mix,0.045,,43,0.0002
beta_2,2.0,mixed_inside,primary_baseline,band_mix,0.045,,44,0.0002
beta_2,2.0,mixed_inside,primary_baseline,band_mix,0.045,,45,0.0002
beta_2,2.0,mixed_inside,primary_baseline,band_mix,0.045,,46,0.0002
beta_2,2.0,mixed_inside,primary_baseline,band_mix,0.045,,47,0.0002
beta_2,2.0,mixed_inside,primary_baseline,band_mix,0.045,,48,0.0002
beta_2,2.0,mixed_inside,primary_baseline,band_mix,0.045,,49,0.0002
beta_2,2.0,mixed_inside,primary_baseline,band_mix,0.045,,50,0.0002
beta_2,2.0,mixed_inside,primary_baseline,band_mix,0.045,,51,0.0002
beta_2,2.0,mixed_inside,primary_baseline,band_mix,0.045,,52,0.0002
beta_2,2.0,mixed_inside,primary_baseline,band_mix,0.045,,53,0.0002
beta_2,2.0,mixed_inside,primary_baseline,band_mix,0.045,,54,0.0002
beta_2,2.0,mixed_inside,primary_baseline,band_mix,0.045,,55,0.0002
beta_2,2.0,mixed_inside,primary_baseline,band_mix,0.045,,56,0.0002
beta_2,2.0,mixed_inside,primary_baseline,band_mix,0.045,,57,0.0002
beta_2,2.0,mixed_inside,primary_baseline,band_mix,0.045,,58,0.0002
beta_2,2.0,mixed_inside,primary_baseline,band_mix,0.045,,59,0.0002
beta_2,2.0,mixed_inside,primary_baseline,band_mix,0.045,,60,0.0004
beta_2,2.0,mixed_inside,primary_baseline,band_mix,0.045,,61,0.0004
beta_2,2.0,mixed_inside,primary_baseline,band_mix,0.045,,62,0.0004
beta_2,2.0,mixed_inside,primary_baseline,band_mix,0.045,,63,0.0004
beta_2,2.0,mixed_inside,primary_baseline,band_mix,0.045,,64,0.0004
beta_2,2.0,mixed_inside,primary_baseline,band_mix,0.045,,65,0.0006
beta_2,2.0,mixed_inside,primary_baseline,band_mix,0.045,,66,0.0006
beta_2,2.0,mixed_inside,primary_baseline,band_mix,0.045,,67,0.0006
beta_2,2.0,mixed_inside,primary_baseline,band_mix,0.045,,68,0.0008
beta_2,2.0,mixed_inside,primary_baseline,band_mix,0.045,,69,0.0008
beta_2,2.0,mixed_inside,primary_baseline,band_mix,0.045,,70,0.0008
beta_2,2.0,mixed_inside,primary_baseline,band_mix,0.045,,71,0.0008
beta_2,2.0,mixed_inside,primary_baseline,band_mix,0.045,,72,0.0008
beta_2,2.0,mixed_inside,primary_baseline,band_mix,0.045,,73,0.0008
beta_2,2.0,mixed_inside,primary_baseline,band_mix,0.045,,74,0.0008
beta_2,2.0,mixed_inside,primary_baseline,band_mix,0.045,,75,0.0008
beta_2,2.0,mixed_inside,primary_baseline,band_mix,0.045,,76,0.0008
beta_2,2.0,mixed_inside,primary_baseline,band_mix,0.045,,77,0.0008
beta_2,2.0,mixed_inside,primary_baseline,band_mix,0.045,,78,0.0008
beta_2,2.0,mixed_inside,primary_baseline,band_mix,0.045,,79,0.0008
beta_2,2.0,mixed_inside,primary_baseline,band_mix,0.045,,80,0.0008
beta_2,2.0,mixed_inside,primary_baseline,band_mix,0.045,,81,0.0008
beta_2,2.0,mixed_inside,primary_baseline,band_mix,0.045,,82,0.0008
beta_2,2.0,mixed_inside,primary_baseline,band_mix,0.045,,83,0.0008
beta_2,2.0,mixed_inside,primary_baseline,band_mix,0.045,,84,0.0008
beta_2,2.0,mixed_inside,primary_baseline,band_mix,0.045,,85,0.0008
beta_2,2.0,mixed_inside,primary_baseline,band_mix,0.045,,86,0.0008
beta_2,2.0,mixed_inside,primary_baseline,band_mix,0.045,,87,0.0008
beta_2,2.0,mixed_inside,primary_baseline,band_mix,0.045,,88,0.0008
beta_2,2.0,mixed_inside,primary_baseline,band_mix,0.045,,89,0.0008
beta_2,2.0,mixed_inside,primary_baseline,band_mix,0.045,,90,0.0008
beta_2,2.0,mixed_inside,primary_baseline,band_mix,0.045,,91,0.0008
beta_2,2.0,mixed_inside,primary_baseline,band_mix,0.045,,92,0.0008
beta_2,2.0,mixed_inside,primary_baseline,band_mix,0.045,,93,0.0008
beta_2,2.0,mixed_inside,primary_baseline,band_mix,0.045,,94,0.0008
beta_2,2.0,mixed_inside,primary_baseline,band_mix,0.045,,95,0.0008
beta_2,2.0,mixed_inside,primary_baseline,band_mix,0.045,,96,0.0008
beta_2,2.0,mixed_inside,primary_baseline,band_mix,0.045,,97,0.0008
beta_2,2.0,mixed_inside,primary_baseline,band_mix,0.045,,98,0.0008
beta_2,2.0,mixed_inside,primary_baseline,band_mix,0.045,,99,0.0008
beta_2,2.0,mixed_inside,primary_baseline,band_mix,0.045,,100,0.0008
beta_2,2.0,mixed_inside,primary_baseline,band_mix,0.045,,101,0.001
beta_2,2.0,mixed_inside,primary_baseline,band_mix,0.045,,102,0.001
beta_2,2.0,mixed_inside,primary_baseline,band_mix,0.045,,103,0.001
beta_2,2.0,mixed_inside,primary_baseline,band_mix,0.045,,104,0.001
beta_2,2.0,mixed_inside,primary_baseline,band_mix,0.045,,105,0.001
beta_2,2.0,mixed_inside,primary_baseline,band_mix,0.045,,106,0.001
beta_2,2.0,mixed_inside,primary_baseline,band_mix,0.045,,107,0.001
beta_2,2.0,mixed_inside,primary_baseline,band_mix,0.045,,108,0.001
beta_2,2.0,mixed_inside,primary_baseline,band_mix,0.045,,109,0.001
beta_2,2.0,mixed_inside,primary_baseline,band_mix,0.045,,110,0.001
beta_2,2.0,mixed_inside,primary_baseline,band_mix,0.045,,111,0.001
beta_2,2.0,mixed_inside,primary_baseline,band_mix,0.045,,112,0.001
beta_2,2.0,mixed_inside,primary_baseline,band_mix,0.045,,113,0.001
beta_2,2.0,mixed_inside,primary_baseline,band_mix,0.045,,114,0.001
beta_2,2.0,mixed_inside,primary_baseline,band_mix,0.045,,115,0.001
beta_2,2.0,mixed_inside,primary_baseline,band_mix,0.045,,116,0.001
beta_2,2.0,mixed_inside,primary_baseline,band_mix,0.045,,117,0.001
beta_2,2.0,mixed_inside,primary_baseline,band_mix,0.045,,118,0.001
beta_2,2.0,mixed_inside,primary_baseline,band_mix,0.045,,119,0.001
beta_2,2.0,mixed_inside,primary_baseline,band_mix,0.045,,120,0.001
beta_2,2.0,mixed_inside,primary_baseline,band_mix,0.045,,121,0.001
beta_2,2.0,mixed_inside,primary_baseline,band_mix,0.045,,122,0.001
beta_2,2.0,mixed_inside,primary_baseline,band_mix,0.045,,123,0.001
beta_2,2.0,mixed_inside,primary_baseline,band_mix,0.045,,124,0.001
beta_2,2.0,mixed_inside,primary_baseline,band_mix,0.045,,125,0.001
beta_2,2.0,mixed_inside,primary_baseline,band_mix,0.045,,126,0.001
beta_2,2.0,mixed_inside,primary_baseline,band_mix,0.045,,127,0.001
beta_2,2.0,mixed_inside,primary_baseline,band_mix,0.045,,128,0.001
beta_2,2.0,mixed_inside,primary_baseline,band_mix,0.045,,129,0.001
beta_2,2.0,mixed_inside,primary_baseline,band_mix,0.045,,130,0.001
beta_2,2.0,mixed_inside,primary_baseline,band_mix,0.045,,131,0.0012
beta_2,2.0,mixed_inside,primary_baseline,band_mix,0.045,,132,0.0012
beta_2,2.0,mixed_inside,primary_baseline,band_mix,0.045,,133,0.0012
beta_2,2.0,mixed_inside,primary_baseline,band_mix,0.045,,134,0.0012
beta_2,2.0,mixed_inside,primary_baseline,band_mix,0.045,,135,0.0012
beta_2,2.0,mixed_inside,primary_baseline,band_mix,0.045,,136,0.0012
beta_2,2.0,mixed_inside,primary_baseline,band_mix,0.045,,137,0.0012
beta_2,2.0,mixed_inside,primary_baseline,band_mix,0.045,,138,0.0012
beta_2,2.0,mixed_inside,primary_baseline,band_mix,0.045,,139,0.0012
beta_2,2.0,mixed_inside,primary_baseline,band_mix,0.045,,140,0.0012
beta_2,2.0,mixed_inside,primary_baseline,band_mix,0.045,,141,0.0012
beta_2,2.0,mixed_inside,primary_baseline,band_mix,0.045,,142,0.0012
beta_2,2.0,mixed_inside,primary_baseline,band_mix,0.045,,143,0.0012
beta_2,2.0,mixed_inside,primary_baseline,band_mix,0.045,,144,0.0012
beta_2,2.0,mixed_inside,primary_baseline,band_mix,0.045,,145,0.0012
beta_2,2.0,mixed_inside,primary_baseline,band_mix,0.045,,146,0.0012
beta_2,2.0,mixed_inside,primary_baseline,band_mix,0.045,,147,0.0012
beta_2,2.0,mixed_inside,primary_baseline,band_mix,0.045,,148,0.0012
beta_2,2.0,mixed_inside,primary_baseline,band_mix,0.045,,149,0.0012
beta_2,2.0,mixed_inside,primary_baseline,band_mix,0.045,,150,0.0012
beta_2,2.0,mixed_inside,primary_baseline,band_mix,0.045,,151,0.0012
beta_2,2.0,mixed_inside,primary_baseline,band_mix,0.045,,152,0.0012
beta_2,2.0,mixed_inside,primary_baseline,band_mix,0.045,,153,0.0012
beta_2,2.0,mixed_inside,primary_baseline,band_mix,0.045,,154,0.0012
beta_2,2.0,mixed_inside,primary_baseline,band_mix,0.045,,155,0.0012
beta_2,2.0,mixed_inside,primary_baseline,band_mix,0.045,,156,0.0012
beta_2,2.0,mixed_inside,primary_baseline,band_mix,0.045,,157,0.0012
beta_2,2.0,mixed_inside,primary_baseline,band_mix,0.045,,158,0.0012
beta_2,2.0,mixed_inside,primary_baseline,band_mix,0.045,,159,0.0012
beta_2,2.0,mixed_inside,primary_baseline,band_mix,0.045,,160,0.0012
beta_2,2.0,mixed_inside,primary_baseline,band_mix,0.045,,161,0.0012
beta_2,2.0,mixed_inside,primary_baseline,band_mix,0.045,,162,0.0012
beta_2,2.0,mixed_inside,primary_baseline,band_mix,0.045,,163,0.0012
beta_2,2.0,mixed_inside,primary_baseline,band_mix,0.045,,164,0.0012
beta_2,2.0,mixed_inside,primary_baseline,band_mix,0.045,,165,0.0012
beta_2,2.0,mixed_inside,primary_baseline,band_mix,0.045,,166,0.0012
beta_2,2.0,mixed_inside,primary_baseline,band_mix,0.045,,167,0.0012
beta_2,2.0,mixed_inside,primary_baseline,band_mix,0.045,,168,0.0012
beta_2,2.0,mixed_inside,primary_baseline,band_mix,0.045,,169,0.0012
beta_2,2.0,mixed_inside,primary_baseline,band_mix,0.045,,170,0.0012
beta_2,2.0,mixed_inside,primary_baseline,band_mix,0.045,,171,0.0012
beta_2,2.0,mixed_inside,primary_baseline,band_mix,0.045,,172,0.0012
beta_2,2.0,mixed_inside,primary_baseline,band_mix,0.045,,173,0.0012
beta_2,2.0,mixed_inside,primary_baseline,band_mix,0.045,,174,0.0012
beta_2,2.0,mixed_inside,primary_baseline,band_mix,0.045,,175,0.0012
beta_2,2.0,mixed_inside,primary_baseline,band_mix,0.045,,176,0.0012
beta_2,2.0,mixed_inside,primary_baseline,band_mix,0.045,,177,0.0012
beta_2,2.0,mixed_inside,primary_baseline,band_mix,0.045,,178,0.0014
beta_2,2.0,mixed_inside,primary_baseline,band_mix,0.045,,179,0.0014
beta_2,2.0,mixed_inside,primary_baseline,band_mix,0.045,,180,0.0014
beta_2,2.0,mixed_inside,primary_baseline,band_mix,0.045,,181,0.0014
beta_2,2.0,mixed_inside,primary_baseline,band_mix,0.045,,182,0.0016
beta_2,2.0,mixed_inside,primary_baseline,band_mix,0.045,,183,0.0016
beta_2,2.0,mixed_inside,primary_baseline,band_mix,0.045,,184,0.0016
beta_2,2.0,mixed_inside,primary_baseline,band_mix,0.045,,185,0.0016
beta_2,2.0,mixed_inside,primary_baseline,band_mix,0.045,,186,0.0016
beta_2,2.0,mixed_inside,primary_baseline,band_mix,0.045,,187,0.0016
beta_2,2.0,mixed_inside,primary_baseline,band_mix,0.045,,188,0.0016
beta_2,2.0,mixed_inside,primary_baseline,band_mix,0.045,,189,0.0016
beta_2,2.0,mixed_inside,primary_baseline,band_mix,0.045,,190,0.0016
beta_2,2.0,mixed_inside,primary_baseline,band_mix,0.045,,191,0.0016
beta_2,2.0,mixed_inside,primary_baseline,band_mix,0.045,,192,0.0016
beta_2,2.0,mixed_inside,primary_baseline,band_mix,0.045,,193,0.0016
beta_2,2.0,mixed_inside,primary_baseline,band_mix,0.045,,194,0.0016
beta_2,2.0,mixed_inside,primary_baseline,band_mix,0.045,,195,0.0018
beta_2,2.0,mixed_inside,primary_baseline,band_mix,0.045,,196,0.0018
beta_2,2.0,mixed_inside,primary_baseline,band_mix,0.045,,197,0.0018
beta_2,2.0,mixed_inside,primary_baseline,band_mix,0.045,,198,0.0018
beta_2,2.0,mixed_inside,primary_baseline,band_mix,0.045,,199,0.002
beta_2,2.0,mixed_inside,primary_baseline,band_mix,0.045,,200,0.002
beta_2,2.0,mixed_inside,best_grid_T200,band_ons,0.04,,1,0.0
beta_2,2.0,mixed_inside,best_grid_T200,band_ons,0.04,,2,0.0
beta_2,2.0,mixed_inside,best_grid_T200,band_ons,0.04,,3,0.0
beta_2,2.0,mixed_inside,best_grid_T200,band_ons,0.04,,4,0.0
beta_2,2.0,mixed_inside,best_grid_T200,band_ons,0.04,,5,0.0
beta_2,2.0,mixed_inside,best_grid_T200,band_ons,0.04,,6,0.0
beta_2,2.0,mixed_inside,best_grid_T200,band_ons,0.04,,7,0.0
beta_2,2.0,mixed_inside,best_grid_T200,band_ons,0.04,,8,0.0
beta_2,2.0,mixed_inside,best_grid_T200,band_ons,0.04,,9,0.0
beta_2,2.0,mixed_inside,best_grid_T200,band_ons,0.04,,10,0.0
beta_2,2.0,mixed_inside,best_grid_T200,band_ons,0.04,,11,0.0
beta_2,2.0,mixed_inside,best_grid_T200,band_ons,0.04,,12,0.0
beta_2,2.0,mixed_inside,best_grid_T200,band_ons,0.04,,13,0.0
beta_2,2.0,mixed_inside,best_grid_T200,band_ons,0.04,,14,0.0
beta_2,2.0,mixed_inside,best_grid_T200,band_ons,0.04,,15,0.0
beta_2,2.0,mixed_inside,best_grid_T200,band_ons,0.04,,16,0.0
beta_2,2.0,mixed_inside,best_grid_T200,band_ons,0.04,,17,0.0
beta_2,2.0,mixed_inside,best_grid_T200,band_ons,0.04,,18,0.0
beta_2,2.0,mixed_inside,best_grid_T200,band_ons,0.04,,19,0.0
beta_2,2.0,mixed_inside,best_grid_T200,band_ons,0.04,,20,0.0
beta_2,2.0,mixed_inside,best_grid_T200,band_ons,0.04,,21,0.0
beta_2,2.0,mixed_inside,best_grid_T200,band_ons,0.04,,22,0.0
beta_2,2.0,mixed_inside,best_grid_T200,band_ons,0.04,,23,0.0
beta_2,2.0,mixed_inside,best_grid_T200,band_ons,0.04,,24,0.0
beta_2,2.0,mixed_inside,best_grid_T200,band_ons,0.04,,25,0.0
beta_2,2.0,mixed_inside,best_grid_T200,band_ons,0.04,,26,0.0
beta_2,2.0,mixed_inside,best_grid_T200,band_ons,0.04,,27,0.0
beta_2,2.0,mixed_inside,best_grid_T200,band_ons,0.04,,28,0.0
beta_2,2.0,mixed_inside,best_grid_T200,band_ons,0.04,,29,0.0
beta_2,2.0,mixed_inside,best_grid_T200,band_ons,0.04,,30,0.0
beta_2,2.0,mixed_inside,best_grid_T200,band_ons,0.04,,31,0.0
beta_2,2.0,mixed_inside,best_grid_T200,band_ons,0.04,,32,0.0002
beta_2,2.0,mixed_inside,best_grid_T200,band_ons,0.04,,33,0.0002
beta_2,2.0,mixed_inside,best_grid_T200,band_ons,0.04,,34,0.0002
beta_2,2.0,mixed_inside,best_grid_T200,band_ons,0.04,,35,0.0002
beta_2,2.0,mixed_inside,best_grid_T200,band_ons,0.04,,36,0.0002
beta_2,2.0,mixed_inside,best_grid_T200,band_ons,0.04,,37,0.0002
beta_2,2.0,mixed_inside,best_grid_T200,band_ons,0.04,,38,0.0002
beta_2,2.0,mixed_inside,best_grid_T200,band_ons,0.04,,39,0.0002
beta_2,2.0,mixed_inside,best_grid_T200,band_ons,0.04,,40,0.0002
beta_2,2.0,mixed_inside,best_grid_T200,band_ons,0.04,,41,0.0002
beta_2,2.0,mixed_inside,best_grid_T200,band_ons,0.04,,42,0.0004
beta_2,2.0,mixed_inside,best_grid_T200,band_ons,0.04,,43,0.0004
beta_2,2.0,mixed_inside,best_grid_T200,band_ons,0.04,,44,0.0004
beta_2,2.0,mixed_inside,best_grid_T200,band_ons,0.04,,45,0.0004
beta_2,2.0,mixed_inside,best_grid_T200,band_ons,0.04,,46,0.0004
beta_2,2.0,mixed_inside,best_grid_T200,band_ons,0.04,,47,0.0004
beta_2,2.0,mixed_inside,best_grid_T200,band_ons,0.04,,48,0.0004
beta_2,2.0,mixed_inside,best_grid_T200,band_ons,0.04,,49,0.0004
beta_2,2.0,mixed_inside,best_grid_T200,band_ons,0.04,,50,0.0004
beta_2,2.0,mixed_inside,best_grid_T200,band_ons,0.04,,51,0.0004
beta_2,2.0,mixed_inside,best_grid_T200,band_ons,0.04,,52,0.0004
beta_2,2.0,mixed_inside,best_grid_T200,band_ons,0.04,,53,0.0004
beta_2,2.0,mixed_inside,best_grid_T200,band_ons,0.04,,54,0.0004
beta_2,2.0,mixed_inside,best_grid_T200,band_ons,0.04,,55,0.0004
beta_2,2.0,mixed_inside,best_grid_T200,band_ons,0.04,,56,0.0004
beta_2,2.0,mixed_inside,best_grid_T200,band_ons,0.04,,57,0.0004
beta_2,2.0,mixed_inside,best_grid_T200,band_ons,0.04,,58,0.0004
beta_2,2.0,mixed_inside,best_grid_T200,band_ons,0.04,,59,0.0004
beta_2,2.0,mixed_inside,best_grid_T200,band_ons,0.04,,60,0.0004
beta_2,2.0,mixed_inside,best_grid_T200,band_ons,0.04,,61,0.0004
beta_2,2.0,mixed_inside,best_grid_T200,band_ons,0.04,,62,0.0006
beta_2,2.0,mixed_inside,best_grid_T200,band_ons,0.04,,63,0.0006
beta_2,2.0,mixed_inside,best_grid_T200,band_ons,0.04,,64,0.0006
beta_2,2.0,mixed_inside,best_grid_T200,band_ons,0.04,,65,0.0006
beta_2,2.0,mixed_inside,best_grid_T200,band_ons,0.04,,66,0.0006
beta_2,2.0,mixed_inside,best_grid_T200,band_ons,0.04,,67,0.0006
beta_2,2.0,mixed_inside,best_grid_T200,band_ons,0.04,,68,0.0006
beta_2,2.0,mixed_inside,best_grid_T200,band_ons,0.04,,69,0.0006
beta_2,2.0,mixed_inside,best_grid_T200,band_ons,0.04,,70,0.0006
beta_2,2.0,mixed_inside,best_grid_T200,band_ons,0.04,,71,0.0006
beta_2,2.0,mixed_inside,best_grid_T200,band_ons,0.04,,72,0.0006
beta_2,2.0,mixed_inside,best_grid_T200,band_ons,0.04,,73,0.0006
beta_2,2.0,mixed_inside,best_grid_T200,band_ons,0.04,,74,0.0006
beta_2,2.0,mixed_inside,best_grid_T200,band_ons,0.04,,75,0.0006
beta_2,2.0,mixed_inside,best_grid_T200,band_ons,0.04,,76,0.0006
beta_2,2.0,mixed_inside,best_grid_T200,band_ons,0.04,,77,0.0006
beta_2,2.0,mixed_inside,best_grid_T200,band_ons,0.04,,78,0.0006
beta_2,2.0,mixed_inside,best_grid_T200,band_ons,0.04,,79,0.0006
beta_2,2.0,mixed_inside,best_grid_T200,band_ons,0.04,,80,0.0006
beta_2,2.0,mixed_inside,best_grid_T200,band_ons,0.04,,81,0.0006
beta_2,2.0,mixed_inside,best_grid_T200,band_ons,0.04,,82,0.0006
beta_2,2.0,mixed_inside,best_grid_T200,band_ons,0.04,,83,0.0006
beta_2,2.0,mixed_inside,best_grid_T200,band_ons,0.04,,84,0.0006
beta_2,2.0,mixed_inside,best_grid_T200,band_ons,0.04,,85,0.0006
beta_2,2.0,mixed_inside,best_grid_T200,band_ons,0.04,,86,0.0006
beta_2,2.0,mixed_inside,best_grid_T200,band_ons,0.04,,87,0.0006
beta_2,2.0,mixed_inside,best_grid_T200,band_ons,0.04,,88,0.0006
beta_2,2.0,mixed_inside,best_grid_T200,band_ons,0.04,,89,0.0008
beta_2,2.0,mixed_inside,best_grid_T200,band_ons,0.04,,90,0.0008
beta_2,2.0,mixed_inside,best_grid_T200,band_ons,0.04,,91,0.0008
beta_2,2.0,mixed_inside,best_grid_T200,band_ons,0.04,,92,0.0008
beta_2,2.0,mixed_inside,best_grid_T200,band_ons,0.04,,93,0.0008
beta_2,2.0,mixed_inside,best_grid_T200,band_ons,0.04,,94,0.0008
beta_2,2.0,mixed_inside,best_grid_T200,band_ons,0.04,,95,0.001
beta_2,2.0,mixed_inside,best_grid_T200,band_ons,0.04,,96,0.001
beta_2,2.0,mixed_inside,best_grid_T200,band_ons,0.04,,97,0.001
beta_2,2.0,mixed_inside,best_grid_T200,band_ons,0.04,,98,0.001
beta_2,2.0,mixed_inside,best_grid_T200,band_ons,0.04,,99,0.001
beta_2,2.0,mixed_inside,best_grid_T200,band_ons,0.04,,100,0.001
beta_2,2.0,mixed_inside,best_grid_T200,band_ons,0.04,,101,0.001
beta_2,2.0,mixed_inside,best_grid_T200,band_ons,0.04,,102,0.001
beta_2,2.0,mixed_inside,best_grid_T200,band_ons,0.04,,103,0.001
beta_2,2.0,mixed_inside,best_grid_T200,band_ons,0.04,,104,0.001
beta_2,2.0,mixed_inside,best_grid_T200,band_ons,0.04,,105,0.001
beta_2,2.0,mixed_inside,best_grid_T200,band_ons,0.04,,106,0.001
beta_2,2.0,mixed_inside,best_grid_T200,band_ons,0.04,,107,0.001
beta_2,2.0,mixed_inside,best_grid_T200,band_ons,0.04,,108,0.001
beta_2,2.0,mixed_inside,best_grid_T200,band_ons,0.04,,109,0.001
beta_2,2.0,mixed_inside,best_grid_T200,band_ons,0.04,,110,0.001
beta_2,2.0,mixed_inside,best_grid_T200,band_ons,0.04,,111,0.0012
beta_2,2.0,mixed_inside,best_grid_T200,band_ons,0.04,,112,0.0012
beta_2,2.0,mixed_inside,best_grid_T200,band_ons,0.04,,113,0.0012
beta_2,2.0,mixed_inside,best_grid_T200,band_ons,0.04,,114,0.0012
beta_2,2.0,mixed_inside,best_grid_T200,band_ons,0.04,,115,0.0012
beta_2,2.0,mixed_inside,best_grid_T200,band_ons,0.04,,116,0.0012
beta_2,2.0,mixed_inside,best_grid_T200,band_ons,0.04,,117,0.0012
beta_2,2.0,mixed_inside,best_grid_T200,band_ons,0.04,,118,0.0012
beta_2,2.0,mixed_inside,best_grid_T200,band_ons,0.04,,119,0.0012
beta_2,2.0,mixed_inside,best_grid_T200,band_ons,0.04,,120,0.0012
beta_2,2.0,mixed_inside,best_grid_T200,band_ons,0.04,,121,0.0012
beta_2,2.0,mixed_inside,best_grid_T200,band_ons,0.04,,122,0.0012
beta_2,2.0,mixed_inside,best_grid_T200,band_ons,0.04,,123,0.0012
beta_2,2.0,mixed_inside,best_grid_T200,band_ons,0.04,,124,0.0012
beta_2,2.0,mixed_inside,best_grid_T200,band_ons,0.04,,125,0.0012
beta_2,2.0,mixed_inside,best_grid_T200,band_ons,0.04,,126,0.0012
beta_2,2.0,mixed_inside,best_grid_T200,band_ons,0.04,,127,0.0012
beta_2,2.0,mixed_inside,best_grid_T200,band_ons,0.04,,128,0.0012
beta_2,2.0,mixed_inside,best_grid_T200,band_ons,0.04,,129,0.0012
beta_2,2.0,mixed_inside,best_grid_T200,band_ons,0.04,,130,0.0012
beta_2,2.0,mixed_inside,best_grid_T200,band_ons,0.04,,131,0.0012
beta_2,2.0,mixed_inside,best_grid_T200,band_ons,0.04,,132,0.0012
beta_2,2.0,mixed_inside,best_grid_T200,band_ons,0.04,,133,0.0012
beta_2,2.0,mixed_inside,best_grid_T200,band_ons,0.04,,134,0.0012
beta_2,2.0,mixed_inside,best_grid_T200,band_ons,0.04,,135,0.0012
beta_2,2.0,mixed_inside,best_grid_T200,band_ons,0.04,,136,0.0012
beta_2,2.0,mixed_inside,best_grid_T200,band_ons,0.04,,137,0.0012
beta_2,2.0,mixed_inside,best_grid_T200,band_ons,0.04,,138,0.0012
beta_2,2.0,mixed_inside,best_grid_T200,band_ons,0.04,,139,0.0012
beta_2,2.0,mixed_inside,best_grid_T200,band_ons,0.04,,140,0.0012
beta_2,2.0,mixed_inside,best_grid_T200,band_ons,0.04,,141,0.0012
beta_2,2.0,mixed_inside,best_grid_T200,band_ons,0.04,,142,0.0012
beta_2,2.0,mixed_inside,best_grid_T200,band_ons,0.04,,143,0.0012
beta_2,2.0,mixed_inside,best_grid_T200,band_ons,0.04,,144,0.0012
beta_2,2.0,mixed_inside,best_grid_T200,band_ons,0.04,,145,0.0012
beta_2,2.0,mixed_inside,best_grid_T200,band_ons,0.04,,146,0.0012
beta_2,2.0,mixed_inside,best_grid_T200,band_ons,0.04,,147,0.0012
beta_2,2.0,mixed_inside,best_grid_T200,band_ons,0.04,,148,0.0012
beta_2,2.0,mixed_inside,best_grid_T200,band_ons,0.04,,149,0.0012
beta_2,2.0,mixed_inside,best_grid_T200,band_ons,0.04,,150,0.0012
beta_2,2.0,mixed_inside,best_grid_T200,band_ons,0.04,,151,0.0012
beta_2,2.0,mixed_inside,best_grid_T200,band_ons,0.04,,152,0.0012
beta_2,2.0,mixed_inside,best_grid_T200,band_ons,0.04,,153,0.0012
beta_2,2.0,mixed_inside,best_grid_T200,band_ons,0.04,,154,0.0012
beta_2,2.0,mixed_inside,best_grid_T200,band_ons,0.04,,155,0.0012
beta_2,2.0,mixed_inside,best_grid_T200,band_ons,0.04,,156,0.0012
beta_2,2.0,mixed_inside,best_grid_T200,band_ons,0.04,,157,0.0012
beta_2,2.0,mixed_inside,best_grid_T200,band_ons,0.04,,158,0.0012
beta_2,2.0,mixed_inside,best_grid_T200,band_ons,0.04,,159,0.0012
beta_2,2.0,mixed_inside,best_grid_T200,band_ons,0.04,,160,0.0012
beta_2,2.0,mixed_inside,best_grid_T200,band_ons,0.04,,161,0.0012
beta_2,2.0,mixed_inside,best_grid_T200,band_ons,0.04,,162,0.0012
beta_2,2.0,mixed_inside,best_grid_T200,band_ons,0.04,,163,0.0014
beta_2,2.0,mixed_inside,best_grid_T200,band_ons,0.04,,164,0.0014
beta_2,2.0,mixed_inside,best_grid_T200,band_ons,0.04,,165,0.0014
beta_2,2.0,mixed_inside,best_grid_T200,band_ons,0.04,,166,0.0014
beta_2,2.0,mixed_inside,best_grid_T200,band_ons,0.04,,167,0.0014
beta_2,2.0,mixed_inside,best_grid_T200,band_ons,0.04,,168,0.0014
beta_2,2.0,mixed_inside,best_grid_T200,band_ons,0.04,,169,0.0014
beta_2,2.0,mixed_inside,best_grid_T200,band_ons,0.04,,170,0.0014
beta_2,2.0,mixed_inside,best_grid_T200,band_ons,0.04,,171,0.0014
beta_2,2.0,mixed_inside,best_grid_T200,band_ons,0.04,,172,0.0014
beta_2,2.0,mixed_inside,best_grid_T200,band_ons,0.04,,173,0.0014
beta_2,2.0,mixed_inside,best_grid_T200,band_ons,0.04,,174,0.0014
beta_2,2.0,mixed_inside,best_grid_T200,band_ons,0.04,,175,0.0016
beta_2,2.0,mixed_inside,best_grid_T200,band_ons,0.04,,176,0.0016
beta_2,2.0,mixed_inside,best_grid_T200,band_ons,0.04,,177,0.0016
beta_2,2.0,mixed_inside,best_grid_T200,band_ons,0.04,,178,0.0016
beta_2,2.0,mixed_inside,best_grid_T200,band_ons,0.04,,179,0.0016
beta_2,2.0,mixed_inside,best_grid_T200,band_ons,0.04,,180,0.0018
beta_2,2.0,mixed_inside,best_grid_T200,band_ons,0.04,,181,0.0018
beta_2,2.0,mixed_inside,best_grid_T200,band_ons,0.04,,182,0.002
beta_2,2.0,mixed_inside,best_grid_T200,band_ons,0.04,,183,0.002
beta_2,2.0,mixed_inside,best_grid_T200,band_ons,0.04,,184,0.002
beta_2,2.0,mixed_inside,best_grid_T200,band_ons,0.04,,185,0.002
beta_2,2.0,mixed_inside,best_grid_T200,band_ons,0.04,,186,0.002
beta_2,2.0,mixed_inside,best_grid_T200,band_ons,0.04,,187,0.002
beta_2,2.0,mixed_inside,best_grid_T200,band_ons,0.04,,188,0.0022
beta_2,2.0,mixed_inside,best_grid_T200,band_ons,0.04,,189,0.0022
beta_2,2.0,mixed_inside,best_grid_T200,band_ons,0.04,,190,0.0022
beta_2,2.0,mixed_inside,best_grid_T200,band_ons,0.04,,191,0.0022
beta_2,2.0,mixed_inside,best_grid_T200,band_ons,0.04,,192,0.0022
beta_2,2.0,mixed_inside,best_grid_T200,band_ons,0.04,,193,0.0022
beta_2,2.0,mixed_inside,best_grid_T200,band_ons,0.04,,194,0.0022
beta_2,2.0,mixed_inside,best_grid_T200,band_ons,0.04,,195,0.0022
beta_2,2.0,mixed_inside,best_grid_T200,band_ons,0.04,,196,0.0022
beta_2,2.0,mixed_inside,best_grid_T200,band_ons,0.04,,197,0.0022
beta_2,2.0,mixed_inside,best_grid_T200,band_ons,0.04,,198,0.0022
beta_2,2.0,mixed_inside,best_grid_T200,band_ons,0.04,,199,0.0022
beta_2,2.0,mixed_inside,best_grid_T200,band_ons,0.04,,200,0.0022
beta_2,2.0,mixed_inside,oracle,oracle,,,1,0.0
beta_2,2.0,mixed_inside,oracle,oracle,,,2,0.0
beta_2,2.0,mixed_inside,oracle,oracle,,,3,0.01
beta_2,2.0,mixed_inside,oracle,oracle,,,4,0.0282
beta_2,2.0,mixed_inside,oracle,oracle,,,5,0.053
beta_2,2.0,mixed_inside,oracle,oracle,,,6,0.0726
beta_2,2.0,mixed_inside,oracle,oracle,,,7,0.0924
beta_2,2.0,mixed_inside,oracle,oracle,,,8,0.1074
beta_2,2.0,mixed_inside,oracle,oracle,,,9,0.1268
beta_2,2.0,mixed_inside,oracle,oracle,,,10,0.1412
beta_2,2.0,mixed_inside,oracle,oracle,,,11,0.156
beta_2,2.0,mixed_inside,oracle,oracle,,,12,0.1682
beta_2,2.0,mixed_inside,oracle,oracle,,,13,0.1818
beta_2,2.0,mixed_inside,oracle,oracle,,,14,0.197
beta_2,2.0,mixed_inside,oracle,oracle,,,15,0.2092
beta_2,2.0,mixed_inside,oracle,oracle,,,16,0.221
beta_2,2.0,mixed_inside,oracle,oracle,,,17,0.2314
beta_2,2.0,mixed_inside,oracle,oracle,,,18,0.241
beta_2,2.0,mixed_inside,oracle,oracle,,,19,0.2488
beta_2,2.0,mixed_inside,oracle,oracle,,,20,0.2584
beta_2,2.0,mixed_inside,oracle,oracle,,,21,0.2658
beta_2,2.0,mixed_inside,oracle,oracle,,,22,0.2732
beta_2,2.0,mixed_inside,oracle,oracle,,,23,0.2796
beta_2,2.0,mixed_inside,oracle,oracle,,,24,0.2862
beta_2,2.0,mixed_inside,oracle,oracle,,,25,0.2936
beta_2,2.0,mixed_inside,oracle,oracle,,,26,0.3004
beta_2,2.0,mixed_inside,oracle,oracle,,,27,0.3066
beta_2,2.0,mixed_inside,oracle,oracle,,,28,0.3104
beta_2,2.0,mixed_inside,oracle,oracle,,,29,0.316
beta_2,2.0,mixed_inside,oracle,oracle,,,30,0.3216
beta_2,2.0,mixed_inside,oracle,oracle,,,31,0.3252
beta_2,2.0,mixed_inside,oracle,oracle,,,32,0.3292
beta_2,2.0,mixed_inside,oracle,oracle,,,33,0.333
beta_2,2.0,mixed_inside,oracle,oracle,,,34,0.336
beta_2,2.0,mixed_inside,oracle,oracle,,,35,0.3396
beta_2,2.0,mixed_inside,oracle,oracle,,,36,0.344
beta_2,2.0,mixed_inside,oracle,oracle,,,37,0.3474
beta_2,2.0,mixed_inside,oracle,oracle,,,38,0.3498
beta_2,2.0,mixed_inside,oracle,oracle,,,39,0.353
beta_2,2.0,mixed_inside,oracle,oracle,,,40,0.3564
beta_2,2.0,mixed_inside,oracle,oracle,,,41,0.3594
beta_2,2.0,mixed_inside,oracle,oracle,,,42,0.3634
beta_2,2.0,mixed_inside,oracle,oracle,,,43,0.366
beta_2,2.0,mixed_inside,oracle,oracle,,,44,0.368
beta_2,2.0,mixed_inside,oracle,oracle,,,45,0.37
beta_2,2.0,mixed_inside,oracle,oracle,,,46,0.3716
beta_2,2.0,mixed_inside,oracle,oracle,,,47,0.3744
beta_2,2.0,mixed_inside,oracle,oracle,,,48,0.3772
beta_2,2.0,mixed_inside,oracle,oracle,,,49,0.378
beta_2,2.0,mixed_inside,oracle,oracle,,,50,0.3806
beta_2,2.0,mixed_inside,oracle,oracle,,,51,0.3824
beta_2,2.0,mixed_inside,oracle,oracle,,,52,0.384
beta_2,2.0,mixed_inside,oracle,oracle,,,53,0.385
beta_2,2.0,mixed_inside,oracle,oracle,,,54,0.386
beta_2,2.0,mixed_inside,oracle,oracle,,,55,0.3876
beta_2,2.0,mixed_inside,oracle,oracle,,,56,0.3884
beta_2,2.0,mixed_inside,oracle,oracle,,,57,0.3896
beta_2,2.0,mixed_inside,oracle,oracle,,,58,0.391
beta_2,2.0,mixed_inside,oracle,oracle,,,59,0.3926
beta_2,2.0,mixed_inside,oracle,oracle,,,60,0.3946
beta_2,2.0,mixed_inside,oracle,oracle,,,61,0.3962
beta_2,2.0,mixed_inside,oracle,oracle,,,62,0.3966
beta_2,2.0,mixed_inside,oracle,oracle,,,63,0.3972
beta_2,2.0,mixed_inside,oracle,oracle,,,64,0.398
beta_2,2.0,mixed_inside,oracle,oracle,,,65,0.3988
beta_2,2.0,mixed_inside,oracle,oracle,,,66,0.3994
beta_2,2.0,mixed_inside,oracle,oracle,,,67,0.4004
beta_2,2.0,mixed_inside,oracle,oracle,,,68,0.4014
beta_2,2.0,mixed_inside,oracle,oracle,,,69,0.4024
beta_2,2.0,mixed_inside,oracle,oracle,,,70,0.4032
beta_2,2.0,mixed_inside,oracle,oracle,,,71,0.4038
beta_2,2.0,mixed_inside,oracle,oracle,,,72,0.4042
beta_2,2.0,mixed_inside,oracle,oracle,,,73,0.405
beta_2,2.0,mixed_inside,oracle,oracle,,,74,0.4062
beta_2,2.0,mixed_inside,oracle,oracle,,,75,0.4068
beta_2,2.0,mixed_inside,oracle,oracle,,,76,0.4076
beta_2,2.0,mixed_inside,oracle,oracle,,,77,0.4082
beta_2,2.0,mixed_inside,oracle,oracle,,,78,0.4086
beta_2,2.0,mixed_inside,oracle,oracle,,,79,0.4094
beta_2,2.0,mixed_inside,oracle,oracle,,,80,0.41
beta_2,2.0,mixed_inside,oracle,oracle,,,81,0.4104
beta_2,2.0,mixed_inside,oracle,oracle,,,82,0.4106
beta_2,2.0,mixed_inside,oracle,oracle,,,83,0.412
beta_2,2.0,mixed_inside,oracle,oracle,,,84,0.4128
beta_2,2.0,mixed_inside,oracle,oracle,,,85,0.4136
beta_2,2.0,mixed_inside,oracle,oracle,,,86,0.4138
beta_2,2.0,mixed_inside,oracle,oracle,,,87,0.4142
beta_2,2.0,mixed_inside,oracle,oracle,,,88,0.4148
beta_2,2.0,mixed_inside,oracle,oracle,,,89,0.4154
beta_2,2.0,mixed_inside,oracle,oracle,,,90,0.416
beta_2,2.0,mixed_inside,oracle,oracle,,,91,0.4168
beta_2,2.0,mixed_inside,oracle,oracle,,,92,0.4174
beta_2,2.0,mixed_inside,oracle,oracle,,,93,0.418
beta_2,2.0,mixed_inside,oracle,oracle,,,94,0.4182
beta_2,2.0,mixed_inside,oracle,oracle,,,95,0.4184
beta_2,2.0,mixed_inside,oracle,oracle,,,96,0.4188
beta_2,2.0,mixed_inside,oracle,oracle,,,97,0.419
beta_2,2.0,mixed_inside,oracle,oracle,,,98,0.4198
beta_2,2.0,mixed_inside,oracle,oracle,,,99,0.42
beta_2,2.0,mixed_inside,oracle,oracle,,,100,0.4214
beta_2,2.0,mixed_inside,oracle,oracle,,,101,0.4216
beta_2,2.0,mixed_inside,oracle,oracle,,,102,0.4218
beta_2,2.0,mixed_inside,oracle,oracle,,,103,0.4228
beta_2,2.0,mixed_inside,oracle,oracle,,,104,0.423
beta_2,2.0,mixed_inside,oracle,oracle,,,105,0.4232
beta_2,2.0,mixed_inside,oracle,oracle,,,106,0.4236
beta_2,2.0,mixed_inside,oracle,oracle,,,107,0.4242
beta_2,2.0,mixed_inside,oracle,oracle,,,108,0.4244
beta_2,2.0,mixed_inside,oracle,oracle,,,109,0.4246
beta_2,2.0,mixed_inside,oracle,oracle,,,110,0.425
beta_2,2.0,mixed_inside,oracle,oracle,,,111,0.4256
beta_2,2.0,mixed_inside,oracle,oracle,,,112,0.4262
beta_2,2.0,mixed_inside,oracle,oracle,,,113,0.4264
beta_2,2.0,mixed_inside,oracle,oracle,,,114,0.4272
beta_2,2.0,mixed_inside,oracle,oracle,,,115,0.4274
beta_2,2.0,mixed_inside,oracle,oracle,,,116,0.4274
beta_2,2.0,mixed_inside,oracle,oracle,,,117,0.4274
beta_2,2.0,mixed_inside,oracle,oracle,,,118,0.4276
beta_2,2.0,mixed_inside,oracle,oracle,,,119,0.4276
beta_2,2.0,mixed_inside,oracle,oracle,,,120,0.4284
beta_2,2.0,mixed_inside,oracle,oracle,,,121,0.4284
beta_2,2.0,mixed_inside,oracle,oracle,,,122,0.4286
beta_2,2.0,mixed_inside,oracle,oracle,,,123,0.4286
beta_2,2.0,mixed_inside,oracle,oracle,,,124,0.4286
beta_2,2.0,mixed_inside,oracle,oracle,,,125,0.4292
beta_2,2.0,mixed_inside,oracle,oracle,,,126,0.4292
beta_2,2.0,mixed_inside,oracle,oracle,,,127,0.4296
beta_2,2.0,mixed_inside,oracle,oracle,,,128,0.4296
beta_2,2.0,mixed_inside,oracle,oracle,,,129,0.4302
beta_2,2.0,mixed_inside,oracle,oracle,,,130,0.4302
beta_2,2.0,mixed_inside,oracle,oracle,,,131,0.4306
beta_2,2.0,mixed_inside,oracle,oracle,,,132,0.4308
beta_2,2.0,mixed_inside,oracle,oracle,,,133,0.431
beta_2,2.0,mixed_inside,oracle,oracle,,,134,0.431
beta_2,2.0,mixed_inside,oracle,oracle,,,135,0.4318
beta_2,2.0,mixed_inside,oracle,oracle,,,136,0.4318
beta_2,2.0,mixed_inside,oracle,oracle,,,137,0.4322
beta_2,2.0,mixed_inside,oracle,oracle,,,138,0.4322
beta_2,2.0,mixed_inside,oracle,oracle,,,139,0.4322
beta_2,2.0,mixed_inside,oracle,oracle,,,140,0.4322
beta_2,2.0,mixed_inside,oracle,oracle,,,141,0.4326
beta_2,2.0,mixed_inside,oracle,oracle,,,142,0.4328
beta_2,2.0,mixed_inside,oracle,oracle,,,143,0.4328
beta_2,2.0,mixed_inside,oracle,oracle,,,144,0.4332
beta_2,2.0,mixed_inside,oracle,oracle,,,145,0.4334
beta_2,2.0,mixed_inside,oracle,oracle,,,146,0.4336
beta_2,2.0,mixed_inside,oracle,oracle,,,147,0.4336
beta_2,2.0,mixed_inside,oracle,oracle,,,148,0.4336
beta_2,2.0,mixed_inside,oracle,oracle,,,149,0.4338
beta_2,2.0,mixed_inside,oracle,oracle,,,150,0.434
beta_2,2.0,mixed_inside,oracle,oracle,,,151,0.4344
beta_2,2.0,mixed_inside,oracle,oracle,,,152,0.4346
beta_2,2.0,mixed_inside,oracle,oracle,,,153,0.4346
beta_2,2.0,mixed_inside,oracle,oracle,,,154,0.4346
beta_2,2.0,mixed_inside,oracle,oracle,,,155,0.4348
beta_2,2.0,mixed_inside,oracle,oracle,,,156,0.435
beta_2,2.0,mixed_inside,oracle,oracle,,,157,0.435
beta_2,2.0,mixed_inside,oracle,oracle,,,158,0.4352
beta_2,2.0,mixed_inside,oracle,oracle,,,159,0.4354
beta_2,2.0,mixed_inside,oracle,oracle,,,160,0.4356
beta_2,2.0,mixed_inside,oracle,oracle,,,161,0.4356
beta_2,2.0,mixed_inside,oracle,oracle,,,162,0.436
beta_2,2.0,mixed_inside,oracle,oracle,,,163,0.436
beta_2,2.0,mixed_inside,oracle,oracle,,,164,0.436
beta_2,2.0,mixed_inside,oracle,oracle,,,165,0.436
beta_2,2.0,mixed_inside,oracle,oracle,,,166,0.4362
beta_2,2.0,mixed_inside,oracle,oracle,,,167,0.4362
beta_2,2.0,mixed_inside,oracle,oracle,,,168,0.4362
beta_2,2.0,mixed_inside,oracle,oracle,,,169,0.4364
beta_2,2.0,mixed_inside,oracle,oracle,,,170,0.4364
beta_2,2.0,mixed_inside,oracle,oracle,,,171,0.4368
beta_2,2.0,mixed_inside,oracle,oracle,,,172,0.4368
beta_2,2.0,mixed_inside,oracle,oracle,,,173,0.4372
beta_2,2.0,mixed_inside,oracle,oracle,,,174,0.4372
beta_2,2.0,mixed_inside,oracle,oracle,,,175,0.4372
beta_2,2.0,mixed_inside,oracle,oracle,,,176,0.4374
beta_2,2.0,mixed_inside,oracle,oracle,,,177,0.4376
beta_2,2.0,mixed_inside,oracle,oracle,,,178,0.4376
beta_2,2.0,mixed_inside,oracle,oracle,,,179,0.4376
beta_2,2.0,mixed_inside,oracle,oracle,,,180,0.4376
beta_2,2.0,mixed_inside,oracle,oracle,,,181,0.4378
beta_2,2.0,mixed_inside,oracle,oracle,,,182,0.438
beta_2,2.0,mixed_inside,oracle,oracle,,,183,0.4382
beta_2,2.0,mixed_inside,oracle,oracle,,,184,0.4384
beta_2,2.0,mixed_inside,oracle,oracle,,,185,0.4386
beta_2,2.0,mixed_inside,oracle,oracle,,,186,0.4386
beta_2,2.0,mixed_inside,oracle,oracle,,,187,0.4386
beta_2,2.0,mixed_inside,oracle,oracle,,,188,0.4386
beta_2,2.0,mixed_inside,oracle,oracle,,,189,0.4386
beta_2,2.0,mixed_inside,oracle,oracle,,,190,0.4392
beta_2,2.0,mixed_inside,oracle,oracle,,,191,0.4392
beta_2,2.0,mixed_inside,oracle,oracle,,,192,0.4392
beta_2,2.0,mixed_inside,oracle,oracle,,,193,0.4392
beta_2,2.0,mixed_inside,oracle,oracle,,,194,0.4392
beta_2,2.0,mixed_inside,oracle,oracle,,,195,0.4392
beta_2,2.0,mixed_inside,oracle,oracle,,,196,0.4392
beta_2,2.0,mixed_inside,oracle,oracle,,,197,0.4394
beta_2,2.0,mixed_inside,oracle,oracle,,,198,0.4394
beta_2,2.0,mixed_inside,oracle,oracle,,,199,0.4396
beta_2,2.0,mixed_inside,oracle,oracle,,,200,0.4396
beta_2,2.0,random_static_inside,static,static,,,1,0.0
beta_2,2.0,random_static_inside,static,static,,,2,0.0
beta_2,2.0,random_static_inside,static,static,,,3,0.008
beta_2,2.0,random_static_inside,static,static,,,4,0.0216
beta_2,2.0,random_static_inside,static,static,,,5,0.0416
beta_2,2.0,random_static_inside,static,static,,,6,0.056
beta_2,2.0,random_static_inside,static,static,,,7,0.0718
beta_2,2.0,random_static_inside,static,static,,,8,0.0802
beta_2,2.0,random_static_inside,static,static,,,9,0.0932
beta_2,2.0,random_static_inside,static,static,,,10,0.1054
beta_2,2.0,random_static_inside,static,static,,,11,0.1148
beta_2,2.0,random_static_inside,static,static,,,12,0.123
beta_2,2.0,random_static_inside,static,static,,,13,0.1296
beta_2,2.0,random_static_inside,static,static,,,14,0.1354
beta_2,2.0,random_static_inside,static,static,,,15,0.1428
beta_2,2.0,random_static_inside,static,static,,,16,0.1484
beta_2,2.0,random_static_inside,static,static,,,17,0.1568
beta_2,2.0,random_static_inside,static,static,,,18,0.1618
beta_2,2.0,random_static_inside,static,static,,,19,0.1656
beta_2,2.0,random_static_inside,static,static,,,20,0.172
beta_2,2.0,random_static_inside,static,static,,,21,0.1754
beta_2,2.0,random_static_inside,static,static,,,22,0.1808
beta_2,2.0,random_static_inside,static,static,,,23,0.1846
beta_2,2.0,random_static_inside,static,static,,,24,0.187
beta_2,2.0,random_static_inside,static,static,,,25,0.1896
beta_2,2.0,random_static_inside,static,static,,,26,0.1938
beta_2,2.0,random_static_inside,static,static,,,27,0.1968
beta_2,2.0,random_static_inside,static,static,,,28,0.2002
beta_2,2.0,random_static_inside,static,static,,,29,0.2016
beta_2,2.0,random_static_inside,static,static,,,30,0.2044
beta_2,2.0,random_static_inside,static,static,,,31,0.2056
beta_2,2.0,random_static_inside,static,static,,,32,0.2078
beta_2,2.0,random_static_inside,static,static,,,33,0.2092
beta_2,2.0,random_static_inside,static,static,,,34,0.2106
beta_2,2.0,random_static_inside,static,static,,,35,0.212
beta_2,2.0,random_static_inside,static,static,,,36,0.2138
beta_2,2.0,random_static_inside,static,static,,,37,0.2158
beta_2,2.0,random_static_inside,static,static,,,38,0.2168
beta_2,2.0,random_static_inside,static,static,,,39,0.218
beta_2,2.0,random_static_inside,static,static,,,40,0.2186
beta_2,2.0,random_static_inside,static,static,,,41,0.2198
beta_2,2.0,random_static_inside,static,static,,,42,0.2222
beta_2,2.0,random_static_inside,static,static,,,43,0.2234
beta_2,2.0,random_static_inside,static,static,,,44,0.2244
beta_2,2.0,random_static_inside,static,static,,,45,0.2254
beta_2,2.0,random_static_inside,static,static,,,46,0.2256
beta_2,2.0,random_static_inside,static,static,,,47,0.2262
beta_2,2.0,random_static_inside,static,static,,,48,0.2278
beta_2,2.0,random_static_inside,static,static,,,49,0.2286
beta_2,2.0,random_static_inside,static,static,,,50,0.23
beta_2,2.0,random_static_inside,static,static,,,51,0.231
beta_2,2.0,random_static_inside,static,static,,,52,0.2316
beta_2,2.0,random_static_inside,static,static,,,53,0.2318
beta_2,2.0,random_static_inside,static,static,,,54,0.2328
beta_2,2.0,random_static_inside,static,static,,,55,0.2346
beta_2,2.0,random_static_inside,static,static,,,56,0.2352
beta_2,2.0,random_static_inside,static,static,,,57,0.2358
beta_2,2.0,random_static_inside,static,static,,,58,0.237
beta_2,2.0,random_static_inside,static,static,,,59,0.2372
beta_2,2.0,random_static_inside,static,static,,,60,0.2382
beta_2,2.0,random_static_inside,static,static,,,61,0.239
beta_2,2.0,random_static_inside,static,static,,,62,0.24
beta_2,2.0,random_static_inside,static,static,,,63,0.2404
beta_2,2.0,random_static_inside,static,static,,,64,0.2406
beta_2,2.0,random_static_inside,static,static,,,65,0.241
beta_2,2.0,random_static_inside,static,static,,,66,0.2418
beta_2,2.0,random_static_inside,static,static,,,67,0.2426
beta_2,2.0,random_static_inside,static,static,,,68,0.243
beta_2,2.0,random_static_inside,static,static,,,69,0.2434
beta_2,2.0,random_static_inside,static,static,,,70,0.2436
beta_2,2.0,random_static_inside,static,static,,,71,0.2442
beta_2,2.0,random_static_inside,static,static,,,72,0.2442
beta_2,2.0,random_static_inside,static,static,,,73,0.2444
beta_2,2.0,random_static_inside,static,static,,,74,0.2446
beta_2,2.0,random_static_inside,static,static,,,75,0.2454
beta_2,2.0,random_static_inside,static,static,,,76,0.2458
beta_2,2.0,random_static_inside,static,static,,,77,0.2462
beta_2,2.0,random_static_inside,static,static,,,78,0.2466
beta_2,2.0,random_static_inside,static,static,,,79,0.247
beta_2,2.0,random_static_inside,static,static,,,80,0.2478
beta_2,2.0,random_static_inside,static,static,,,81,0.2482
beta_2,2.0,random_static_inside,static,static,,,82,0.2484
beta_2,2.0,random_static_inside,static,static,,,83,0.2488
beta_2,2.0,random_static_inside,static,static,,,84,0.2494
beta_2,2.0,random_static_inside,static,static,,,85,0.2502
beta_2,2.0,random_static_inside,static,static,,,86,0.2508
beta_2,2.0,random_static_inside,static,static,,,87,0.251
beta_2,2.0,random_static_inside,static,static,,,88,0.251
beta_2,2.0,random_static_inside,static,static,,,89,0.2516
beta_2,2.0,random_static_inside,static,static,,,90,0.2516
beta_2,2.0,random_static_inside,static,static,,,91,0.2518
beta_2,2.0,random_static_inside,static,static,,,92,0.2524
beta_2,2.0,random_static_inside,static,static,,,93,0.2526
beta_2,2.0,random_static_inside,static,static,,,94,0.2526
beta_2,2.0,random_static_inside,static,static,,,95,0.2528
beta_2,2.0,random_static_inside,static,static,,,96,0.253
beta_2,2.0,random_static_inside,static,static,,,97,0.253
beta_2,2.0,random_static_inside,static,static,,,98,0.2536
beta_2,2.0,random_static_inside,static,static,,,99,0.2538
beta_2,2.0,random_static_inside,static,static,,,100,0.2542
beta_2,2.0,random_static_inside,static,static,,,101,0.2548
beta_2,2.0,random_static_inside,static,static,,,102,0.2548
beta_2,2.0,random_static_inside,static,static,,,103,0.255
beta_2,2.0,random_static_inside,static,static,,,104,0.2552
beta_2,2.0,random_static_inside,static,static,,,105,0.2556
beta_2,2.0,random_static_inside,static,static,,,106,0.2556
beta_2,2.0,random_static_inside,static,static,,,107,0.256
beta_2,2.0,random_static_inside,static,static,,,108,0.2568
beta_2,2.0,random_static_inside,static,static,,,109,0.2568
beta_2,2.0,random_static_inside,static,static,,,110,0.2568
beta_2,2.0,random_static_inside,static,static,,,111,0.2572
beta_2,2.0,random_static_inside,static,static,,,112,0.2574
beta_2,2.0,random_static_inside,static,static,,,113,0.2576
beta_2,2.0,random_static_inside,static,static,,,114,0.2578
beta_2,2.0,random_static_inside,static,static,,,115,0.2578
beta_2,2.0,random_static_inside,static,static,,,116,0.258
beta_2,2.0,random_static_inside,static,static,,,117,0.2584
beta_2,2.0,random_static_inside,static,static,,,118,0.2586
beta_2,2.0,random_static_inside,static,static,,,119,0.2586
beta_2,2.0,random_static_inside,static,static,,,120,0.2586
beta_2,2.0,random_static_inside,static,static,,,121,0.2588
beta_2,2.0,random_static_inside,static,static,,,122,0.2592
beta_2,2.0,random_static_inside,static,static,,,123,0.2598
beta_2,2.0,random_static_inside,static,static,,,124,0.2604
beta_2,2.0,random_static_inside,static,static,,,125,0.2606
beta_2,2.0,random_static_inside,static,static,,,126,0.2612
beta_2,2.0,random_static_inside,static,static,,,127,0.2614
beta_2,2.0,random_static_inside,static,static,,,128,0.2616
beta_2,2.0,random_static_inside,static,static,,,129,0.2618
beta_2,2.0,random_static_inside,static,static,,,130,0.262
beta_2,2.0,random_static_inside,static,static,,,131,0.2622
beta_2,2.0,random_static_inside,static,static,,,132,0.2622
beta_2,2.0,random_static_inside,static,static,,,133,0.2622
beta_2,2.0,random_static_inside,static,static,,,134,0.2622
beta_2,2.0,random_static_inside,static,static,,,135,0.2624
beta_2,2.0,random_static_inside,static,static,,,136,0.2624
beta_2,2.0,random_static_inside,static,static,,,137,0.2624
beta_2,2.0,random_static_inside,static,static,,,138,0.2624
beta_2,2.0,random_static_inside,static,static,,,139,0.2626
beta_2,2.0,random_static_inside,static,static,,,140,0.2626
beta_2,2.0,random_static_inside,static,static,,,141,0.2626
beta_2,2.0,random_static_inside,static,static,,,142,0.2628
beta_2,2.0,random_static_inside,static,static,,,143,0.2632
beta_2,2.0,random_static_inside,static,static,,,144,0.2636
beta_2,2.0,random_static_inside,static,static,,,145,0.2636
beta_2,2.0,random_static_inside,static,static,,,146,0.2638
beta_2,2.0,random_static_inside,static,static,,,147,0.2638
beta_2,2.0,random_static_inside,static,static,,,148,0.264
beta_2,2.0,random_static_inside,static,static,,,149,0.264
beta_2,2.0,random_static_inside,static,static,,,150,0.264
beta_2,2.0,random_static_inside,static,static,,,151,0.264
beta_2,2.0,random_static_inside,static,static,,,152,0.264
beta_2,2.0,random_static_inside,static,static,,,153,0.264
beta_2,2.0,random_static_inside,static,static,,,154,0.264
beta_2,2.0,random_static_inside,static,static,,,155,0.264
beta_2,2.0,random_static_inside,static,static,,,156,0.2642
beta_2,2.0,random_static_inside,static,static,,,157,0.2644
beta_2,2.0,random_static_inside,static,static,,,158,0.2644
beta_2,2.0,random_static_inside,static,static,,,159,0.2646
beta_2,2.0,random_static_inside,static,static,,,160,0.2646
beta_2,2.0,random_static_inside,static,static,,,161,0.2648
beta_2,2.0,random_static_inside,static,static,,,162,0.2648
beta_2,2.0,random_static_inside,static,static,,,163,0.2648
beta_2,2.0,random_static_inside,static,static,,,164,0.265
beta_2,2.0,random_static_inside,static,static,,,165,0.265
beta_2,2.0,random_static_inside,static,static,,,166,0.2652
beta_2,2.0,random_static_inside,static,static,,,167,0.2652
beta_2,2.0,random_static_inside,static,static,,,168,0.2654
beta_2,2.0,random_static_inside,static,static,,,169,0.2654
beta_2,2.0,random_static_inside,static,static,,,170,0.2656
beta_2,2.0,random_static_inside,static,static,,,171,0.2656
beta_2,2.0,random_static_inside,static,static,,,172,0.2656
beta_2,2.0,random_static_inside,static,static,,,173,0.2656
beta_2,2.0,random_static_inside,static,static,,,174,0.2656
beta_2,2.0,random_static_inside,static,static,,,175,0.266
beta_2,2.0,random_static_inside,static,static,,,176,0.2664
beta_2,2.0,random_static_inside,static,static,,,177,0.2664
beta_2,2.0,random_static_inside,static,static,,,178,0.2664
beta_2,2.0,random_static_inside,static,static,,,179,0.2666
beta_2,2.0,random_static_inside,static,static,,,180,0.2666
beta_2,2.0,random_static_inside,static,static,,,181,0.2666
beta_2,2.0,random_static_inside,static,static,,,182,0.2666
beta_2,2.0,random_static_inside,static,static,,,183,0.2666
beta_2,2.0,random_static_inside,static,static,,,184,0.2668
beta_2,2.0,random_static_inside,static,static,,,185,0.267
beta_2,2.0,random_static_inside,static,static,,,186,0.267
beta_2,2.0,random_static_inside,static,static,,,187,0.2672
beta_2,2.0,random_static_inside,static,static,,,188,0.2672
beta_2,2.0,random_static_inside,static,static,,,189,0.2674
beta_2,2.0,random_static_inside,static,static,,,190,0.2674
beta_2,2.0,random_static_inside,static,static,,,191,0.2674
beta_2,2.0,random_static_inside,static,static,,,192,0.2674
beta_2,2.0,random_static_inside,static,static,,,193,0.2674
beta_2,2.0,random_static_inside,static,static,,,194,0.2678
beta_2,2.0,random_static_inside,static,static,,,195,0.2678
beta_2,2.0,random_static_inside,static,static,,,196,0.2678
beta_2,2.0,random_static_inside,static,static,,,197,0.2678
beta_2,2.0,random_static_inside,static,static,,,198,0.2678
beta_2,2.0,random_static_inside,static,static,,,199,0.2678
beta_2,2.0,random_static_inside,static,static,,,200,0.268
beta_2,2.0,random_static_inside,primary_baseline,band_mix,0.045,,1,0.0
beta_2,2.0,random_static_inside,primary_baseline,band_mix,0.045,,2,0.0
beta_2,2.0,random_static_inside,primary_baseline,band_mix,0.045,,3,0.0
beta_2,2.0,random_static_inside,primary_baseline,band_mix,0.045,,4,0.0
beta_2,2.0,random_static_inside,primary_baseline,band_mix,0.045,,5,0.0
beta_2,2.0,random_static_inside,primary_baseline,band_mix,0.045,,6,0.0
beta_2,2.0,random_static_inside,primary_baseline,band_mix,0.045,,7,0.0
beta_2,2.0,random_static_inside,primary_baseline,band_mix,0.045,,8,0.0
beta_2,2.0,random_static_inside,primary_baseline,band_mix,0.045,,9,0.0
beta_2,2.0,random_static_inside,primary_baseline,band_mix,0.045,,10,0.0
beta_2,2.0,random_static_inside,primary_baseline,band_mix,0.045,,11,0.0
beta_2,2.0,random_static_inside,primary_baseline,band_mix,0.045,,12,0.0
beta_2,2.0,random_static_inside,primary_baseline,band_mix,0.045,,13,0.0
beta_2,2.0,random_static_inside,primary_baseline,band_mix,0.045,,14,0.0
beta_2,2.0,random_static_inside,primary_baseline,band_mix,0.045,,15,0.0
beta_2,2.0,random_static_inside,primary_baseline,band_mix,0.045,,16,0.0
beta_2,2.0,random_static_inside,primary_baseline,band_mix,0.045,,17,0.0
beta_2,2.0,random_static_inside,primary_baseline,band_mix,0.045,,18,0.0
beta_2,2.0,random_static_inside,primary_baseline,band_mix,0.045,,19,0.0
beta_2,2.0,random_static_inside,primary_baseline,band_mix,0.045,,20,0.0
beta_2,2.0,random_static_inside,primary_baseline,band_mix,0.045,,21,0.0
beta_2,2.0,random_static_inside,primary_baseline,band_mix,0.045,,22,0.0
beta_2,2.0,random_static_inside,primary_baseline,band_mix,0.045,,23,0.0
beta_2,2.0,random_static_inside,primary_baseline,band_mix,0.045,,24,0.0
beta_2,2.0,random_static_inside,primary_baseline,band_mix,0.045,,25,0.0
beta_2,2.0,random_static_inside,primary_baseline,band_mix,0.045,,26,0.0
beta_2,2.0,random_static_inside,primary_baseline,band_mix,0.045,,27,0.0
beta_2,2.0,random_static_inside,primary_baseline,band_mix,0.045,,28,0.0
beta_2,2.0,random_static_inside,primary_baseline,band_mix,0.045,,29,0.0
beta_2,2.0,random_static_inside,primary_baseline,band_mix,0.045,,30,0.0
beta_2,2.0,random_static_inside,primary_baseline,band_mix,0.045,,31,0.0
beta_2,2.0,random_static_inside,primary_baseline,band_mix,0.045,,32,0.0
beta_2,2.0,random_static_inside,primary_baseline,band_mix,0.045,,33,0.0
beta_2,2.0,random_static_inside,primary_baseline,band_mix,0.045,,34,0.0
beta_2,2.0,random_static_inside,primary_baseline,band_mix,0.045,,35,0.0
beta_2,2.0,random_static_inside,primary_baseline,band_mix,0.045,,36,0.0
beta_2,2.0,random_static_inside,primary_baseline,band_mix,0.045,,37,0.0002
beta_2,2.0,random_static_inside,primary_baseline,band_mix,0.045,,38,0.0002
beta_2,2.0,random_static_inside,primary_baseline,band_mix,0.045,,39,0.0002
beta_2,2.0,random_static_inside,primary_baseline,band_mix,0.045,,40,0.0002
beta_2,2.0,random_static_inside,primary_baseline,band_mix,0.045,,41,0.0002
beta_2,2.0,random_static_inside,primary_baseline,band_mix,0.045,,42,0.0002
beta_2,2.0,random_static_inside,primary_baseline,band_mix,0.045,,43,0.0004
beta_2,2.0,random_static_inside,primary_baseline,band_mix,0.045,,44,0.0004
beta_2,2.0,random_static_inside,primary_baseline,band_mix,0.045,,45,0.0006
beta_2,2.0,random_static_inside,primary_baseline,band_mix,0.045,,46,0.0008
beta_2,2.0,random_static_inside,primary_baseline,band_mix,0.045,,47,0.0008
beta_2,2.0,random_static_inside,primary_baseline,band_mix,0.045,,48,0.0008
beta_2,2.0,random_static_inside,primary_baseline,band_mix,0.045,,49,0.0008
beta_2,2.0,random_static_inside,primary_baseline,band_mix,0.045,,50,0.0008
beta_2,2.0,random_static_inside,primary_baseline,band_mix,0.045,,51,0.0008
beta_2,2.0,random_static_inside,primary_baseline,band_mix,0.045,,52,0.0008
beta_2,2.0,random_static_inside,primary_baseline,band_mix,0.045,,53,0.0008
beta_2,2.0,random_static_inside,primary_baseline,band_mix,0.045,,54,0.0008
beta_2,2.0,random_static_inside,primary_baseline,band_mix,0.045,,55,0.0008
beta_2,2.0,random_static_inside,primary_baseline,band_mix,0.045,,56,0.0008
beta_2,2.0,random_static_inside,primary_baseline,band_mix,0.045,,57,0.0008
beta_2,2.0,random_static_inside,primary_baseline,band_mix,0.045,,58,0.001
beta_2,2.0,random_static_inside,primary_baseline,band_mix,0.045,,59,0.001
beta_2,2.0,random_static_inside,primary_baseline,band_mix,0.045,,60,0.001
beta_2,2.0,random_static_inside,primary_baseline,band_mix,0.045,,61,0.001
beta_2,2.0,random_static_inside,primary_baseline,band_mix,0.045,,62,0.001
beta_2,2.0,random_static_inside,primary_baseline,band_mix,0.045,,63,0.001
beta_2,2.0,random_static_inside,primary_baseline,band_mix,0.045,,64,0.001
beta_2,2.0,random_static_inside,primary_baseline,band_mix,0.045,,65,0.0012
beta_2,2.0,random_static_inside,primary_baseline,band_mix,0.045,,66,0.0012
beta_2,2.0,random_static_inside,primary_baseline,band_mix,0.045,,67,0.0012
beta_2,2.0,random_static_inside,primary_baseline,band_mix,0.045,,68,0.0012
beta_2,2.0,random_static_inside,primary_baseline,band_mix,0.045,,69,0.0012
beta_2,2.0,random_static_inside,primary_baseline,band_mix,0.045,,70,0.0012
beta_2,2.0,random_static_inside,primary_baseline,band_mix,0.045,,71,0.0012
beta_2,2.0,random_static_inside,primary_baseline,band_mix,0.045,,72,0.0012
beta_2,2.0,random_static_inside,primary_baseline,band_mix,0.045,,73,0.0012
beta_2,2.0,random_static_inside,primary_baseline,band_mix,0.045,,74,0.0012
beta_2,2.0,random_static_inside,primary_baseline,band_mix,0.045,,75,0.0012
beta_2,2.0,random_static_inside,primary_baseline,band_mix,0.045,,76,0.0012
beta_2,2.0,random_static_inside,primary_baseline,band_mix,0.045,,77,0.0012
beta_2,2.0,random_static_inside,primary_baseline,band_mix,0.045,,78,0.0012
beta_2,2.0,random_static_inside,primary_baseline,band_mix,0.045,,79,0.0012
beta_2,2.0,random_static_inside,primary_baseline,band_mix,0.045,,80,0.0012
beta_2,2.0,random_static_inside,primary_baseline,band_mix,0.045,,81,0.0012
beta_2,2.0,random_static_inside,primary_baseline,band_mix,0.045,,82,0.0012
beta_2,2.0,random_static_inside,primary_baseline,band_mix,0.045,,83,0.0012
beta_2,2.0,random_static_inside,primary_baseline,band_mix,0.045,,84,0.0012
beta_2,2.0,random_static_inside,primary_baseline,band_mix,0.045,,85,0.0012
beta_2,2.0,random_static_inside,primary_baseline,band_mix,0.045,,86,0.0012
beta_2,2.0,random_static_inside,primary_baseline,band_mix,0.045,,87,0.0012
beta_2,2.0,random_static_inside,primary_baseline,band_mix,0.045,,88,0.0012
beta_2,2.0,random_static_inside,primary_baseline,band_mix,0.045,,89,0.0012
beta_2,2.0,random_static_inside,primary_baseline,band_mix,0.045,,90,0.0012
beta_2,2.0,random_static_inside,primary_baseline,band_mix,0.045,,91,0.0012
beta_2,2.0,random_static_inside,primary_baseline,band_mix,0.045,,92,0.0012
beta_2,2.0,random_static_inside,primary_baseline,band_mix,0.045,,93,0.0012
beta_2,2.0,random_static_inside,primary_baseline,band_mix,0.045,,94,0.0012
beta_2,2.0,random_static_inside,primary_baseline,band_mix,0.045,,95,0.0012
beta_2,2.0,random_static_inside,primary_baseline,band_mix,0.045,,96,0.0012
beta_2,2.0,random_static_inside,primary_baseline,band_mix,0.045,,97,0.0012
beta_2,2.0,random_static_inside,primary_baseline,band_mix,0.045,,98,0.0012
beta_2,2.0,random_static_inside,primary_baseline,band_mix,0.045,,99,0.0012
beta_2,2.0,random_static_inside,primary_baseline,band_mix,0.045,,100,0.0012
beta_2,2.0,random_static_inside,primary_baseline,band_mix,0.045,,101,0.0012
beta_2,2.0,random_static_inside,primary_baseline,band_mix,0.045,,102,0.0012
beta_2,2.0,random_static_inside,primary_baseline,band_mix,0.045,,103,0.0012
beta_2,2.0,random_static_inside,primary_baseline,band_mix,0.045,,104,0.0012
beta_2,2.0,random_static_inside,primary_baseline,band_mix,0.045,,105,0.0012
beta_2,2.0,random_static_inside,primary_baseline,band_mix,0.045,,106,0.0012
beta_2,2.0,random_static_inside,primary_baseline,band_mix,0.045,,107,0.0012
beta_2,2.0,random_static_inside,primary_baseline,band_mix,0.045,,108,0.0012
beta_2,2.0,random_static_inside,primary_baseline,band_mix,0.045,,109,0.0014
beta_2,2.0,random_static_inside,primary_baseline,band_mix,0.045,,110,0.0014
beta_2,2.0,random_static_inside,primary_baseline,band_mix,0.045,,111,0.0014
beta_2,2.0,random_static_inside,primary_baseline,band_mix,0.045,,112,0.0014
beta_2,2.0,random_static_inside,primary_baseline,band_mix,0.045,,113,0.0014
beta_2,2.0,random_static_inside,primary_baseline,band_mix,0.045,,114,0.0014
beta_2,2.0,random_static_inside,primary_baseline,band_mix,0.045,,115,0.0014
beta_2,2.0,random_static_inside,primary_baseline,band_mix,0.045,,116,0.0014
beta_2,2.0,random_static_inside,primary_baseline,band_mix,0.045,,117,0.0014
beta_2,2.0,random_static_inside,primary_baseline,band_mix,0.045,,118,0.0016
beta_2,2.0,random_static_inside,primary_baseline,band_mix,0.045,,119,0.0016
beta_2,2.0,random_static_inside,primary_baseline,band_mix,0.045,,120,0.0016
beta_2,2.0,random_static_inside,primary_baseline,band_mix,0.045,,121,0.0016
beta_2,2.0,random_static_inside,primary_baseline,band_mix,0.045,,122,0.0016
beta_2,2.0,random_static_inside,primary_baseline,band_mix,0.045,,123,0.0016
beta_2,2.0,random_static_inside,primary_baseline,band_mix,0.045,,124,0.0016
beta_2,2.0,random_static_inside,primary_baseline,band_mix,0.045,,125,0.0016
beta_2,2.0,random_static_inside,primary_baseline,band_mix,0.045,,126,0.0016
beta_2,2.0,random_static_inside,primary_baseline,band_mix,0.045,,127,0.0016
beta_2,2.0,random_static_inside,primary_baseline,band_mix,0.045,,128,0.0016
beta_2,2.0,random_static_inside,primary_baseline,band_mix,0.045,,129,0.0016
beta_2,2.0,random_static_inside,primary_baseline,band_mix,0.045,,130,0.0016
beta_2,2.0,random_static_inside,primary_baseline,band_mix,0.045,,131,0.0016
beta_2,2.0,random_static_inside,primary_baseline,band_mix,0.045,,132,0.0016
beta_2,2.0,random_static_inside,primary_baseline,band_mix,0.045,,133,0.0016
beta_2,2.0,random_static_inside,primary_baseline,band_mix,0.045,,134,0.0016
beta_2,2.0,random_static_inside,primary_baseline,band_mix,0.045,,135,0.0016
beta_2,2.0,random_static_inside,primary_baseline,band_mix,0.045,,136,0.0016
beta_2,2.0,random_static_inside,primary_baseline,band_mix,0.045,,137,0.0016
beta_2,2.0,random_static_inside,primary_baseline,band_mix,0.045,,138,0.0018
beta_2,2.0,random_static_inside,primary_baseline,band_mix,0.045,,139,0.0018
beta_2,2.0,random_static_inside,primary_baseline,band_mix,0.045,,140,0.0018
beta_2,2.0,random_static_inside,primary_baseline,band_mix,0.045,,141,0.0018
beta_2,2.0,random_static_inside,primary_baseline,band_mix,0.045,,142,0.0018
beta_2,2.0,random_static_inside,primary_baseline,band_mix,0.045,,143,0.0018
beta_2,2.0,random_static_inside,primary_baseline,band_mix,0.045,,144,0.0018
beta_2,2.0,random_static_inside,primary_baseline,band_mix,0.045,,145,0.0018
beta_2,2.0,random_static_inside,primary_baseline,band_mix,0.045,,146,0.0018
beta_2,2.0,random_static_inside,primary_baseline,band_mix,0.045,,147,0.0018
beta_2,2.0,random_static_inside,primary_baseline,band_mix,0.045,,148,0.0018
beta_2,2.0,random_static_inside,primary_baseline,band_mix,0.045,,149,0.0018
beta_2,2.0,random_static_inside,primary_baseline,band_mix,0.045,,150,0.0018
beta_2,2.0,random_static_inside,primary_baseline,band_mix,0.045,,151,0.0018
beta_2,2.0,random_static_inside,primary_baseline,band_mix,0.045,,152,0.0018
beta_2,2.0,random_static_inside,primary_baseline,band_mix,0.045,,153,0.002
beta_2,2.0,random_static_inside,primary_baseline,band_mix,0.045,,154,0.002
beta_2,2.0,random_static_inside,primary_baseline,band_mix,0.045,,155,0.002
beta_2,2.0,random_static_inside,primary_baseline,band_mix,0.045,,156,0.002
beta_2,2.0,random_static_inside,primary_baseline,band_mix,0.045,,157,0.002
beta_2,2.0,random_static_inside,primary_baseline,band_mix,0.045,,158,0.002
beta_2,2.0,random_static_inside,primary_baseline,band_mix,0.045,,159,0.002
beta_2,2.0,random_static_inside,primary_baseline,band_mix,0.045,,160,0.002
beta_2,2.0,random_static_inside,primary_baseline,band_mix,0.045,,161,0.002
beta_2,2.0,random_static_inside,primary_baseline,band_mix,0.045,,162,0.002
beta_2,2.0,random_static_inside,primary_baseline,band_mix,0.045,,163,0.002
beta_2,2.0,random_static_inside,primary_baseline,band_mix,0.045,,164,0.002
beta_2,2.0,random_static_inside,primary_baseline,band_mix,0.045,,165,0.002
beta_2,2.0,random_static_inside,primary_baseline,band_mix,0.045,,166,0.0022
beta_2,2.0,random_static_inside,primary_baseline,band_mix,0.045,,167,0.0022
beta_2,2.0,random_static_inside,primary_baseline,band_mix,0.045,,168,0.0022
beta_2,2.0,random_static_inside,primary_baseline,band_mix,0.045,,169,0.0022
beta_2,2.0,random_static_inside,primary_baseline,band_mix,0.045,,170,0.0022
beta_2,2.0,random_static_inside,primary_baseline,band_mix,0.045,,171,0.0022
beta_2,2.0,random_static_inside,primary_baseline,band_mix,0.045,,172,0.0022
beta_2,2.0,random_static_inside,primary_baseline,band_mix,0.045,,173,0.0024
beta_2,2.0,random_static_inside,primary_baseline,band_mix,0.045,,174,0.0024
beta_2,2.0,random_static_inside,primary_baseline,band_mix,0.045,,175,0.0024
beta_2,2.0,random_static_inside,primary_baseline,band_mix,0.045,,176,0.0024
beta_2,2.0,random_static_inside,primary_baseline,band_mix,0.045,,177,0.0024
beta_2,2.0,random_static_inside,primary_baseline,band_mix,0.045,,178,0.0024
beta_2,2.0,random_static_inside,primary_baseline,band_mix,0.045,,179,0.0024
beta_2,2.0,random_static_inside,primary_baseline,band_mix,0.045,,180,0.0024
beta_2,2.0,random_static_inside,primary_baseline,band_mix,0.045,,181,0.0024
beta_2,2.0,random_static_inside,primary_baseline,band_mix,0.045,,182,0.0024
beta_2,2.0,random_static_inside,primary_baseline,band_mix,0.045,,183,0.0024
beta_2,2.0,random_static_inside,primary_baseline,band_mix,0.045,,184,0.0024
beta_2,2.0,random_static_inside,primary_baseline,band_mix,0.045,,185,0.0024
beta_2,2.0,random_static_inside,primary_baseline,band_mix,0.045,,186,0.0024
beta_2,2.0,random_static_inside,primary_baseline,band_mix,0.045,,187,0.0024
beta_2,2.0,random_static_inside,primary_baseline,band_mix,0.045,,188,0.0024
beta_2,2.0,random_static_inside,primary_baseline,band_mix,0.045,,189,0.0024
beta_2,2.0,random_static_inside,primary_baseline,band_mix,0.045,,190,0.0024
beta_2,2.0,random_static_inside,primary_baseline,band_mix,0.045,,191,0.0026
beta_2,2.0,random_static_inside,primary_baseline,band_mix,0.045,,192,0.0026
beta_2,2.0,random_static_inside,primary_baseline,band_mix,0.045,,193,0.0028
beta_2,2.0,random_static_inside,primary_baseline,band_mix,0.045,,194,0.0028
beta_2,2.0,random_static_inside,primary_baseline,band_mix,0.045,,195,0.0028
beta_2,2.0,random_static_inside,primary_baseline,band_mix,0.045,,196,0.0028
beta_2,2.0,random_static_inside,primary_baseline,band_mix,0.045,,197,0.0028
beta_2,2.0,random_static_inside,primary_baseline,band_mix,0.045,,198,0.0028
beta_2,2.0,random_static_inside,primary_baseline,band_mix,0.045,,199,0.0028
beta_2,2.0,random_static_inside,primary_baseline,band_mix,0.045,,200,0.0028
beta_2,2.0,random_static_inside,best_grid_T200,band_mix,0.04,,1,0.0
beta_2,2.0,random_static_inside,best_grid_T200,band_mix,0.04,,2,0.0
beta_2,2.0,random_static_inside,best_grid_T200,band_mix,0.04,,3,0.0
beta_2,2.0,random_static_inside,best_grid_T200,band_mix,0.04,,4,0.0
beta_2,2.0,random_static_inside,best_grid_T200,band_mix,0.04,,5,0.0
beta_2,2.0,random_static_inside,best_grid_T200,band_mix,0.04,,6,0.0
beta_2,2.0,random_static_inside,best_grid_T200,band_mix,0.04,,7,0.0
beta_2,2.0,random_static_inside,best_grid_T200,band_mix,0.04,,8,0.0
beta_2,2.0,random_static_inside,best_grid_T200,band_mix,0.04,,9,0.0
beta_2,2.0,random_static_inside,best_grid_T200,band_mix,0.04,,10,0.0
beta_2,2.0,random_static_inside,best_grid_T200,band_mix,0.04,,11,0.0
beta_2,2.0,random_static_inside,best_grid_T200,band_mix,0.04,,12,0.0
beta_2,2.0,random_static_inside,best_grid_T200,band_mix,0.04,,13,0.0
beta_2,2.0,random_static_inside,best_grid_T200,band_mix,0.04,,14,0.0
beta_2,2.0,random_static_inside,best_grid_T200,band_mix,0.04,,15,0.0
beta_2,2.0,random_static_inside,best_grid_T200,band_mix,0.04,,16,0.0
beta_2,2.0,random_static_inside,best_grid_T200,band_mix,0.04,,17,0.0
beta_2,2.0,random_static_inside,best_grid_T200,band_mix,0.04,,18,0.0
beta_2,2.0,random_static_inside,best_grid_T200,band_mix,0.04,,19,0.0
beta_2,2.0,random_static_inside,best_grid_T200,band_mix,0.04,,20,0.0
beta_2,2.0,random_static_inside,best_grid_T200,band_mix,0.04,,21,0.0
beta_2,2.0,random_static_inside,best_grid_T200,band_mix,0.04,,22,0.0
beta_2,2.0,random_static_inside,best_grid_T200,band_mix,0.04,,23,0.0
beta_2,2.0,random_static_inside,best_grid_T200,band_mix,0.04,,24,0.0
beta_2,2.0,random_static_inside,best_grid_T200,band_mix,0.04,,25,0.0
beta_2,2.0,random_static_inside,best_grid_T200,band_mix,0.04,,26,0.0
beta_2,2.0,random_static_inside,best_grid_T200,band_mix,0.04,,27,0.0
beta_2,2.0,random_static_inside,best_grid_T200,band_mix,0.04,,28,0.0
beta_2,2.0,random_static_inside,best_grid_T200,band_mix,0.04,,29,0.0
beta_2,2.0,random_static_inside,best_grid_T200,band_mix,0.04,,30,0.0
beta_2,2.0,random_static_inside,best_grid_T200,band_mix,0.04,,31,0.0
beta_2,2.0,random_static_inside,best_grid_T200,band_mix,0.04,,32,0.0
beta_2,2.0,random_static_inside,best_grid_T200,band_mix,0.04,,33,0.0
beta_2,2.0,random_static_inside,best_grid_T200,band_mix,0.04,,34,0.0002
beta_2,2.0,random_static_inside,best_grid_T200,band_mix,0.04,,35,0.0002
beta_2,2.0,random_static_inside,best_grid_T200,band_mix,0.04,,36,0.0006
beta_2,2.0,random_static_inside,best_grid_T200,band_mix,0.04,,37,0.0006
beta_2,2.0,random_static_inside,best_grid_T200,band_mix,0.04,,38,0.0006
beta_2,2.0,random_static_inside,best_grid_T200,band_mix,0.04,,39,0.0006
beta_2,2.0,random_static_inside,best_grid_T200,band_mix,0.04,,40,0.0006
beta_2,2.0,random_static_inside,best_grid_T200,band_mix,0.04,,41,0.0006
beta_2,2.0,random_static_inside,best_grid_T200,band_mix,0.04,,42,0.0008
beta_2,2.0,random_static_inside,best_grid_T200,band_mix,0.04,,43,0.0008
beta_2,2.0,random_static_inside,best_grid_T200,band_mix,0.04,,44,0.0008
beta_2,2.0,random_static_inside,best_grid_T200,band_mix,0.04,,45,0.0008
beta_2,2.0,random_static_inside,best_grid_T200,band_mix,0.04,,46,0.0008
beta_2,2.0,random_static_inside,best_grid_T200,band_mix,0.04,,47,0.0008
beta_2,2.0,random_static_inside,best_grid_T200,band_mix,0.04,,48,0.0008
beta_2,2.0,random_static_inside,best_grid_T200,band_mix,0.04,,49,0.0008
beta_2,2.0,random_static_inside,best_grid_T200,band_mix,0.04,,50,0.0008
beta_2,2.0,random_static_inside,best_grid_T200,band_mix,0.04,,51,0.0008
beta_2,2.0,random_static_inside,best_grid_T200,band_mix,0.04,,52,0.0008
beta_2,2.0,random_static_inside,best_grid_T200,band_mix,0.04,,53,0.0008
beta_2,2.0,random_static_inside,best_grid_T200,band_mix,0.04,,54,0.0008
beta_2,2.0,random_static_inside,best_grid_T200,band_mix,0.04,,55,0.0008
beta_2,2.0,random_static_inside,best_grid_T200,band_mix,0.04,,56,0.0008
beta_2,2.0,random_static_inside,best_grid_T200,band_mix,0.04,,57,0.001
beta_2,2.0,random_static_inside,best_grid_T200,band_mix,0.04,,58,0.001
beta_2,2.0,random_static_inside,best_grid_T200,band_mix,0.04,,59,0.001
beta_2,2.0,random_static_inside,best_grid_T200,band_mix,0.04,,60,0.001
beta_2,2.0,random_static_inside,best_grid_T200,band_mix,0.04,,61,0.001
beta_2,2.0,random_static_inside,best_grid_T200,band_mix,0.04,,62,0.001
beta_2,2.0,random_static_inside,best_grid_T200,band_mix,0.04,,63,0.001
beta_2,2.0,random_static_inside,best_grid_T200,band_mix,0.04,,64,0.0012
beta_2,2.0,random_static_inside,best_grid_T200,band_mix,0.04,,65,0.0012
beta_2,2.0,random_static_inside,best_grid_T200,band_mix,0.04,,66,0.0012
beta_2,2.0,random_static_inside,best_grid_T200,band_mix,0.04,,67,0.0012
beta_2,2.0,random_static_inside,best_grid_T200,band_mix,0.04,,68,0.0012
beta_2,2.0,random_static_inside,best_grid_T200,band_mix,0.04,,69,0.0012
beta_2,2.0,random_static_inside,best_grid_T200,band_mix,0.04,,70,0.0012
beta_2,2.0,random_static_inside,best_grid_T200,band_mix,0.04,,71,0.0012
beta_2,2.0,random_static_inside,best_grid_T200,band_mix,0.04,,72,0.0012
beta_2,2.0,random_static_inside,best_grid_T200,band_mix,0.04,,73,0.0012
beta_2,2.0,random_static_inside,best_grid_T200,band_mix,0.04,,74,0.0012
beta_2,2.0,random_static_inside,best_grid_T200,band_mix,0.04,,75,0.0012
beta_2,2.0,random_static_inside,best_grid_T200,band_mix,0.04,,76,0.0012
beta_2,2.0,random_static_inside,best_grid_T200,band_mix,0.04,,77,0.0012
beta_2,2.0,random_static_inside,best_grid_T200,band_mix,0.04,,78,0.0012
beta_2,2.0,random_static_inside,best_grid_T200,band_mix,0.04,,79,0.0012
beta_2,2.0,random_static_inside,best_grid_T200,band_mix,0.04,,80,0.0012
beta_2,2.0,random_static_inside,best_grid_T200,band_mix,0.04,,81,0.0012
beta_2,2.0,random_static_inside,best_grid_T200,band_mix,0.04,,82,0.0012
beta_2,2.0,random_static_inside,best_grid_T200,band_mix,0.04,,83,0.0012
beta_2,2.0,random_static_inside,best_grid_T200,band_mix,0.04,,84,0.0012
beta_2,2.0,random_static_inside,best_grid_T200,band_mix,0.04,,85,0.0012
beta_2,2.0,random_static_inside,best_grid_T200,band_mix,0.04,,86,0.0012
beta_2,2.0,random_static_inside,best_grid_T200,band_mix,0.04,,87,0.0012
beta_2,2.0,random_static_inside,best_grid_T200,band_mix,0.04,,88,0.0012
beta_2,2.0,random_static_inside,best_grid_T200,band_mix,0.04,,89,0.0012
beta_2,2.0,random_static_inside,best_grid_T200,band_mix,0.04,,90,0.0012
beta_2,2.0,random_static_inside,best_grid_T200,band_mix,0.04,,91,0.0012
beta_2,2.0,random_static_inside,best_grid_T200,band_mix,0.04,,92,0.0012
beta_2,2.0,random_static_inside,best_grid_T200,band_mix,0.04,,93,0.0012
beta_2,2.0,random_static_inside,best_grid_T200,band_mix,0.04,,94,0.0012
beta_2,2.0,random_static_inside,best_grid_T200,band_mix,0.04,,95,0.0012
beta_2,2.0,random_static_inside,best_grid_T200,band_mix,0.04,,96,0.0012
beta_2,2.0,random_static_inside,best_grid_T200,band_mix,0.04,,97,0.0012
beta_2,2.0,random_static_inside,best_grid_T200,band_mix,0.04,,98,0.0012
beta_2,2.0,random_static_inside,best_grid_T200,band_mix,0.04,,99,0.0012
beta_2,2.0,random_static_inside,best_grid_T200,band_mix,0.04,,100,0.0012
beta_2,2.0,random_static_inside,best_grid_T200,band_mix,0.04,,101,0.0012
beta_2,2.0,random_static_inside,best_grid_T200,band_mix,0.04,,102,0.0012
beta_2,2.0,random_static_inside,best_grid_T200,band_mix,0.04,,103,0.0012
beta_2,2.0,random_static_inside,best_grid_T200,band_mix,0.04,,104,0.0012
beta_2,2.0,random_static_inside,best_grid_T200,band_mix,0.04,,105,0.0012
beta_2,2.0,random_static_inside,best_grid_T200,band_mix,0.04,,106,0.0014
beta_2,2.0,random_static_inside,best_grid_T200,band_mix,0.04,,107,0.0014
beta_2,2.0,random_static_inside,best_grid_T200,band_mix,0.04,,108,0.0016
beta_2,2.0,random_static_inside,best_grid_T200,band_mix,0.04,,109,0.0016
beta_2,2.0,random_static_inside,best_grid_T200,band_mix,0.04,,110,0.0016
beta_2,2.0,random_static_inside,best_grid_T200,band_mix,0.04,,111,0.0016
beta_2,2.0,random_static_inside,best_grid_T200,band_mix,0.04,,112,0.0016
beta_2,2.0,random_static_inside,best_grid_T200,band_mix,0.04,,113,0.0016
beta_2,2.0,random_static_inside,best_grid_T200,band_mix,0.04,,114,0.0016
beta_2,2.0,random_static_inside,best_grid_T200,band_mix,0.04,,115,0.0016
beta_2,2.0,random_static_inside,best_grid_T200,band_mix,0.04,,116,0.0016
beta_2,2.0,random_static_inside,best_grid_T200,band_mix,0.04,,117,0.0016
beta_2,2.0,random_static_inside,best_grid_T200,band_mix,0.04,,118,0.0016
beta_2,2.0,random_static_inside,best_grid_T200,band_mix,0.04,,119,0.0016
beta_2,2.0,random_static_inside,best_grid_T200,band_mix,0.04,,120,0.0016
beta_2,2.0,random_static_inside,best_grid_T200,band_mix,0.04,,121,0.0016
beta_2,2.0,random_static_inside,best_grid_T200,band_mix,0.04,,122,0.0016
beta_2,2.0,random_static_inside,best_grid_T200,band_mix,0.04,,123,0.0016
beta_2,2.0,random_static_inside,best_grid_T200,band_mix,0.04,,124,0.0016
beta_2,2.0,random_static_inside,best_grid_T200,band_mix,0.04,,125,0.0016
beta_2,2.0,random_static_inside,best_grid_T200,band_mix,0.04,,126,0.0016
beta_2,2.0,random_static_inside,best_grid_T200,band_mix,0.04,,127,0.0016
beta_2,2.0,random_static_inside,best_grid_T200,band_mix,0.04,,128,0.0016
beta_2,2.0,random_static_inside,best_grid_T200,band_mix,0.04,,129,0.0016
beta_2,2.0,random_static_inside,best_grid_T200,band_mix,0.04,,130,0.0016
beta_2,2.0,random_static_inside,best_grid_T200,band_mix,0.04,,131,0.0016
beta_2,2.0,random_static_inside,best_grid_T200,band_mix,0.04,,132,0.0016
beta_2,2.0,random_static_inside,best_grid_T200,band_mix,0.04,,133,0.0016
beta_2,2.0,random_static_inside,best_grid_T200,band_mix,0.04,,134,0.0016
beta_2,2.0,random_static_inside,best_grid_T200,band_mix,0.04,,135,0.0016
beta_2,2.0,random_static_inside,best_grid_T200,band_mix,0.04,,136,0.0016
beta_2,2.0,random_static_inside,best_grid_T200,band_mix,0.04,,137,0.0018
beta_2,2.0,random_static_inside,best_grid_T200,band_mix,0.04,,138,0.0018
beta_2,2.0,random_static_inside,best_grid_T200,band_mix,0.04,,139,0.0018
beta_2,2.0,random_static_inside,best_grid_T200,band_mix,0.04,,140,0.0018
beta_2,2.0,random_static_inside,best_grid_T200,band_mix,0.04,,141,0.0018
beta_2,2.0,random_static_inside,best_grid_T200,band_mix,0.04,,142,0.0018
beta_2,2.0,random_static_inside,best_grid_T200,band_mix,0.04,,143,0.0018
beta_2,2.0,random_static_inside,best_grid_T200,band_mix,0.04,,144,0.0018
beta_2,2.0,random_static_inside,best_grid_T200,band_mix,0.04,,145,0.0018
beta_2,2.0,random_static_inside,best_grid_T200,band_mix,0.04,,146,0.0018
beta_2,2.0,random_static_inside,best_grid_T200,band_mix,0.04,,147,0.0018
beta_2,2.0,random_static_inside,best_grid_T200,band_mix,0.04,,148,0.0018
beta_2,2.0,random_static_inside,best_grid_T200,band_mix,0.04,,149,0.0018
beta_2,2.0,random_static_inside,best_grid_T200,band_mix,0.04,,150,0.0018
beta_2,2.0,random_static_inside,best_grid_T200,band_mix,0.04,,151,0.0018
beta_2,2.0,random_static_inside,best_grid_T200,band_mix,0.04,,152,0.002
beta_2,2.0,random_static_inside,best_grid_T200,band_mix,0.04,,153,0.002
beta_2,2.0,random_static_inside,best_grid_T200,band_mix,0.04,,154,0.002
beta_2,2.0,random_static_inside,best_grid_T200,band_mix,0.04,,155,0.002
beta_2,2.0,random_static_inside,best_grid_T200,band_mix,0.04,,156,0.002
beta_2,2.0,random_static_inside,best_grid_T200,band_mix,0.04,,157,0.002
beta_2,2.0,random_static_inside,best_grid_T200,band_mix,0.04,,158,0.002
beta_2,2.0,random_static_inside,best_grid_T200,band_mix,0.04,,159,0.002
beta_2,2.0,random_static_inside,best_grid_T200,band_mix,0.04,,160,0.002
beta_2,2.0,random_static_inside,best_grid_T200,band_mix,0.04,,161,0.002
beta_2,2.0,random_static_inside,best_grid_T200,band_mix,0.04,,162,0.002
beta_2,2.0,random_static_inside,best_grid_T200,band_mix,0.04,,163,0.002
beta_2,2.0,random_static_inside,best_grid_T200,band_mix,0.04,,164,0.002
beta_2,2.0,random_static_inside,best_grid_T200,band_mix,0.04,,165,0.002
beta_2,2.0,random_static_inside,best_grid_T200,band_mix,0.04,,166,0.0022
beta_2,2.0,random_static_inside,best_grid_T200,band_mix,0.04,,167,0.0022
beta_2,2.0,random_static_inside,best_grid_T200,band_mix,0.04,,168,0.0022
beta_2,2.0,random_static_inside,best_grid_T200,band_mix,0.04,,169,0.0022
beta_2,2.0,random_static_inside,best_grid_T200,band_mix,0.04,,170,0.0022
beta_2,2.0,random_static_inside,best_grid_T200,band_mix,0.04,,171,0.0022
beta_2,2.0,random_static_inside,best_grid_T200,band_mix,0.04,,172,0.0022
beta_2,2.0,random_static_inside,best_grid_T200,band_mix,0.04,,173,0.0022
beta_2,2.0,random_static_inside,best_grid_T200,band_mix,0.04,,174,0.0024
beta_2,2.0,random_static_inside,best_grid_T200,band_mix,0.04,,175,0.0026
beta_2,2.0,random_static_inside,best_grid_T200,band_mix,0.04,,176,0.0026
beta_2,2.0,random_static_inside,best_grid_T200,band_mix,0.04,,177,0.0026
beta_2,2.0,random_static_inside,best_grid_T200,band_mix,0.04,,178,0.0026
beta_2,2.0,random_static_inside,best_grid_T200,band_mix,0.04,,179,0.0026
beta_2,2.0,random_static_inside,best_grid_T200,band_mix,0.04,,180,0.0026
beta_2,2.0,random_static_inside,best_grid_T200,band_mix,0.04,,181,0.0026
beta_2,2.0,random_static_inside,best_grid_T200,band_mix,0.04,,182,0.0026
beta_2,2.0,random_static_inside,best_grid_T200,band_mix,0.04,,183,0.0026
beta_2,2.0,random_static_inside,best_grid_T200,band_mix,0.04,,184,0.0026
beta_2,2.0,random_static_inside,best_grid_T200,band_mix,0.04,,185,0.0026
beta_2,2.0,random_static_inside,best_grid_T200,band_mix,0.04,,186,0.0026
beta_2,2.0,random_static_inside,best_grid_T200,band_mix,0.04,,187,0.0026
beta_2,2.0,random_static_inside,best_grid_T200,band_mix,0.04,,188,0.0026
beta_2,2.0,random_static_inside,best_grid_T200,band_mix,0.04,,189,0.0026
beta_2,2.0,random_static_inside,best_grid_T200,band_mix,0.04,,190,0.0026
beta_2,2.0,random_static_inside,best_grid_T200,band_mix,0.04,,191,0.0028
beta_2,2.0,random_static_inside,best_grid_T200,band_mix,0.04,,192,0.0028
beta_2,2.0,random_static_inside,best_grid_T200,band_mix,0.04,,193,0.003
beta_2,2.0,random_static_inside,best_grid_T200,band_mix,0.04,,194,0.003
beta_2,2.0,random_static_inside,best_grid_T200,band_mix,0.04,,195,0.003
beta_2,2.0,random_static_inside,best_grid_T200,band_mix,0.04,,196,0.003
beta_2,2.0,random_static_inside,best_grid_T200,band_mix,0.04,,197,0.003
beta_2,2.0,random_static_inside,best_grid_T200,band_mix,0.04,,198,0.003
beta_2,2.0,random_static_inside,best_grid_T200,band_mix,0.04,,199,0.003
beta_2,2.0,random_static_inside,best_grid_T200,band_mix,0.04,,200,0.003
beta_2,2.0,random_static_inside,oracle,oracle,,,1,0.0
beta_2,2.0,random_static_inside,oracle,oracle,,,2,0.0
beta_2,2.0,random_static_inside,oracle,oracle,,,3,0.01
beta_2,2.0,random_static_inside,oracle,oracle,,,4,0.0282
beta_2,2.0,random_static_inside,oracle,oracle,,,5,0.053
beta_2,2.0,random_static_inside,oracle,oracle,,,6,0.0726
beta_2,2.0,random_static_inside,oracle,oracle,,,7,0.0924
beta_2,2.0,random_static_inside,oracle,oracle,,,8,0.1074
beta_2,2.0,random_static_inside,oracle,oracle,,,9,0.1268
beta_2,2.0,random_static_inside,oracle,oracle,,,10,0.1412
beta_2,2.0,random_static_inside,oracle,oracle,,,11,0.156
beta_2,2.0,random_static_inside,oracle,oracle,,,12,0.1682
beta_2,2.0,random_static_inside,oracle,oracle,,,13,0.1818
beta_2,2.0,random_static_inside,oracle,oracle,,,14,0.197
beta_2,2.0,random_static_inside,oracle,oracle,,,15,0.2092
beta_2,2.0,random_static_inside,oracle,oracle,,,16,0.221
beta_2,2.0,random_static_inside,oracle,oracle,,,17,0.2314
beta_2,2.0,random_static_inside,oracle,oracle,,,18,0.241
beta_2,2.0,random_static_inside,oracle,oracle,,,19,0.2488
beta_2,2.0,random_static_inside,oracle,oracle,,,20,0.2584
beta_2,2.0,random_static_inside,oracle,oracle,,,21,0.2658
beta_2,2.0,random_static_inside,oracle,oracle,,,22,0.2732
beta_2,2.0,random_static_inside,oracle,oracle,,,23,0.2796
beta_2,2.0,random_static_inside,oracle,oracle,,,24,0.2862
beta_2,2.0,random_static_inside,oracle,oracle,,,25,0.2936
beta_2,2.0,random_static_inside,oracle,oracle,,,26,0.3004
beta_2,2.0,random_static_inside,oracle,oracle,,,27,0.3066
beta_2,2.0,random_static_inside,oracle,oracle,,,28,0.3104
beta_2,2.0,random_static_inside,oracle,oracle,,,29,0.316
beta_2,2.0,random_static_inside,oracle,oracle,,,30,0.3216
beta_2,2.0,random_static_inside,oracle,oracle,,,31,0.3252
beta_2,2.0,random_static_inside,oracle,oracle,,,32,0.3292
beta_2,2.0,random_static_inside,oracle,oracle,,,33,0.333
beta_2,2.0,random_static_inside,oracle,oracle,,,34,0.336
beta_2,2.0,random_static_inside,oracle,oracle,,,35,0.3396
beta_2,2.0,random_static_inside,oracle,oracle,,,36,0.344
beta_2,2.0,random_static_inside,oracle,oracle,,,37,0.3474
beta_2,2.0,random_static_inside,oracle,oracle,,,38,0.3498
beta_2,2.0,random_static_inside,oracle,oracle,,,39,0.353
beta_2,2.0,random_static_inside,oracle,oracle,,,40,0.3564
beta_2,2.0,random_static_inside,oracle,oracle,,,41,0.3594
beta_2,2.0,random_static_inside,oracle,oracle,,,42,0.3634
beta_2,2.0,random_static_inside,oracle,oracle,,,43,0.366
beta_2,2.0,random_static_inside,oracle,oracle,,,44,0.368
beta_2,2.0,random_static_inside,oracle,oracle,,,45,0.37
beta_2,2.0,random_static_inside,oracle,oracle,,,46,0.3716
beta_2,2.0,random_static_inside,oracle,oracle,,,47,0.3744
beta_2,2.0,random_static_inside,oracle,oracle,,,48,0.3772
beta_2,2.0,random_static_inside,oracle,oracle,,,49,0.378
beta_2,2.0,random_static_inside,oracle,oracle,,,50,0.3806
beta_2,2.0,random_static_inside,oracle,oracle,,,51,0.3824
beta_2,2.0,random_static_inside,oracle,oracle,,,52,0.384
beta_2,2.0,random_static_inside,oracle,oracle,,,53,0.385
beta_2,2.0,random_static_inside,oracle,oracle,,,54,0.386
beta_2,2.0,random_static_inside,oracle,oracle,,,55,0.3876
beta_2,2.0,random_static_inside,oracle,oracle,,,56,0.3884
beta_2,2.0,random_static_inside,oracle,oracle,,,57,0.3896
beta_2,2.0,random_static_inside,oracle,oracle,,,58,0.391
beta_2,2.0,random_static_inside,oracle,oracle,,,59,0.3926
beta_2,2.0,random_static_inside,oracle,oracle,,,60,0.3946
beta_2,2.0,random_static_inside,oracle,oracle,,,61,0.3962
beta_2,2.0,random_static_inside,oracle,oracle,,,62,0.3966
beta_2,2.0,random_static_inside,oracle,oracle,,,63,0.3972
beta_2,2.0,random_static_inside,oracle,oracle,,,64,0.398
beta_2,2.0,random_static_inside,oracle,oracle,,,65,0.3988
beta_2,2.0,random_static_inside,oracle,oracle,,,66,0.3994
beta_2,2.0,random_static_inside,oracle,oracle,,,67,0.4004
beta_2,2.0,random_static_inside,oracle,oracle,,,68,0.4014
beta_2,2.0,random_static_inside,oracle,oracle,,,69,0.4024
beta_2,2.0,random_static_inside,oracle,oracle,,,70,0.4032
beta_2,2.0,random_static_inside,oracle,oracle,,,71,0.4038
beta_2,2.0,random_static_inside,oracle,oracle,,,72,0.4042
beta_2,2.0,random_static_inside,oracle,oracle,,,73,0.405
beta_2,2.0,random_static_inside,oracle,oracle,,,74,0.4062
beta_2,2.0,random_static_inside,oracle,oracle,,,75,0.4068
beta_2,2.0,random_static_inside,oracle,oracle,,,76,0.4076
beta_2,2.0,random_static_inside,oracle,oracle,,,77,0.4082
beta_2,2.0,random_static_inside,oracle,oracle,,,78,0.4086
beta_2,2.0,random_static_inside,oracle,oracle,,,79,0.4094
beta_2,2.0,random_static_inside,oracle,oracle,,,80,0.41
beta_2,2.0,random_static_inside,oracle,oracle,,,81,0.4104
beta_2,2.0,random_static_inside,oracle,oracle,,,82,0.4106
beta_2,2.0,random_static_inside,oracle,oracle,,,83,0.412
beta_2,2.0,random_static_inside,oracle,oracle,,,84,0.4128
beta_2,2.0,random_static_inside,oracle,oracle,,,85,0.4136
beta_2,2.0,random_static_inside,oracle,oracle,,,86,0.4138
beta_2,2.0,random_static_inside,oracle,oracle,,,87,0.4142
beta_2,2.0,random_static_inside,oracle,oracle,,,88,0.4148
beta_2,2.0,random_static_inside,oracle,oracle,,,89,0.4154
beta_2,2.0,random_static_inside,oracle,oracle,,,90,0.416
beta_2,2.0,random_static_inside,oracle,oracle,,,91,0.4168
beta_2,2.0,random_static_inside,oracle,oracle,,,92,0.4174
beta_2,2.0,random_static_inside,oracle,oracle,,,93,0.418
beta_2,2.0,random_static_inside,oracle,oracle,,,94,0.4182
beta_2,2.0,random_static_inside,oracle,oracle,,,95,0.4184
beta_2,2.0,random_static_inside,oracle,oracle,,,96,0.4188
beta_2,2.0,random_static_inside,oracle,oracle,,,97,0.419
beta_2,2.0,random_static_inside,oracle,oracle,,,98,0.4198
beta_2,2.0,random_static_inside,oracle,oracle,,,99,0.42
beta_2,2.0,random_static_inside,oracle,oracle,,,100,0.4214
beta_2,2.0,random_static_inside,oracle,oracle,,,101,0.4216
beta_2,2.0,random_static_inside,oracle,oracle,,,102,0.4218
beta_2,2.0,random_static_inside,oracle,oracle,,,103,0.4228
beta_2,2.0,random_static_inside,oracle,oracle,,,104,0.423
beta_2,2.0,random_static_inside,oracle,oracle,,,105,0.4232
beta_2,2.0,random_static_inside,oracle,oracle,,,106,0.4236
beta_2,2.0,random_static_inside,oracle,oracle,,,107,0.4242
beta_2,2.0,random_static_inside,oracle,oracle,,,108,0.4244
beta_2,2.0,random_static_inside,oracle,oracle,,,109,0.4246
beta_2,2.0,random_static_inside,oracle,oracle,,,110,0.425
beta_2,2.0,random_static_inside,oracle,oracle,,,111,0.4256
beta_2,2.0,random_static_inside,oracle,oracle,,,112,0.4262
beta_2,2.0,random_static_inside,oracle,oracle,,,113,0.4264
beta_2,2.0,random_static_inside,oracle,oracle,,,114,0.4272
beta_2,2.0,random_static_inside,oracle,oracle,,,115,0.4274
beta_2,2.0,random_static_inside,oracle,oracle,,,116,0.4274
beta_2,2.0,random_static_inside,oracle,oracle,,,117,0.4274
beta_2,2.0,random_static_inside,oracle,oracle,,,118,0.4276
beta_2,2.0,random_static_inside,oracle,oracle,,,119,0.4276
beta_2,2.0,random_static_inside,oracle,oracle,,,120,0.4284
beta_2,2.0,random_static_inside,oracle,oracle,,,121,0.4284
beta_2,2.0,random_static_inside,oracle,oracle,,,122,0.4286
beta_2,2.0,random_static_inside,oracle,oracle,,,123,0.4286
beta_2,2.0,random_static_inside,oracle,oracle,,,124,0.4286
beta_2,2.0,random_static_inside,oracle,oracle,,,125,0.4292
beta_2,2.0,random_static_inside,oracle,oracle,,,126,0.4292
beta_2,2.0,random_static_inside,oracle,oracle,,,127,0.4296
beta_2,2.0,random_static_inside,oracle,oracle,,,128,0.4296
beta_2,2.0,random_static_inside,oracle,oracle,,,129,0.4302
beta_2,2.0,random_static_inside,oracle,oracle,,,130,0.4302
beta_2,2.0,random_static_inside,oracle,oracle,,,131,0.4306
beta_2,2.0,random_static_inside,oracle,oracle,,,132,0.4308
beta_2,2.0,random_static_inside,oracle,oracle,,,133,0.431
beta_2,2.0,random_static_inside,oracle,oracle,,,134,0.431
beta_2,2.0,random_static_inside,oracle,oracle,,,135,0.4318
beta_2,2.0,random_static_inside,oracle,oracle,,,136,0.4318
beta_2,2.0,random_static_inside,oracle,oracle,,,137,0.4322
beta_2,2.0,random_static_inside,oracle,oracle,,,138,0.4322
beta_2,2.0,random_static_inside,oracle,oracle,,,139,0.4322
beta_2,2.0,random_static_inside,oracle,oracle,,,140,0.4322
beta_2,2.0,random_static_inside,oracle,oracle,,,141,0.4326
beta_2,2.0,random_static_inside,oracle,oracle,,,142,0.4328
beta_2,2.0,random_static_inside,oracle,oracle,,,143,0.4328
beta_2,2.0,random_static_inside,oracle,oracle,,,144,0.4332
beta_2,2.0,random_static_inside,oracle,oracle,,,145,0.4334
beta_2,2.0,random_static_inside,oracle,oracle,,,146,0.4336
beta_2,2.0,random_static_inside,oracle,oracle,,,147,0.4336
beta_2,2.0,random_static_inside,oracle,oracle,,,148,0.4336
beta_2,2.0,random_static_inside,oracle,oracle,,,149,0.4338
beta_2,2.0,random_static_inside,oracle,oracle,,,150,0.434
beta_2,2.0,random_static_inside,oracle,oracle,,,151,0.4344
beta_2,2.0,random_static_inside,oracle,oracle,,,152,0.4346
beta_2,2.0,random_static_inside,oracle,oracle,,,153,0.4346
beta_2,2.0,random_static_inside,oracle,oracle,,,154,0.4346
beta_2,2.0,random_static_inside,oracle,oracle,,,155,0.4348
beta_2,2.0,random_static_inside,oracle,oracle,,,156,0.435
beta_2,2.0,random_static_inside,oracle,oracle,,,157,0.435
beta_2,2.0,random_static_inside,oracle,oracle,,,158,0.4352
beta_2,2.0,random_static_inside,oracle,oracle,,,159,0.4354
beta_2,2.0,random_static_inside,oracle,oracle,,,160,0.4356
beta_2,2.0,random_static_inside,oracle,oracle,,,161,0.4356
beta_2,2.0,random_static_inside,oracle,oracle,,,162,0.436
beta_2,2.0,random_static_inside,oracle,oracle,,,163,0.436
beta_2,2.0,random_static_inside,oracle,oracle,,,164,0.436
beta_2,2.0,random_static_inside,oracle,oracle,,,165,0.436
beta_2,2.0,random_static_inside,oracle,oracle,,,166,0.4362
beta_2,2.0,random_static_inside,oracle,oracle,,,167,0.4362
beta_2,2.0,random_static_inside,oracle,oracle,,,168,0.4362
beta_2,2.0,random_static_inside,oracle,oracle,,,169,0.4364
beta_2,2.0,random_static_inside,oracle,oracle,,,170,0.4364
beta_2,2.0,random_static_inside,oracle,oracle,,,171,0.4368
beta_2,2.0,random_static_inside,oracle,oracle,,,172,0.4368
beta_2,2.0,random_static_inside,oracle,oracle,,,173,0.4372
beta_2,2.0,random_static_inside,oracle,oracle,,,174,0.4372
beta_2,2.0,random_static_inside,oracle,oracle,,,175,0.4372
beta_2,2.0,random_static_inside,oracle,oracle,,,176,0.4374
beta_2,2.0,random_static_inside,oracle,oracle,,,177,0.4376
beta_2,2.0,random_static_inside,oracle,oracle,,,178,0.4376
beta_2,2.0,random_static_inside,oracle,oracle,,,179,0.4376
beta_2,2.0,random_static_inside,oracle,oracle,,,180,0.4376
beta_2,2.0,random_static_inside,oracle,oracle,,,181,0.4378
beta_2,2.0,random_static_inside,oracle,oracle,,,182,0.438
beta_2,2.0,random_static_inside,oracle,oracle,,,183,0.4382
beta_2,2.0,random_static_inside,oracle,oracle,,,184,0.4384
beta_2,2.0,random_static_inside,oracle,oracle,,,185,0.4386
beta_2,2.0,random_static_inside,oracle,oracle,,,186,0.4386
beta_2,2.0,random_static_inside,oracle,oracle,,,187,0.4386
beta_2,2.0,random_static_inside,oracle,oracle,,,188,0.4386
beta_2,2.0,random_static_inside,oracle,oracle,,,189,0.4386
beta_2,2.0,random_static_inside,oracle,oracle,,,190,0.4392
beta_2,2.0,random_static_inside,oracle,oracle,,,191,0.4392
beta_2,2.0,random_static_inside,oracle,oracle,,,192,0.4392
beta_2,2.0,random_static_inside,oracle,oracle,,,193,0.4392
beta_2,2.0,random_static_inside,oracle,oracle,,,194,0.4392
beta_2,2.0,random_static_inside,oracle,oracle,,,195,0.4392
beta_2,2.0,random_static_inside,oracle,oracle,,,196,0.4392
beta_2,2.0,random_static_inside,oracle,oracle,,,197,0.4394
beta_2,2.0,random_static_inside,oracle,oracle,,,198,0.4394
beta_2,2.0,random_static_inside,oracle,oracle,,,199,0.4396
beta_2,2.0,random_static_inside,oracle,oracle,,,200,0.4396
beta_4,4.0,high_outside,static,static,,,1,0.0
beta_4,4.0,high_outside,static,static,,,2,0.0
beta_4,4.0,high_outside,static,static,,,3,0.0256
beta_4,4.0,high_outside,static,static,,,4,0.0452
beta_4,4.0,high_outside,static,static,,,5,0.0936
beta_4,4.0,high_outside,static,static,,,6,0.1428
beta_4,4.0,high_outside,static,static,,,7,0.19
beta_4,4.0,high_outside,static,static,,,8,0.2348
beta_4,4.0,high_outside,static,static,,,9,0.2752
beta_4,4.0,high_outside,static,static,,,10,0.3112
beta_4,4.0,high_outside,static,static,,,11,0.3462
beta_4,4.0,high_outside,static,static,,,12,0.3824
beta_4,4.0,high_outside,static,static,,,13,0.4142
beta_4,4.0,high_outside,static,static,,,14,0.4444
beta_4,4.0,high_outside,static,static,,,15,0.4694
beta_4,4.0,high_outside,static,static,,,16,0.4924
beta_4,4.0,high_outside,static,static,,,17,0.512
beta_4,4.0,high_outside,static,static,,,18,0.5326
beta_4,4.0,high_outside,static,static,,,19,0.5516
beta_4,4.0,high_outside,static,static,,,20,0.5694
beta_4,4.0,high_outside,static,static,,,21,0.5838
beta_4,4.0,high_outside,static,static,,,22,0.5998
beta_4,4.0,high_outside,static,static,,,23,0.6094
beta_4,4.0,high_outside,static,static,,,24,0.621
beta_4,4.0,high_outside,static,static,,,25,0.6302
beta_4,4.0,high_outside,static,static,,,26,0.6398
beta_4,4.0,high_outside,static,static,,,27,0.649
beta_4,4.0,high_outside,static,static,,,28,0.6574
beta_4,4.0,high_outside,static,static,,,29,0.6668
beta_4,4.0,high_outside,static,static,,,30,0.6758
beta_4,4.0,high_outside,static,static,,,31,0.6824
beta_4,4.0,high_outside,static,static,,,32,0.6886
beta_4,4.0,high_outside,static,static,,,33,0.696
beta_4,4.0,high_outside,static,static,,,34,0.702
beta_4,4.0,high_outside,static,static,,,35,0.7094
beta_4,4.0,high_outside,static,static,,,36,0.7158
beta_4,4.0,high_outside,static,static,,,37,0.7196
beta_4,4.0,high_outside,static,static,,,38,0.7252
beta_4,4.0,high_outside,static,static,,,39,0.7296
beta_4,4.0,high_outside,static,static,,,40,0.7336
beta_4,4.0,high_outside,static,static,,,41,0.7382
beta_4,4.0,high_outside,static,static,,,42,0.743
beta_4,4.0,high_outside,static,static,,,43,0.747
beta_4,4.0,high_outside,static,static,,,44,0.7524
beta_4,4.0,high_outside,static,static,,,45,0.7552
beta_4,4.0,high_outside,static,static,,,46,0.7592
beta_4,4.0,high_outside,static,static,,,47,0.7634
beta_4,4.0,high_outside,static,static,,,48,0.7682
beta_4,4.0,high_outside,static,static,,,49,0.7708
beta_4,4.0,high_outside,static,static,,,50,0.7746
beta_4,4.0,high_outside,static,static,,,51,0.7784
beta_4,4.0,high_outside,static,static,,,52,0.7824
beta_4,4.0,high_outside,static,static,,,53,0.786
beta_4,4.0,high_outside,static,static,,,54,0.7894
beta_4,4.0,high_outside,static,static,,,55,0.792
beta_4,4.0,high_outside,static,static,,,56,0.7948
beta_4,4.0,high_outside,static,static,,,57,0.7978
beta_4,4.0,high_outside,static,static,,,58,0.8006
beta_4,4.0,high_outside,static,static,,,59,0.803
beta_4,4.0,high_outside,static,static,,,60,0.8052
beta_4,4.0,high_outside,static,static,,,61,0.8084
beta_4,4.0,high_outside,static,static,,,62,0.81
beta_4,4.0,high_outside,static,static,,,63,0.8122
beta_4,4.0,high_outside,static,static,,,64,0.8134
beta_4,4.0,high_outside,static,static,,,65,0.8154
beta_4,4.0,high_outside,static,static,,,66,0.8172
beta_4,4.0,high_outside,static,static,,,67,0.8196
beta_4,4.0,high_outside,static,static,,,68,0.8206
beta_4,4.0,high_outside,static,static,,,69,0.8228
beta_4,4.0,high_outside,static,static,,,70,0.8252
beta_4,4.0,high_outside,static,static,,,71,0.8276
beta_4,4.0,high_outside,static,static,,,72,0.8298
beta_4,4.0,high_outside,static,static,,,73,0.8312
beta_4,4.0,high_outside,static,static,,,74,0.8326
beta_4,4.0,high_outside,static,static,,,75,0.834
beta_4,4.0,high_outside,static,static,,,76,0.8364
beta_4,4.0,high_outside,static,static,,,77,0.8378
beta_4,4.0,high_outside,static,static,,,78,0.84
beta_4,4.0,high_outside,static,static,,,79,0.8422
beta_4,4.0,high_outside,static,static,,,80,0.8448
beta_4,4.0,high_outside,static,static,,,81,0.8462
beta_4,4.0,high_outside,static,static,,,82,0.8466
beta_4,4.0,high_outside,static,static,,,83,0.848
beta_4,4.0,high_outside,static,static,,,84,0.85
beta_4,4.0,high_outside,static,static,,,85,0.8526
beta_4,4.0,high_outside,static,static,,,86,0.854
beta_4,4.0,high_outside,static,static,,,87,0.855
beta_4,4.0,high_outside,static,static,,,88,0.8562
beta_4,4.0,high_outside,static,static,,,89,0.8568
beta_4,4.0,high_outside,static,static,,,90,0.8574
beta_4,4.0,high_outside,static,static,,,91,0.858
beta_4,4.0,high_outside,static,static,,,92,0.8584
beta_4,4.0,high_outside,static,static,,,93,0.8602
beta_4,4.0,high_outside,static,static,,,94,0.8606
beta_4,4.0,high_outside,static,static,,,95,0.8624
beta_4,4.0,high_outside,static,static,,,96,0.8632
beta_4,4.0,high_outside,static,static,,,97,0.8644
beta_4,4.0,high_outside,static,static,,,98,0.8646
beta_4,4.0,high_outside,static,static,,,99,0.8656
beta_4,4.0,high_outside,static,static,,,100,0.8666
beta_4,4.0,high_outside,static,static,,,101,0.867
beta_4,4.0,high_outside,static,static,,,102,0.8676
beta_4,4.0,high_outside,static,static,,,103,0.869
beta_4,4.0,high_outside,static,static,,,104,0.8704
beta_4,4.0,high_outside,static,static,,,105,0.871
beta_4,4.0,high_outside,static,static,,,106,0.8716
beta_4,4.0,high_outside,static,static,,,107,0.872
beta_4,4.0,high_outside,static,static,,,108,0.873
beta_4,4.0,high_outside,static,static,,,109,0.8736
beta_4,4.0,high_outside,static,static,,,110,0.8736
beta_4,4.0,high_outside,static,static,,,111,0.8744
beta_4,4.0,high_outside,static,static,,,112,0.8754
beta_4,4.0,high_outside,static,static,,,113,0.877
beta_4,4.0,high_outside,static,static,,,114,0.8778
beta_4,4.0,high_outside,static,static,,,115,0.879
beta_4,4.0,high_outside,static,static,,,116,0.8802
beta_4,4.0,high_outside,static,static,,,117,0.8806
beta_4,4.0,high_outside,static,static,,,118,0.8826
beta_4,4.0,high_outside,static,static,,,119,0.8834
beta_4,4.0,high_outside,static,static,,,120,0.8838
beta_4,4.0,high_outside,static,static,,,121,0.8848
beta_4,4.0,high_outside,static,static,,,122,0.8854
beta_4,4.0,high_outside,static,static,,,123,0.8858
beta_4,4.0,high_outside,static,static,,,124,0.8868
beta_4,4.0,high_outside,static,static,,,125,0.8872
beta_4,4.0,high_outside,static,static,,,126,0.8876
beta_4,4.0,high_outside,static,static,,,127,0.888
beta_4,4.0,high_outside,static,static,,,128,0.8882
beta_4,4.0,high_outside,static,static,,,129,0.8892
beta_4,4.0,high_outside,static,static,,,130,0.8896
beta_4,4.0,high_outside,static,static,,,131,0.8896
beta_4,4.0,high_outside,static,static,,,132,0.89
beta_4,4.0,high_outside,static,static,,,133,0.891
beta_4,4.0,high_outside,static,static,,,134,0.8914
beta_4,4.0,high_outside,static,static,,,135,0.8922
beta_4,4.0,high_outside,static,static,,,136,0.8928
beta_4,4.0,high_outside,static,static,,,137,0.893
beta_4,4.0,high_outside,static,static,,,138,0.8932
beta_4,4.0,high_outside,static,static,,,139,0.8938
beta_4,4.0,high_outside,static,static,,,140,0.8938
beta_4,4.0,high_outside,static,static,,,141,0.8946
beta_4,4.0,high_outside,static,static,,,142,0.895
beta_4,4.0,high_outside,static,static,,,143,0.8954
beta_4,4.0,high_outside,static,static,,,144,0.8956
beta_4,4.0,high_outside,static,static,,,145,0.8956
beta_4,4.0,high_outside,static,static,,,146,0.8956
beta_4,4.0,high_outside,static,static,,,147,0.896
beta_4,4.0,high_outside,static,static,,,148,0.8966
beta_4,4.0,high_outside,static,static,,,149,0.897
beta_4,4.0,high_outside,static,static,,,150,0.897
beta_4,4.0,high_outside,static,static,,,151,0.8974
beta_4,4.0,high_outside,static,static,,,152,0.8978
beta_4,4.0,high_outside,static,static,,,153,0.8986
beta_4,4.0,high_outside,static,static,,,154,0.8996
beta_4,4.0,high_outside,static,static,,,155,0.8998
beta_4,4.0,high_outside,static,static,,,156,0.9
beta_4,4.0,high_outside,static,static,,,157,0.9008
beta_4,4.0,high_outside,static,static,,,158,0.9008
beta_4,4.0,high_outside,static,static,,,159,0.901
beta_4,4.0,high_outside,static,static,,,160,0.9012
beta_4,4.0,high_outside,static,static,,,161,0.9014
beta_4,4.0,high_outside,static,static,,,162,0.9014
beta_4,4.0,high_outside,static,static,,,163,0.9016
beta_4,4.0,high_outside,static,static,,,164,0.902
beta_4,4.0,high_outside,static,static,,,165,0.902
beta_4,4.0,high_outside,static,static,,,166,0.9022
beta_4,4.0,high_outside,static,static,,,167,0.903
beta_4,4.0,high_outside,static,static,,,168,0.9034
beta_4,4.0,high_outside,static,static,,,169,0.9046
beta_4,4.0,high_outside,static,static,,,170,0.9048
beta_4,4.0,high_outside,static,static,,,171,0.905
beta_4,4.0,high_outside,static,static,,,172,0.906
beta_4,4.0,high_outside,static,static,,,173,0.9062
beta_4,4.0,high_outside,static,static,,,174,0.9068
beta_4,4.0,high_outside,static,static,,,175,0.907
beta_4,4.0,high_outside,static,static,,,176,0.9072
beta_4,4.0,high_outside,static,static,,,177,0.9074
beta_4,4.0,high_outside,static,static,,,178,0.9076
beta_4,4.0,high_outside,static,static,,,179,0.9078
beta_4,4.0,high_outside,static,static,,,180,0.908
beta_4,4.0,high_outside,static,static,,,181,0.908
beta_4,4.0,high_outside,static,static,,,182,0.9082
beta_4,4.0,high_outside,static,static,,,183,0.9082
beta_4,4.0,high_outside,static,static,,,184,0.9086
beta_4,4.0,high_outside,static,static,,,185,0.9096
beta_4,4.0,high_outside,static,static,,,186,0.91
beta_4,4.0,high_outside,static,static,,,187,0.9102
beta_4,4.0,high_outside,static,static,,,188,0.9104
beta_4,4.0,high_outside,static,static,,,189,0.9106
beta_4,4.0,high_outside,static,static,,,190,0.9116
beta_4,4.0,high_outside,static,static,,,191,0.9124
beta_4,4.0,high_outside,static,static,,,192,0.913
beta_4,4.0,high_outside,static,static,,,193,0.9132
beta_4,4.0,high_outside,static,static,,,194,0.9136
beta_4,4.0,high_outside,static,static,,,195,0.9138
beta_4,4.0,high_outside,static,static,,,196,0.9142
beta_4,4.0,high_outside,static,static,,,197,0.9144
beta_4,4.0,high_outside,static,static,,,198,0.9144
beta_4,4.0,high_outside,static,static,,,199,0.9144
beta_4,4.0,high_outside,static,static,,,200,0.9144
beta_4,4.0,high_outside,primary_baseline,band_mix,0.045,,1,0.0
beta_4,4.0,high_outside,primary_baseline,band_mix,0.045,,2,0.0
beta_4,4.0,high_outside,primary_baseline,band_mix,0.045,,3,0.0
beta_4,4.0,high_outside,primary_baseline,band_mix,0.045,,4,0.0
beta_4,4.0,high_outside,primary_baseline,band_mix,0.045,,5,0.0
beta_4,4.0,high_outside,primary_baseline,band_mix,0.045,,6,0.0
beta_4,4.0,high_outside,primary_baseline,band_mix,0.045,,7,0.0
beta_4,4.0,high_outside,primary_baseline,band_mix,0.045,,8,0.0
beta_4,4.0,high_outside,primary_baseline,band_mix,0.045,,9,0.0
beta_4,4.0,high_outside,primary_baseline,band_mix,0.045,,10,0.0
beta_4,4.0,high_outside,primary_baseline,band_mix,0.045,,11,0.0
beta_4,4.0,high_outside,primary_baseline,band_mix,0.045,,12,0.0
beta_4,4.0,high_outside,primary_baseline,band_mix,0.045,,13,0.0
beta_4,4.0,high_outside,primary_baseline,band_mix,0.045,,14,0.0
beta_4,4.0,high_outside,primary_baseline,band_mix,0.045,,15,0.0
beta_4,4.0,high_outside,primary_baseline,band_mix,0.045,,16,0.0
beta_4,4.0,high_outside,primary_baseline,band_mix,0.045,,17,0.0
beta_4,4.0,high_outside,primary_baseline,band_mix,0.045,,18,0.0
beta_4,4.0,high_outside,primary_baseline,band_mix,0.045,,19,0.0
beta_4,4.0,high_outside,primary_baseline,band_mix,0.045,,20,0.0
beta_4,4.0,high_outside,primary_baseline,band_mix,0.045,,21,0.0
beta_4,4.0,high_outside,primary_baseline,band_mix,0.045,,22,0.0
beta_4,4.0,high_outside,primary_baseline,band_mix,0.045,,23,0.0
beta_4,4.0,high_outside,primary_baseline,band_mix,0.045,,24,0.0
beta_4,4.0,high_outside,primary_baseline,band_mix,0.045,,25,0.0
beta_4,4.0,high_outside,primary_baseline,band_mix,0.045,,26,0.0
beta_4,4.0,high_outside,primary_baseline,band_mix,0.045,,27,0.0
beta_4,4.0,high_outside,primary_baseline,band_mix,0.045,,28,0.0
beta_4,4.0,high_outside,primary_baseline,band_mix,0.045,,29,0.0
beta_4,4.0,high_outside,primary_baseline,band_mix,0.045,,30,0.0006
beta_4,4.0,high_outside,primary_baseline,band_mix,0.045,,31,0.001
beta_4,4.0,high_outside,primary_baseline,band_mix,0.045,,32,0.0014
beta_4,4.0,high_outside,primary_baseline,band_mix,0.045,,33,0.002
beta_4,4.0,high_outside,primary_baseline,band_mix,0.045,,34,0.0026
beta_4,4.0,high_outside,primary_baseline,band_mix,0.045,,35,0.0028
beta_4,4.0,high_outside,primary_baseline,band_mix,0.045,,36,0.003
beta_4,4.0,high_outside,primary_baseline,band_mix,0.045,,37,0.003
beta_4,4.0,high_outside,primary_baseline,band_mix,0.045,,38,0.0038
beta_4,4.0,high_outside,primary_baseline,band_mix,0.045,,39,0.004
beta_4,4.0,high_outside,primary_baseline,band_mix,0.045,,40,0.0044
beta_4,4.0,high_outside,primary_baseline,band_mix,0.045,,41,0.0052
beta_4,4.0,high_outside,primary_baseline,band_mix,0.045,,42,0.0056
beta_4,4.0,high_outside,primary_baseline,band_mix,0.045,,43,0.0068
beta_4,4.0,high_outside,primary_baseline,band_mix,0.045,,44,0.0078
beta_4,4.0,high_outside,primary_baseline,band_mix,0.045,,45,0.0084
beta_4,4.0,high_outside,primary_baseline,band_mix,0.045,,46,0.0102
beta_4,4.0,high_outside,primary_baseline,band_mix,0.045,,47,0.0112
beta_4,4.0,high_outside,primary_baseline,band_mix,0.045,,48,0.0122
beta_4,4.0,high_outside,primary_baseline,band_mix,0.045,,49,0.0128
beta_4,4.0,high_outside,primary_baseline,band_mix,0.045,,50,0.0132
beta_4,4.0,high_outside,primary_baseline,band_mix,0.045,,51,0.0144
beta_4,4.0,high_outside,primary_baseline,band_mix,0.045,,52,0.0158
beta_4,4.0,high_outside,primary_baseline,band_mix,0.045,,53,0.0166
beta_4,4.0,high_outside,primary_baseline,band_mix,0.045,,54,0.0176
beta_4,4.0,high_outside,primary_baseline,band_mix,0.045,,55,0.0186
beta_4,4.0,high_outside,primary_baseline,band_mix,0.045,,56,0.019
beta_4,4.0,high_outside,primary_baseline,band_mix,0.045,,57,0.0196
beta_4,4.0,high_outside,primary_baseline,band_mix,0.045,,58,0.0204
beta_4,4.0,high_outside,primary_baseline,band_mix,0.045,,59,0.0222
beta_4,4.0,high_outside,primary_baseline,band_mix,0.045,,60,0.023
beta_4,4.0,high_outside,primary_baseline,band_mix,0.045,,61,0.0238
beta_4,4.0,high_outside,primary_baseline,band_mix,0.045,,62,0.0248
beta_4,4.0,high_outside,primary_baseline,band_mix,0.045,,63,0.0256
beta_4,4.0,high_outside,primary_baseline,band_mix,0.045,,64,0.0266
beta_4,4.0,high_outside,primary_baseline,band_mix,0.045,,65,0.0284
beta_4,4.0,high_outside,primary_baseline,band_mix,0.045,,66,0.0292
beta_4,4.0,high_outside,primary_baseline,band_mix,0.045,,67,0.031
beta_4,4.0,high_outside,primary_baseline,band_mix,0.045,,68,0.032
beta_4,4.0,high_outside,primary_baseline,band_mix,0.045,,69,0.0332
beta_4,4.0,high_outside,primary_baseline,band_mix,0.045,,70,0.0348
beta_4,4.0,high_outside,primary_baseline,band_mix,0.045,,71,0.0362
beta_4,4.0,high_outside,primary_baseline,band_mix,0.045,,72,0.0366
beta_4,4.0,high_outside,primary_baseline,band_mix,0.045,,73,0.0374
beta_4,4.0,high_outside,primary_baseline,band_mix,0.045,,74,0.0378
beta_4,4.0,high_outside,primary_baseline,band_mix,0.045,,75,0.0386
beta_4,4.0,high_outside,primary_baseline,band_mix,0.045,,76,0.0396
beta_4,4.0,high_outside,primary_baseline,band_mix,0.045,,77,0.0404
beta_4,4.0,high_outside,primary_baseline,band_mix,0.045,,78,0.0416
beta_4,4.0,high_outside,primary_baseline,band_mix,0.045,,79,0.0422
beta_4,4.0,high_outside,primary_baseline,band_mix,0.045,,80,0.043
beta_4,4.0,high_outside,primary_baseline,band_mix,0.045,,81,0.044
beta_4,4.0,high_outside,primary_baseline,band_mix,0.045,,82,0.0452
beta_4,4.0,high_outside,primary_baseline,band_mix,0.045,,83,0.0458
beta_4,4.0,high_outside,primary_baseline,band_mix,0.045,,84,0.0462
beta_4,4.0,high_outside,primary_baseline,band_mix,0.045,,85,0.0464
beta_4,4.0,high_outside,primary_baseline,band_mix,0.045,,86,0.0476
beta_4,4.0,high_outside,primary_baseline,band_mix,0.045,,87,0.0478
beta_4,4.0,high_outside,primary_baseline,band_mix,0.045,,88,0.0482
beta_4,4.0,high_outside,primary_baseline,band_mix,0.045,,89,0.0492
beta_4,4.0,high_outside,primary_baseline,band_mix,0.045,,90,0.051
beta_4,4.0,high_outside,primary_baseline,band_mix,0.045,,91,0.052
beta_4,4.0,high_outside,primary_baseline,band_mix,0.045,,92,0.0526
beta_4,4.0,high_outside,primary_baseline,band_mix,0.045,,93,0.0538
beta_4,4.0,high_outside,primary_baseline,band_mix,0.045,,94,0.0548
beta_4,4.0,high_outside,primary_baseline,band_mix,0.045,,95,0.0558
beta_4,4.0,high_outside,primary_baseline,band_mix,0.045,,96,0.0566
beta_4,4.0,high_outside,primary_baseline,band_mix,0.045,,97,0.058
beta_4,4.0,high_outside,primary_baseline,band_mix,0.045,,98,0.059
beta_4,4.0,high_outside,primary_baseline,band_mix,0.045,,99,0.0598
beta_4,4.0,high_outside,primary_baseline,band_mix,0.045,,100,0.0604
beta_4,4.0,high_outside,primary_baseline,band_mix,0.045,,101,0.062
beta_4,4.0,high_outside,primary_baseline,band_mix,0.045,,102,0.0632
beta_4,4.0,high_outside,primary_baseline,band_mix,0.045,,103,0.0634
beta_4,4.0,high_outside,primary_baseline,band_mix,0.045,,104,0.0642
beta_4,4.0,high_outside,primary_baseline,band_mix,0.045,,105,0.065
beta_4,4.0,high_outside,primary_baseline,band_mix,0.045,,106,0.0652
beta_4,4.0,high_outside,primary_baseline,band_mix,0.045,,107,0.066
beta_4,4.0,high_outside,primary_baseline,band_mix,0.045,,108,0.0666
beta_4,4.0,high_outside,primary_baseline,band_mix,0.045,,109,0.0676
beta_4,4.0,high_outside,primary_baseline,band_mix,0.045,,110,0.0692
beta_4,4.0,high_outside,primary_baseline,band_mix,0.045,,111,0.07
beta_4,4.0,high_outside,primary_baseline,band_mix,0.045,,112,0.0704
beta_4,4.0,high_outside,primary_baseline,band_mix,0.045,,113,0.0706
beta_4,4.0,high_outside,primary_baseline,band_mix,0.045,,114,0.071
beta_4,4.0,high_outside,primary_baseline,band_mix,0.045,,115,0.0718
beta_4,4.0,high_outside,primary_baseline,band_mix,0.045,,116,0.0724
beta_4,4.0,high_outside,primary_baseline,band_mix,0.045,,117,0.0732
beta_4,4.0,high_outside,primary_baseline,band_mix,0.045,,118,0.0742
beta_4,4.0,high_outside,primary_baseline,band_mix,0.045,,119,0.0754
beta_4,4.0,high_outside,primary_baseline,band_mix,0.045,,120,0.076
beta_4,4.0,high_outside,primary_baseline,band_mix,0.045,,121,0.0762
beta_4,4.0,high_outside,primary_baseline,band_mix,0.045,,122,0.077
beta_4,4.0,high_outside,primary_baseline,band_mix,0.045,,123,0.0774
beta_4,4.0,high_outside,primary_baseline,band_mix,0.045,,124,0.078
beta_4,4.0,high_outside,primary_baseline,band_mix,0.045,,125,0.0784
beta_4,4.0,high_outside,primary_baseline,band_mix,0.045,,126,0.0794
beta_4,4.0,high_outside,primary_baseline,band_mix,0.045,,127,0.0796
beta_4,4.0,high_outside,primary_baseline,band_mix,0.045,,128,0.0802
beta_4,4.0,high_outside,primary_baseline,band_mix,0.045,,129,0.0802
beta_4,4.0,high_outside,primary_baseline,band_mix,0.045,,130,0.0814
beta_4,4.0,high_outside,primary_baseline,band_mix,0.045,,131,0.0818
beta_4,4.0,high_outside,primary_baseline,band_mix,0.045,,132,0.0822
beta_4,4.0,high_outside,primary_baseline,band_mix,0.045,,133,0.0836
beta_4,4.0,high_outside,primary_baseline,band_mix,0.045,,134,0.0842
beta_4,4.0,high_outside,primary_baseline,band_mix,0.045,,135,0.085
beta_4,4.0,high_outside,primary_baseline,band_mix,0.045,,136,0.0852
beta_4,4.0,high_outside,primary_baseline,band_mix,0.045,,137,0.0858
beta_4,4.0,high_outside,primary_baseline,band_mix,0.045,,138,0.0858
beta_4,4.0,high_outside,primary_baseline,band_mix,0.045,,139,0.0862
beta_4,4.0,high_outside,primary_baseline,band_mix,0.045,,140,0.0878
beta_4,4.0,high_outside,primary_baseline,band_mix,0.045,,141,0.0886
beta_4,4.0,high_outside,primary_baseline,band_mix,0.045,,142,0.0896
beta_4,4.0,high_outside,primary_baseline,band_mix,0.045,,143,0.0902
beta_4,4.0,high_outside,primary_baseline,band_mix,0.045,,144,0.0908
beta_4,4.0,high_outside,primary_baseline,band_mix,0.045,,145,0.091
beta_4,4.0,high_outside,primary_baseline,band_mix,0.045,,146,0.0914
beta_4,4.0,high_outside,primary_baseline,band_mix,0.045,,147,0.092
beta_4,4.0,high_outside,primary_baseline,band_mix,0.045,,148,0.0922
beta_4,4.0,high_outside,primary_baseline,band_mix,0.045,,149,0.0924
beta_4,4.0,high_outside,primary_baseline,band_mix,0.045,,150,0.0936
beta_4,4.0,high_outside,primary_baseline,band_mix,0.045,,151,0.0942
beta_4,4.0,high_outside,primary_baseline,band_mix,0.045,,152,0.0954
beta_4,4.0,high_outside,primary_baseline,band_mix,0.045,,153,0.0958
beta_4,4.0,high_outside,primary_baseline,band_mix,0.045,,154,0.0974
beta_4,4.0,high_outside,primary_baseline,band_mix,0.045,,155,0.098
beta_4,4.0,high_outside,primary_baseline,band_mix,0.045,,156,0.0986
beta_4,4.0,high_outside,primary_baseline,band_mix,0.045,,157,0.0988
beta_4,4.0,high_outside,primary_baseline,band_mix,0.045,,158,0.0992
beta_4,4.0,high_outside,primary_baseline,band_mix,0.045,,159,0.0996
beta_4,4.0,high_outside,primary_baseline,band_mix,0.045,,160,0.0998
beta_4,4.0,high_outside,primary_baseline,band_mix,0.045,,161,0.1
beta_4,4.0,high_outside,primary_baseline,band_mix,0.045,,162,0.1006
beta_4,4.0,high_outside,primary_baseline,band_mix,0.045,,163,0.1014
beta_4,4.0,high_outside,primary_baseline,band_mix,0.045,,164,0.1026
beta_4,4.0,high_outside,primary_baseline,band_mix,0.045,,165,0.103
beta_4,4.0,high_outside,primary_baseline,band_mix,0.045,,166,0.1036
beta_4,4.0,high_outside,primary_baseline,band_mix,0.045,,167,0.104
beta_4,4.0,high_outside,primary_baseline,band_mix,0.045,,168,0.1048
beta_4,4.0,high_outside,primary_baseline,band_mix,0.045,,169,0.1052
beta_4,4.0,high_outside,primary_baseline,band_mix,0.045,,170,0.1056
beta_4,4.0,high_outside,primary_baseline,band_mix,0.045,,171,0.106
beta_4,4.0,high_outside,primary_baseline,band_mix,0.045,,172,0.1062
beta_4,4.0,high_outside,primary_baseline,band_mix,0.045,,173,0.1074
beta_4,4.0,high_outside,primary_baseline,band_mix,0.045,,174,0.1078
beta_4,4.0,high_outside,primary_baseline,band_mix,0.045,,175,0.1082
beta_4,4.0,high_outside,primary_baseline,band_mix,0.045,,176,0.1086
beta_4,4.0,high_outside,primary_baseline,band_mix,0.045,,177,0.1086
beta_4,4.0,high_outside,primary_baseline,band_mix,0.045,,178,0.1086
beta_4,4.0,high_outside,primary_baseline,band_mix,0.045,,179,0.1086
beta_4,4.0,high_outside,primary_baseline,band_mix,0.045,,180,0.1086
beta_4,4.0,high_outside,primary_baseline,band_mix,0.045,,181,0.1086
beta_4,4.0,high_outside,primary_baseline,band_mix,0.045,,182,0.1086
beta_4,4.0,high_outside,primary_baseline,band_mix,0.045,,183,0.1096
beta_4,4.0,high_outside,primary_baseline,band_mix,0.045,,184,0.11
beta_4,4.0,high_outside,primary_baseline,band_mix,0.045,,185,0.1106
beta_4,4.0,high_outside,primary_baseline,band_mix,0.045,,186,0.111
beta_4,4.0,high_outside,primary_baseline,band_mix,0.045,,187,0.1112
beta_4,4.0,high_outside,primary_baseline,band_mix,0.045,,188,0.1116
beta_4,4.0,high_outside,primary_baseline,band_mix,0.045,,189,0.1118
beta_4,4.0,high_outside,primary_baseline,band_mix,0.045,,190,0.1118
beta_4,4.0,high_outside,primary_baseline,band_mix,0.045,,191,0.1122
beta_4,4.0,high_outside,primary_baseline,band_mix,0.045,,192,0.1124
beta_4,4.0,high_outside,primary_baseline,band_mix,0.045,,193,0.1128
beta_4,4.0,high_outside,primary_baseline,band_mix,0.045,,194,0.114
beta_4,4.0,high_outside,primary_baseline,band_mix,0.045,,195,0.114
beta_4,4.0,high_outside,primary_baseline,band_mix,0.045,,196,0.1144
beta_4,4.0,high_outside,primary_baseline,band_mix,0.045,,197,0.1146
beta_4,4.0,high_outside,primary_baseline,band_mix,0.045,,198,0.115
beta_4,4.0,high_outside,primary_baseline,band_mix,0.045,,199,0.1152
beta_4,4.0,high_outside,primary_baseline,band_mix,0.045,,200,0.1152
beta_4,4.0,high_outside,best_grid_T200,band_mix,0.045,,1,0.0
beta_4,4.0,high_outside,best_grid_T200,band_mix,0.045,,2,0.0
beta_4,4.0,high_outside,best_grid_T200,band_mix,0.045,,3,0.0
beta_4,4.0,high_outside,best_grid_T200,band_mix,0.045,,4,0.0
beta_4,4.0,high_outside,best_grid_T200,band_mix,0.045,,5,0.0
beta_4,4.0,high_outside,best_grid_T200,band_mix,0.045,,6,0.0
beta_4,4.0,high_outside,best_grid_T200,band_mix,0.045,,7,0.0
beta_4,4.0,high_outside,best_grid_T200,band_mix,0.045,,8,0.0
beta_4,4.0,high_outside,best_grid_T200,band_mix,0.045,,9,0.0
beta_4,4.0,high_outside,best_grid_T200,band_mix,0.045,,10,0.0
beta_4,4.0,high_outside,best_grid_T200,band_mix,0.045,,11,0.0
beta_4,4.0,high_outside,best_grid_T200,band_mix,0.045,,12,0.0
beta_4,4.0,high_outside,best_grid_T200,band_mix,0.045,,13,0.0
beta_4,4.0,high_outside,best_grid_T200,band_mix,0.045,,14,0.0
beta_4,4.0,high_outside,best_grid_T200,band_mix,0.045,,15,0.0
beta_4,4.0,high_outside,best_grid_T200,band_mix,0.045,,16,0.0
beta_4,4.0,high_outside,best_grid_T200,band_mix,0.045,,17,0.0
beta_4,4.0,high_outside,best_grid_T200,band_mix,0.045,,18,0.0
beta_4,4.0,high_outside,best_grid_T200,band_mix,0.045,,19,0.0
beta_4,4.0,high_outside,best_grid_T200,band_mix,0.045,,20,0.0
beta_4,4.0,high_outside,best_grid_T200,band_mix,0.045,,21,0.0
beta_4,4.0,high_outside,best_grid_T200,band_mix,0.045,,22,0.0
beta_4,4.0,high_outside,best_grid_T200,band_mix,0.045,,23,0.0
beta_4,4.0,high_outside,best_grid_T200,band_mix,0.045,,24,0.0
beta_4,4.0,high_outside,best_grid_T200,band_mix,0.045,,25,0.0
beta_4,4.0,high_outside,best_grid_T200,band_mix,0.045,,26,0.0
beta_4,4.0,high_outside,best_grid_T200,band_mix,0.045,,27,0.0
beta_4,4.0,high_outside,best_grid_T200,band_mix,0.045,,28,0.0
beta_4,4.0,high_outside,best_grid_T200,band_mix,0.045,,29,0.0
beta_4,4.0,high_outside,best_grid_T200,band_mix,0.045,,30,0.0006
beta_4,4.0,high_outside,best_grid_T200,band_mix,0.045,,31,0.001
beta_4,4.0,high_outside,best_grid_T200,band_mix,0.045,,32,0.0014
beta_4,4.0,high_outside,best_grid_T200,band_mix,0.045,,33,0.002
beta_4,4.0,high_outside,best_grid_T200,band_mix,0.045,,34,0.0026
beta_4,4.0,high_outside,best_grid_T200,band_mix,0.045,,35,0.0028
beta_4,4.0,high_outside,best_grid_T200,band_mix,0.045,,36,0.003
beta_4,4.0,high_outside,best_grid_T200,band_mix,0.045,,37,0.003
beta_4,4.0,high_outside,best_grid_T200,band_mix,0.045,,38,0.0038
beta_4,4.0,high_outside,best_grid_T200,band_mix,0.045,,39,0.004
beta_4,4.0,high_outside,best_grid_T200,band_mix,0.045,,40,0.0044
beta_4,4.0,high_outside,best_grid_T200,band_mix,0.045,,41,0.0052
beta_4,4.0,high_outside,best_grid_T200,band_mix,0.045,,42,0.0056
beta_4,4.0,high_outside,best_grid_T200,band_mix,0.045,,43,0.0068
beta_4,4.0,high_outside,best_grid_T200,band_mix,0.045,,44,0.0078
beta_4,4.0,high_outside,best_grid_T200,band_mix,0.045,,45,0.0084
beta_4,4.0,high_outside,best_grid_T200,band_mix,0.045,,46,0.0102
beta_4,4.0,high_outside,best_grid_T200,band_mix,0.045,,47,0.0112
beta_4,4.0,high_outside,best_grid_T200,band_mix,0.045,,48,0.0122
beta_4,4.0,high_outside,best_grid_T200,band_mix,0.045,,49,0.0128
beta_4,4.0,high_outside,best_grid_T200,band_mix,0.045,,50,0.0132
beta_4,4.0,high_outside,best_grid_T200,band_mix,0.045,,51,0.0144
beta_4,4.0,high_outside,best_grid_T200,band_mix,0.045,,52,0.0158
beta_4,4.0,high_outside,best_grid_T200,band_mix,0.045,,53,0.0166
beta_4,4.0,high_outside,best_grid_T200,band_mix,0.045,,54,0.0176
beta_4,4.0,high_outside,best_grid_T200,band_mix,0.045,,55,0.0186
beta_4,4.0,high_outside,best_grid_T200,band_mix,0.045,,56,0.019
beta_4,4.0,high_outside,best_grid_T200,band_mix,0.045,,57,0.0196
beta_4,4.0,high_outside,best_grid_T200,band_mix,0.045,,58,0.0204
beta_4,4.0,high_outside,best_grid_T200,band_mix,0.045,,59,0.0222
beta_4,4.0,high_outside,best_grid_T200,band_mix,0.045,,60,0.023
beta_4,4.0,high_outside,best_grid_T200,band_mix,0.045,,61,0.0238
beta_4,4.0,high_outside,best_grid_T200,band_mix,0.045,,62,0.0248
beta_4,4.0,high_outside,best_grid_T200,band_mix,0.045,,63,0.0256
beta_4,4.0,high_outside,best_grid_T200,band_mix,0.045,,64,0.0266
beta_4,4.0,high_outside,best_grid_T200,band_mix,0.045,,65,0.0284
beta_4,4.0,high_outside,best_grid_T200,band_mix,0.045,,66,0.0292
beta_4,4.0,high_outside,best_grid_T200,band_mix,0.045,,67,0.031
beta_4,4.0,high_outside,best_grid_T200,band_mix,0.045,,68,0.032
beta_4,4.0,high_outside,best_grid_T200,band_mix,0.045,,69,0.0332
beta_4,4.0,high_outside,best_grid_T200,band_mix,0.045,,70,0.0348
beta_4,4.0,high_outside,best_grid_T200,band_mix,0.045,,71,0.0362
beta_4,4.0,high_outside,best_grid_T200,band_mix,0.045,,72,0.0366
beta_4,4.0,high_outside,best_grid_T200,band_mix,0.045,,73,0.0374
beta_4,4.0,high_outside,best_grid_T200,band_mix,0.045,,74,0.0378
beta_4,4.0,high_outside,best_grid_T200,band_mix,0.045,,75,0.0386
beta_4,4.0,high_outside,best_grid_T200,band_mix,0.045,,76,0.0396
beta_4,4.0,high_outside,best_grid_T200,band_mix,0.045,,77,0.0404
beta_4,4.0,high_outside,best_grid_T200,band_mix,0.045,,78,0.0416
beta_4,4.0,high_outside,best_grid_T200,band_mix,0.045,,79,0.0422
beta_4,4.0,high_outside,best_grid_T200,band_mix,0.045,,80,0.043
beta_4,4.0,high_outside,best_grid_T200,band_mix,0.045,,81,0.044
beta_4,4.0,high_outside,best_grid_T200,band_mix,0.045,,82,0.0452
beta_4,4.0,high_outside,best_grid_T200,band_mix,0.045,,83,0.0458
beta_4,4.0,high_outside,best_grid_T200,band_mix,0.045,,84,0.0462
beta_4,4.0,high_outside,best_grid_T200,band_mix,0.045,,85,0.0464
beta_4,4.0,high_outside,best_grid_T200,band_mix,0.045,,86,0.0476
beta_4,4.0,high_outside,best_grid_T200,band_mix,0.045,,87,0.0478
beta_4,4.0,high_outside,best_grid_T200,band_mix,0.045,,88,0.0482
beta_4,4.0,high_outside,best_grid_T200,band_mix,0.045,,89,0.0492
beta_4,4.0,high_outside,best_grid_T200,band_mix,0.045,,90,0.051
beta_4,4.0,high_outside,best_grid_T200,band_mix,0.045,,91,0.052
beta_4,4.0,high_outside,best_grid_T200,band_mix,0.045,,92,0.0526
beta_4,4.0,high_outside,best_grid_T200,band_mix,0.045,,93,0.0538
beta_4,4.0,high_outside,best_grid_T200,band_mix,0.045,,94,0.0548
beta_4,4.0,high_outside,best_grid_T200,band_mix,0.045,,95,0.0558
beta_4,4.0,high_outside,best_grid_T200,band_mix,0.045,,96,0.0566
beta_4,4.0,high_outside,best_grid_T200,band_mix,0.045,,97,0.058
beta_4,4.0,high_outside,best_grid_T200,band_mix,0.045,,98,0.059
beta_4,4.0,high_outside,best_grid_T200,band_mix,0.045,,99,0.0598
beta_4,4.0,high_outside,best_grid_T200,band_mix,0.045,,100,0.0604
beta_4,4.0,high_outside,best_grid_T200,band_mix,0.045,,101,0.062
beta_4,4.0,high_outside,best_grid_T200,band_mix,0.045,,102,0.0632
beta_4,4.0,high_outside,best_grid_T200,band_mix,0.045,,103,0.0634
beta_4,4.0,high_outside,best_grid_T200,band_mix,0.045,,104,0.0642
beta_4,4.0,high_outside,best_grid_T200,band_mix,0.045,,105,0.065
beta_4,4.0,high_outside,best_grid_T200,band_mix,0.045,,106,0.0652
beta_4,4.0,high_outside,best_grid_T200,band_mix,0.045,,107,0.066
beta_4,4.0,high_outside,best_grid_T200,band_mix,0.045,,108,0.0666
beta_4,4.0,high_outside,best_grid_T200,band_mix,0.045,,109,0.0676
beta_4,4.0,high_outside,best_grid_T200,band_mix,0.045,,110,0.0692
beta_4,4.0,high_outside,best_grid_T200,band_mix,0.045,,111,0.07
beta_4,4.0,high_outside,best_grid_T200,band_mix,0.045,,112,0.0704
beta_4,4.0,high_outside,best_grid_T200,band_mix,0.045,,113,0.0706
beta_4,4.0,high_outside,best_grid_T200,band_mix,0.045,,114,0.071
beta_4,4.0,high_outside,best_grid_T200,band_mix,0.045,,115,0.0718
beta_4,4.0,high_outside,best_grid_T200,band_mix,0.045,,116,0.0724
beta_4,4.0,high_outside,best_grid_T200,band_mix,0.045,,117,0.0732
beta_4,4.0,high_outside,best_grid_T200,band_mix,0.045,,118,0.0742
beta_4,4.0,high_outside,best_grid_T200,band_mix,0.045,,119,0.0754
beta_4,4.0,high_outside,best_grid_T200,band_mix,0.045,,120,0.076
beta_4,4.0,high_outside,best_grid_T200,band_mix,0.045,,121,0.0762
beta_4,4.0,high_outside,best_grid_T200,band_mix,0.045,,122,0.077
beta_4,4.0,high_outside,best_grid_T200,band_mix,0.045,,123,0.0774
beta_4,4.0,high_outside,best_grid_T200,band_mix,0.045,,124,0.078
beta_4,4.0,high_outside,best_grid_T200,band_mix,0.045,,125,0.0784
beta_4,4.0,high_outside,best_grid_T200,band_mix,0.045,,126,0.0794
beta_4,4.0,high_outside,best_grid_T200,band_mix,0.045,,127,0.0796
beta_4,4.0,high_outside,best_grid_T200,band_mix,0.045,,128,0.0802
beta_4,4.0,high_outside,best_grid_T200,band_mix,0.045,,129,0.0802
beta_4,4.0,high_outside,best_grid_T200,band_mix,0.045,,130,0.0814
beta_4,4.0,high_outside,best_grid_T200,band_mix,0.045,,131,0.0818
beta_4,4.0,high_outside,best_grid_T200,band_mix,0.045,,132,0.0822
beta_4,4.0,high_outside,best_grid_T200,band_mix,0.045,,133,0.0836
beta_4,4.0,high_outside,best_grid_T200,band_mix,0.045,,134,0.0842
beta_4,4.0,high_outside,best_grid_T200,band_mix,0.045,,135,0.085
beta_4,4.0,high_outside,best_grid_T200,band_mix,0.045,,136,0.0852
beta_4,4.0,high_outside,best_grid_T200,band_mix,0.045,,137,0.0858
beta_4,4.0,high_outside,best_grid_T200,band_mix,0.045,,138,0.0858
beta_4,4.0,high_outside,best_grid_T200,band_mix,0.045,,139,0.0862
beta_4,4.0,high_outside,best_grid_T200,band_mix,0.045,,140,0.0878
beta_4,4.0,high_outside,best_grid_T200,band_mix,0.045,,141,0.0886
beta_4,4.0,high_outside,best_grid_T200,band_mix,0.045,,142,0.0896
beta_4,4.0,high_outside,best_grid_T200,band_mix,0.045,,143,0.0902
beta_4,4.0,high_outside,best_grid_T200,band_mix,0.045,,144,0.0908
beta_4,4.0,high_outside,best_grid_T200,band_mix,0.045,,145,0.091
beta_4,4.0,high_outside,best_grid_T200,band_mix,0.045,,146,0.0914
beta_4,4.0,high_outside,best_grid_T200,band_mix,0.045,,147,0.092
beta_4,4.0,high_outside,best_grid_T200,band_mix,0.045,,148,0.0922
beta_4,4.0,high_outside,best_grid_T200,band_mix,0.045,,149,0.0924
beta_4,4.0,high_outside,best_grid_T200,band_mix,0.045,,150,0.0936
beta_4,4.0,high_outside,best_grid_T200,band_mix,0.045,,151,0.0942
beta_4,4.0,high_outside,best_grid_T200,band_mix,0.045,,152,0.0954
beta_4,4.0,high_outside,best_grid_T200,band_mix,0.045,,153,0.0958
beta_4,4.0,high_outside,best_grid_T200,band_mix,0.045,,154,0.0974
beta_4,4.0,high_outside,best_grid_T200,band_mix,0.045,,155,0.098
beta_4,4.0,high_outside,best_grid_T200,band_mix,0.045,,156,0.0986
beta_4,4.0,high_outside,best_grid_T200,band_mix,0.045,,157,0.0988
beta_4,4.0,high_outside,best_grid_T200,band_mix,0.045,,158,0.0992
beta_4,4.0,high_outside,best_grid_T200,band_mix,0.045,,159,0.0996
beta_4,4.0,high_outside,best_grid_T200,band_mix,0.045,,160,0.0998
beta_4,4.0,high_outside,best_grid_T200,band_mix,0.045,,161,0.1
beta_4,4.0,high_outside,best_grid_T200,band_mix,0.045,,162,0.1006
beta_4,4.0,high_outside,best_grid_T200,band_mix,0.045,,163,0.1014
beta_4,4.0,high_outside,best_grid_T200,band_mix,0.045,,164,0.1026
beta_4,4.0,high_outside,best_grid_T200,band_mix,0.045,,165,0.103
beta_4,4.0,high_outside,best_grid_T200,band_mix,0.045,,166,0.1036
beta_4,4.0,high_outside,best_grid_T200,band_mix,0.045,,167,0.104
beta_4,4.0,high_outside,best_grid_T200,band_mix,0.045,,168,0.1048
beta_4,4.0,high_outside,best_grid_T200,band_mix,0.045,,169,0.1052
beta_4,4.0,high_outside,best_grid_T200,band_mix,0.045,,170,0.1056
beta_4,4.0,high_outside,best_grid_T200,band_mix,0.045,,171,0.106
beta_4,4.0,high_outside,best_grid_T200,band_mix,0.045,,172,0.1062
beta_4,4.0,high_outside,best_grid_T200,band_mix,0.045,,173,0.1074
beta_4,4.0,high_outside,best_grid_T200,band_mix,0.045,,174,0.1078
beta_4,4.0,high_outside,best_grid_T200,band_mix,0.045,,175,0.1082
beta_4,4.0,high_outside,best_grid_T200,band_mix,0.045,,176,0.1086
beta_4,4.0,high_outside,best_grid_T200,band_mix,0.045,,177,0.1086
beta_4,4.0,high_outside,best_grid_T200,band_mix,0.045,,178,0.1086
beta_4,4.0,high_outside,best_grid_T200,band_mix,0.045,,179,0.1086
beta_4,4.0,high_outside,best_grid_T200,band_mix,0.045,,180,0.1086
beta_4,4.0,high_outside,best_grid_T200,band_mix,0.045,,181,0.1086
beta_4,4.0,high_outside,best_grid_T200,band_mix,0.045,,182,0.1086
beta_4,4.0,high_outside,best_grid_T200,band_mix,0.045,,183,0.1096
beta_4,4.0,high_outside,best_grid_T200,band_mix,0.045,,184,0.11
beta_4,4.0,high_outside,best_grid_T200,band_mix,0.045,,185,0.1106
beta_4,4.0,high_outside,best_grid_T200,band_mix,0.045,,186,0.111
beta_4,4.0,high_outside,best_grid_T200,band_mix,0.045,,187,0.1112
beta_4,4.0,high_outside,best_grid_T200,band_mix,0.045,,188,0.1116
beta_4,4.0,high_outside,best_grid_T200,band_mix,0.045,,189,0.1118
beta_4,4.0,high_outside,best_grid_T200,band_mix,0.045,,190,0.1118
beta_4,4.0,high_outside,best_grid_T200,band_mix,0.045,,191,0.1122
beta_4,4.0,high_outside,best_grid_T200,band_mix,0.045,,192,0.1124
beta_4,4.0,high_outside,best_grid_T200,band_mix,0.045,,193,0.1128
beta_4,4.0,high_outside,best_grid_T200,band_mix,0.045,,194,0.114
beta_4,4.0,high_outside,best_grid_T200,band_mix,0.045,,195,0.114
beta_4,4.0,high_outside,best_grid_T200,band_mix,0.045,,196,0.1144
beta_4,4.0,high_outside,best_grid_T200,band_mix,0.045,,197,0.1146
beta_4,4.0,high_outside,best_grid_T200,band_mix,0.045,,198,0.115
beta_4,4.0,high_outside,best_grid_T200,band_mix,0.045,,199,0.1152
beta_4,4.0,high_outside,best_grid_T200,band_mix,0.045,,200,0.1152
beta_4,4.0,high_outside,oracle,oracle,,,1,0.0
beta_4,4.0,high_outside,oracle,oracle,,,2,0.0
beta_4,4.0,high_outside,oracle,oracle,,,3,0.065
beta_4,4.0,high_outside,oracle,oracle,,,4,0.1638
beta_4,4.0,high_outside,oracle,oracle,,,5,0.268
beta_4,4.0,high_outside,oracle,oracle,,,6,0.3634
beta_4,4.0,high_outside,oracle,oracle,,,7,0.4454
beta_4,4.0,high_outside,oracle,oracle,,,8,0.5138
beta_4,4.0,high_outside,oracle,oracle,,,9,0.5722
beta_4,4.0,high_outside,oracle,oracle,,,10,0.6228
beta_4,4.0,high_outside,oracle,oracle,,,11,0.6642
beta_4,4.0,high_outside,oracle,oracle,,,12,0.7024
beta_4,4.0,high_outside,oracle,oracle,,,13,0.7326
beta_4,4.0,high_outside,oracle,oracle,,,14,0.7644
beta_4,4.0,high_outside,oracle,oracle,,,15,0.791
beta_4,4.0,high_outside,oracle,oracle,,,16,0.8096
beta_4,4.0,high_outside,oracle,oracle,,,17,0.8268
beta_4,4.0,high_outside,oracle,oracle,,,18,0.8406
beta_4,4.0,high_outside,oracle,oracle,,,19,0.8516
beta_4,4.0,high_outside,oracle,oracle,,,20,0.8622
beta_4,4.0,high_outside,oracle,oracle,,,21,0.873
beta_4,4.0,high_outside,oracle,oracle,,,22,0.8796
beta_4,4.0,high_outside,oracle,oracle,,,23,0.8848
beta_4,4.0,high_outside,oracle,oracle,,,24,0.891
beta_4,4.0,high_outside,oracle,oracle,,,25,0.8972
beta_4,4.0,high_outside,oracle,oracle,,,26,0.9008
beta_4,4.0,high_outside,oracle,oracle,,,27,0.9052
beta_4,4.0,high_outside,oracle,oracle,,,28,0.9104
beta_4,4.0,high_outside,oracle,oracle,,,29,0.9132
beta_4,4.0,high_outside,oracle,oracle,,,30,0.9174
beta_4,4.0,high_outside,oracle,oracle,,,31,0.9214
beta_4,4.0,high_outside,oracle,oracle,,,32,0.9242
beta_4,4.0,high_outside,oracle,oracle,,,33,0.9262
beta_4,4.0,high_outside,oracle,oracle,,,34,0.9288
beta_4,4.0,high_outside,oracle,oracle,,,35,0.9312
beta_4,4.0,high_outside,oracle,oracle,,,36,0.9334
beta_4,4.0,high_outside,oracle,oracle,,,37,0.9346
beta_4,4.0,high_outside,oracle,oracle,,,38,0.9362
beta_4,4.0,high_outside,oracle,oracle,,,39,0.9378
beta_4,4.0,high_outside,oracle,oracle,,,40,0.939
beta_4,4.0,high_outside,oracle,oracle,,,41,0.9404
beta_4,4.0,high_outside,oracle,oracle,,,42,0.9414
beta_4,4.0,high_outside,oracle,oracle,,,43,0.9424
beta_4,4.0,high_outside,oracle,oracle,,,44,0.9434
beta_4,4.0,high_outside,oracle,oracle,,,45,0.9452
beta_4,4.0,high_outside,oracle,oracle,,,46,0.946
beta_4,4.0,high_outside,oracle,oracle,,,47,0.9474
beta_4,4.0,high_outside,oracle,oracle,,,48,0.9484
beta_4,4.0,high_outside,oracle,oracle,,,49,0.9498
beta_4,4.0,high_outside,oracle,oracle,,,50,0.9498
beta_4,4.0,high_outside,oracle,oracle,,,51,0.9514
beta_4,4.0,high_outside,oracle,oracle,,,52,0.9522
beta_4,4.0,high_outside,oracle,oracle,,,53,0.9526
beta_4,4.0,high_outside,oracle,oracle,,,54,0.9542
beta_4,4.0,high_outside,oracle,oracle,,,55,0.955
beta_4,4.0,high_outside,oracle,oracle,,,56,0.9564
beta_4,4.0,high_outside,oracle,oracle,,,57,0.9564
beta_4,4.0,high_outside,oracle,oracle,,,58,0.9574
beta_4,4.0,high_outside,oracle,oracle,,,59,0.9576
beta_4,4.0,high_outside,oracle,oracle,,,60,0.9578
beta_4,4.0,high_outside,oracle,oracle,,,61,0.9586
beta_4,4.0,high_outside,oracle,oracle,,,62,0.959
beta_4,4.0,high_outside,oracle,oracle,,,63,0.9592
beta_4,4.0,high_outside,oracle,oracle,,,64,0.96
beta_4,4.0,high_outside,oracle,oracle,,,65,0.9612
beta_4,4.0,high_outside,oracle,oracle,,,66,0.9618
beta_4,4.0,high_outside,oracle,oracle,,,67,0.9624
beta_4,4.0,high_outside,oracle,oracle,,,68,0.9626
beta_4,4.0,high_outside,oracle,oracle,,,69,0.9636
beta_4,4.0,high_outside,oracle,oracle,,,70,0.9638
beta_4,4.0,high_outside,oracle,oracle,,,71,0.964
beta_4,4.0,high_outside,oracle,oracle,,,72,0.9642
beta_4,4.0,high_outside,oracle,oracle,,,73,0.9642
beta_4,4.0,high_outside,oracle,oracle,,,74,0.9646
beta_4,4.0,high_outside,oracle,oracle,,,75,0.9654
beta_4,4.0,high_outside,oracle,oracle,,,76,0.9656
beta_4,4.0,high_outside,oracle,oracle,,,77,0.9662
beta_4,4.0,high_outside,oracle,oracle,,,78,0.9664
beta_4,4.0,high_outside,oracle,oracle,,,79,0.967
beta_4,4.0,high_outside,oracle,oracle,,,80,0.967
beta_4,4.0,high_outside,oracle,oracle,,,81,0.9672
beta_4,4.0,high_outside,oracle,oracle,,,82,0.9678
beta_4,4.0,high_outside,oracle,oracle,,,83,0.9678
beta_4,4.0,high_outside,oracle,oracle,,,84,0.9678
beta_4,4.0,high_outside,oracle,oracle,,,85,0.968
beta_4,4.0,high_outside,oracle,oracle,,,86,0.968
beta_4,4.0,high_outside,oracle,oracle,,,87,0.9682
beta_4,4.0,high_outside,oracle,oracle,,,88,0.9688
beta_4,4.0,high_outside,oracle,oracle,,,89,0.9692
beta_4,4.0,high_outside,oracle,oracle,,,90,0.9694
beta_4,4.0,high_outside,oracle,oracle,,,91,0.97
beta_4,4.0,high_outside,oracle,oracle,,,92,0.97
beta_4,4.0,high_outside,oracle,oracle,,,93,0.97
beta_4,4.0,high_outside,oracle,oracle,,,94,0.97
beta_4,4.0,high_outside,oracle,oracle,,,95,0.97
beta_4,4.0,high_outside,oracle,oracle,,,96,0.9702
beta_4,4.0,high_outside,oracle,oracle,,,97,0.9704
beta_4,4.0,high_outside,oracle,oracle,,,98,0.9704
beta_4,4.0,high_outside,oracle,oracle,,,99,0.9708
beta_4,4.0,high_outside,oracle,oracle,,,100,0.9708
beta_4,4.0,high_outside,oracle,oracle,,,101,0.9708
beta_4,4.0,high_outside,oracle,oracle,,,102,0.9708
beta_4,4.0,high_outside,oracle,oracle,,,103,0.9708
beta_4,4.0,high_outside,oracle,oracle,,,104,0.9712
beta_4,4.0,high_outside,oracle,oracle,,,105,0.9712
beta_4,4.0,high_outside,oracle,oracle,,,106,0.9716
beta_4,4.0,high_outside,oracle,oracle,,,107,0.9718
beta_4,4.0,high_outside,oracle,oracle,,,108,0.972
beta_4,4.0,high_outside,oracle,oracle,,,109,0.972
beta_4,4.0,high_outside,oracle,oracle,,,110,0.972
beta_4,4.0,high_outside,oracle,oracle,,,111,0.9722
beta_4,4.0,high_outside,oracle,oracle,,,112,0.9726
beta_4,4.0,high_outside,oracle,oracle,,,113,0.9728
beta_4,4.0,high_outside,oracle,oracle,,,114,0.9728
beta_4,4.0,high_outside,oracle,oracle,,,115,0.9728
beta_4,4.0,high_outside,oracle,oracle,,,116,0.973
beta_4,4.0,high_outside,oracle,oracle,,,117,0.973
beta_4,4.0,high_outside,oracle,oracle,,,118,0.973
beta_4,4.0,high_outside,oracle,oracle,,,119,0.9732
beta_4,4.0,high_outside,oracle,oracle,,,120,0.9732
beta_4,4.0,high_outside,oracle,oracle,,,121,0.9734
beta_4,4.0,high_outside,oracle,oracle,,,122,0.9734
beta_4,4.0,high_outside,oracle,oracle,,,123,0.9734
beta_4,4.0,high_outside,oracle,oracle,,,124,0.9736
beta_4,4.0,high_outside,oracle,oracle,,,125,0.9736
beta_4,4.0,high_outside,oracle,oracle,,,126,0.9738
beta_4,4.0,high_outside,oracle,oracle,,,127,0.9738
beta_4,4.0,high_outside,oracle,oracle,,,128,0.9738
beta_4,4.0,high_outside,oracle,oracle,,,129,0.9738
beta_4,4.0,high_outside,oracle,oracle,,,130,0.9738
beta_4,4.0,high_outside,oracle,oracle,,,131,0.974
beta_4,4.0,high_outside,oracle,oracle,,,132,0.9742
beta_4,4.0,high_outside,oracle,oracle,,,133,0.9744
beta_4,4.0,high_outside,oracle,oracle,,,134,0.9744
beta_4,4.0,high_outside,oracle,oracle,,,135,0.9744
beta_4,4.0,high_outside,oracle,oracle,,,136,0.9744
beta_4,4.0,high_outside,oracle,oracle,,,137,0.9746
beta_4,4.0,high_outside,oracle,oracle,,,138,0.9748
beta_4,4.0,high_outside,oracle,oracle,,,139,0.9752
beta_4,4.0,high_outside,oracle,oracle,,,140,0.9756
beta_4,4.0,high_outside,oracle,oracle,,,141,0.9756
beta_4,4.0,high_outside,oracle,oracle,,,142,0.9758
beta_4,4.0,high_outside,oracle,oracle,,,143,0.9758
beta_4,4.0,high_outside,oracle,oracle,,,144,0.9758
beta_4,4.0,high_outside,oracle,oracle,,,145,0.976
beta_4,4.0,high_outside,oracle,oracle,,,146,0.9762
beta_4,4.0,high_outside,oracle,oracle,,,147,0.9766
beta_4,4.0,high_outside,oracle,oracle,,,148,0.9768
beta_4,4.0,high_outside,oracle,oracle,,,149,0.977
beta_4,4.0,high_outside,oracle,oracle,,,150,0.9772
beta_4,4.0,high_outside,oracle,oracle,,,151,0.9774
beta_4,4.0,high_outside,oracle,oracle,,,152,0.9774
beta_4,4.0,high_outside,oracle,oracle,,,153,0.9774
beta_4,4.0,high_outside,oracle,oracle,,,154,0.9774
beta_4,4.0,high_outside,oracle,oracle,,,155,0.9776
beta_4,4.0,high_outside,oracle,oracle,,,156,0.9776
beta_4,4.0,high_outside,oracle,oracle,,,157,0.9776
beta_4,4.0,high_outside,oracle,oracle,,,158,0.9776
beta_4,4.0,high_outside,oracle,oracle,,,159,0.9778
beta_4,4.0,high_outside,oracle,oracle,,,160,0.978
beta_4,4.0,high_outside,oracle,oracle,,,161,0.978
beta_4,4.0,high_outside,oracle,oracle,,,162,0.9782
beta_4,4.0,high_outside,oracle,oracle,,,163,0.9782
beta_4,4.0,high_outside,oracle,oracle,,,164,0.9782
beta_4,4.0,high_outside,oracle,oracle,,,165,0.9782
beta_4,4.0,high_outside,oracle,oracle,,,166,0.9782
beta_4,4.0,high_outside,oracle,oracle,,,167,0.9782
beta_4,4.0,high_outside,oracle,oracle,,,168,0.9782
beta_4,4.0,high_outside,oracle,oracle,,,169,0.9784
beta_4,4.0,high_outside,oracle,oracle,,,170,0.9792
beta_4,4.0,high_outside,oracle,oracle,,,171,0.9792
beta_4,4.0,high_outside,oracle,oracle,,,172,0.9792
beta_4,4.0,high_outside,oracle,oracle,,,173,0.9794
beta_4,4.0,high_outside,oracle,oracle,,,174,0.9794
beta_4,4.0,high_outside,oracle,oracle,,,175,0.9794
beta_4,4.0,high_outside,oracle,oracle,,,176,0.9794
beta_4,4.0,high_outside,oracle,oracle,,,177,0.9794
beta_4,4.0,high_outside,oracle,oracle,,,178,0.9794
beta_4,4.0,high_outside,oracle,oracle,,,179,0.9794
beta_4,4.0,high_outside,oracle,oracle,,,180,0.9794
beta_4,4.0,high_outside,oracle,oracle,,,181,0.9796
beta_4,4.0,high_outside,oracle,oracle,,,182,0.9796
beta_4,4.0,high_outside,oracle,oracle,,,183,0.9798
beta_4,4.0,high_outside,oracle,oracle,,,184,0.9798
beta_4,4.0,high_outside,oracle,oracle,,,185,0.9798
beta_4,4.0,high_outside,oracle,oracle,,,186,0.9798
beta_4,4.0,high_outside,oracle,oracle,,,187,0.98
beta_4,4.0,high_outside,oracle,oracle,,,188,0.9804
beta_4,4.0,high_outside,oracle,oracle,,,189,0.9804
beta_4,4.0,high_outside,oracle,oracle,,,190,0.9804
beta_4,4.0,high_outside,oracle,oracle,,,191,0.9804
beta_4,4.0,high_outside,oracle,oracle,,,192,0.9804
beta_4,4.0,high_outside,oracle,oracle,,,193,0.9806
beta_4,4.0,high_outside,oracle,oracle,,,194,0.9806
beta_4,4.0,high_outside,oracle,oracle,,,195,0.9806
beta_4,4.0,high_outside,oracle,oracle,,,196,0.9806
beta_4,4.0,high_outside,oracle,oracle,,,197,0.9808
beta_4,4.0,high_outside,oracle,oracle,,,198,0.9808
beta_4,4.0,high_outside,oracle,oracle,,,199,0.981
beta_4,4.0,high_outside,oracle,oracle,,,200,0.981
beta_4,4.0,upper_inside,static,static,,,1,0.0
beta_4,4.0,upper_inside,static,static,,,2,0.0
beta_4,4.0,upper_inside,static,static,,,3,0.0302
beta_4,4.0,upper_inside,static,static,,,4,0.0838
beta_4,4.0,upper_inside,static,static,,,5,0.1454
beta_4,4.0,upper_inside,static,static,,,6,0.2078
beta_4,4.0,upper_inside,static,static,,,7,0.2646
beta_4,4.0,upper_inside,static,static,,,8,0.3146
beta_4,4.0,upper_inside,static,static,,,9,0.3592
beta_4,4.0,upper_inside,static,static,,,10,0.4052
beta_4,4.0,upper_inside,static,static,,,11,0.4418
beta_4,4.0,upper_inside,static,static,,,12,0.4788
beta_4,4.0,upper_inside,static,static,,,13,0.508
beta_4,4.0,upper_inside,static,static,,,14,0.537
beta_4,4.0,upper_inside,static,static,,,15,0.5582
beta_4,4.0,upper_inside,static,static,,,16,0.5794
beta_4,4.0,upper_inside,static,static,,,17,0.6046
beta_4,4.0,upper_inside,static,static,,,18,0.624
beta_4,4.0,upper_inside,static,static,,,19,0.638
beta_4,4.0,upper_inside,static,static,,,20,0.651
beta_4,4.0,upper_inside,static,static,,,21,0.664
beta_4,4.0,upper_inside,static,static,,,22,0.6756
beta_4,4.0,upper_inside,static,static,,,23,0.6874
beta_4,4.0,upper_inside,static,static,,,24,0.6956
beta_4,4.0,upper_inside,static,static,,,25,0.704
beta_4,4.0,upper_inside,static,static,,,26,0.7142
beta_4,4.0,upper_inside,static,static,,,27,0.7226
beta_4,4.0,upper_inside,static,static,,,28,0.7298
beta_4,4.0,upper_inside,static,static,,,29,0.7374
beta_4,4.0,upper_inside,static,static,,,30,0.744
beta_4,4.0,upper_inside,static,static,,,31,0.7482
beta_4,4.0,upper_inside,static,static,,,32,0.7534
beta_4,4.0,upper_inside,static,static,,,33,0.7586
beta_4,4.0,upper_inside,static,static,,,34,0.7632
beta_4,4.0,upper_inside,static,static,,,35,0.7686
beta_4,4.0,upper_inside,static,static,,,36,0.7732
beta_4,4.0,upper_inside,static,static,,,37,0.7764
beta_4,4.0,upper_inside,static,static,,,38,0.7788
beta_4,4.0,upper_inside,static,static,,,39,0.7828
beta_4,4.0,upper_inside,static,static,,,40,0.7856
beta_4,4.0,upper_inside,static,static,,,41,0.7884
beta_4,4.0,upper_inside,static,static,,,42,0.7908
beta_4,4.0,upper_inside,static,static,,,43,0.7936
beta_4,4.0,upper_inside,static,static,,,44,0.7958
beta_4,4.0,upper_inside,static,static,,,45,0.798
beta_4,4.0,upper_inside,static,static,,,46,0.8014
beta_4,4.0,upper_inside,static,static,,,47,0.8038
beta_4,4.0,upper_inside,static,static,,,48,0.805
beta_4,4.0,upper_inside,static,static,,,49,0.8066
beta_4,4.0,upper_inside,static,static,,,50,0.8094
beta_4,4.0,upper_inside,static,static,,,51,0.8112
beta_4,4.0,upper_inside,static,static,,,52,0.812
beta_4,4.0,upper_inside,static,static,,,53,0.8138
beta_4,4.0,upper_inside,static,static,,,54,0.8156
beta_4,4.0,upper_inside,static,static,,,55,0.8178
beta_4,4.0,upper_inside,static,static,,,56,0.8192
beta_4,4.0,upper_inside,static,static,,,57,0.8206
beta_4,4.0,upper_inside,static,static,,,58,0.8212
beta_4,4.0,upper_inside,static,static,,,59,0.8224
beta_4,4.0,upper_inside,static,static,,,60,0.8232
beta_4,4.0,upper_inside,static,static,,,61,0.825
beta_4,4.0,upper_inside,static,static,,,62,0.8256
beta_4,4.0,upper_inside,static,static,,,63,0.828
beta_4,4.0,upper_inside,static,static,,,64,0.8286
beta_4,4.0,upper_inside,static,static,,,65,0.8298
beta_4,4.0,upper_inside,static,static,,,66,0.8304
beta_4,4.0,upper_inside,static,static,,,67,0.8324
beta_4,4.0,upper_inside,static,static,,,68,0.833
beta_4,4.0,upper_inside,static,static,,,69,0.8336
beta_4,4.0,upper_inside,static,static,,,70,0.8346
beta_4,4.0,upper_inside,static,static,,,71,0.8362
beta_4,4.0,upper_inside,static,static,,,72,0.8374
beta_4,4.0,upper_inside,static,static,,,73,0.838
beta_4,4.0,upper_inside,static,static,,,74,0.839
beta_4,4.0,upper_inside,static,static,,,75,0.8402
beta_4,4.0,upper_inside,static,static,,,76,0.8414
beta_4,4.0,upper_inside,static,static,,,77,0.8416
beta_4,4.0,upper_inside,static,static,,,78,0.8432
beta_4,4.0,upper_inside,static,static,,,79,0.8442
beta_4,4.0,upper_inside,static,static,,,80,0.8446
beta_4,4.0,upper_inside,static,static,,,81,0.8456
beta_4,4.0,upper_inside,static,static,,,82,0.8458
beta_4,4.0,upper_inside,static,static,,,83,0.847
beta_4,4.0,upper_inside,static,static,,,84,0.848
beta_4,4.0,upper_inside,static,static,,,85,0.8492
beta_4,4.0,upper_inside,static,static,,,86,0.8496
beta_4,4.0,upper_inside,static,static,,,87,0.8498
beta_4,4.0,upper_inside,static,static,,,88,0.8498
beta_4,4.0,upper_inside,static,static,,,89,0.8502
beta_4,4.0,upper_inside,static,static,,,90,0.8512
beta_4,4.0,upper_inside,static,static,,,91,0.8522
beta_4,4.0,upper_inside,static,static,,,92,0.8532
beta_4,4.0,upper_inside,static,static,,,93,0.854
beta_4,4.0,upper_inside,static,static,,,94,0.8544
beta_4,4.0,upper_inside,static,static,,,95,0.8554
beta_4,4.0,upper_inside,static,static,,,96,0.8556
beta_4,4.0,upper_inside,static,static,,,97,0.8562
beta_4,4.0,upper_inside,static,static,,,98,0.8566
beta_4,4.0,upper_inside,static,static,,,99,0.8568
beta_4,4.0,upper_inside,static,static,,,100,0.857
beta_4,4.0,upper_inside,static,static,,,101,0.858
beta_4,4.0,upper_inside,static,static,,,102,0.859
beta_4,4.0,upper_inside,static,static,,,103,0.8596
beta_4,4.0,upper_inside,static,static,,,104,0.8598
beta_4,4.0,upper_inside,static,static,,,105,0.8602
beta_4,4.0,upper_inside,static,static,,,106,0.8612
beta_4,4.0,upper_inside,static,static,,,107,0.8624
beta_4,4.0,upper_inside,static,static,,,108,0.8634
beta_4,4.0,upper_inside,static,static,,,109,0.8638
beta_4,4.0,upper_inside,static,static,,,110,0.8638
beta_4,4.0,upper_inside,static,static,,,111,0.8642
beta_4,4.0,upper_inside,static,static,,,112,0.8646
beta_4,4.0,upper_inside,static,static,,,113,0.8648
beta_4,4.0,upper_inside,static,static,,,114,0.865
beta_4,4.0,upper_inside,static,static,,,115,0.8652
beta_4,4.0,upper_inside,static,static,,,116,0.8656
beta_4,4.0,upper_inside,static,static,,,117,0.8658
beta_4,4.0,upper_inside,static,static,,,118,0.8666
beta_4,4.0,upper_inside,static,static,,,119,0.8668
beta_4,4.0,upper_inside,static,static,,,120,0.8672
beta_4,4.0,upper_inside,static,static,,,121,0.8676
beta_4,4.0,upper_inside,static,static,,,122,0.8682
beta_4,4.0,upper_inside,static,static,,,123,0.8686
beta_4,4.0,upper_inside,static,static,,,124,0.8692
beta_4,4.0,upper_inside,static,static,,,125,0.8698
beta_4,4.0,upper_inside,static,static,,,126,0.8704
beta_4,4.0,upper_inside,static,static,,,127,0.8706
beta_4,4.0,upper_inside,static,static,,,128,0.8714
beta_4,4.0,upper_inside,static,static,,,129,0.8716
beta_4,4.0,upper_inside,static,static,,,130,0.8724
beta_4,4.0,upper_inside,static,static,,,131,0.8728
beta_4,4.0,upper_inside,static,static,,,132,0.873
beta_4,4.0,upper_inside,static,static,,,133,0.8734
beta_4,4.0,upper_inside,static,static,,,134,0.8734
beta_4,4.0,upper_inside,static,static,,,135,0.8734
beta_4,4.0,upper_inside,static,static,,,136,0.874
beta_4,4.0,upper_inside,static,static,,,137,0.8746
beta_4,4.0,upper_inside,static,static,,,138,0.875
beta_4,4.0,upper_inside,static,static,,,139,0.8754
beta_4,4.0,upper_inside,static,static,,,140,0.8756
beta_4,4.0,upper_inside,static,static,,,141,0.876
beta_4,4.0,upper_inside,static,static,,,142,0.8762
beta_4,4.0,upper_inside,static,static,,,143,0.8764
beta_4,4.0,upper_inside,static,static,,,144,0.8764
beta_4,4.0,upper_inside,static,static,,,145,0.8766
beta_4,4.0,upper_inside,static,static,,,146,0.8772
beta_4,4.0,upper_inside,static,static,,,147,0.8774
beta_4,4.0,upper_inside,static,static,,,148,0.8776
beta_4,4.0,upper_inside,static,static,,,149,0.8776
beta_4,4.0,upper_inside,static,static,,,150,0.8776
beta_4,4.0,upper_inside,static,static,,,151,0.8778
beta_4,4.0,upper_inside,static,static,,,152,0.878
beta_4,4.0,upper_inside,static,static,,,153,0.878
beta_4,4.0,upper_inside,static,static,,,154,0.878
beta_4,4.0,upper_inside,static,static,,,155,0.8784
beta_4,4.0,upper_inside,static,static,,,156,0.8784
beta_4,4.0,upper_inside,static,static,,,157,0.8788
beta_4,4.0,upper_inside,static,static,,,158,0.8792
beta_4,4.0,upper_inside,static,static,,,159,0.8792
beta_4,4.0,upper_inside,static,static,,,160,0.8796
beta_4,4.0,upper_inside,static,static,,,161,0.8798
beta_4,4.0,upper_inside,static,static,,,162,0.8802
beta_4,4.0,upper_inside,static,static,,,163,0.8806
beta_4,4.0,upper_inside,static,static,,,164,0.8806
beta_4,4.0,upper_inside,static,static,,,165,0.8808
beta_4,4.0,upper_inside,static,static,,,166,0.8812
beta_4,4.0,upper_inside,static,static,,,167,0.8818
beta_4,4.0,upper_inside,static,static,,,168,0.8822
beta_4,4.0,upper_inside,static,static,,,169,0.8824
beta_4,4.0,upper_inside,static,static,,,170,0.8826
beta_4,4.0,upper_inside,static,static,,,171,0.883
beta_4,4.0,upper_inside,static,static,,,172,0.8832
beta_4,4.0,upper_inside,static,static,,,173,0.8832
beta_4,4.0,upper_inside,static,static,,,174,0.8832
beta_4,4.0,upper_inside,static,static,,,175,0.8838
beta_4,4.0,upper_inside,static,static,,,176,0.884
beta_4,4.0,upper_inside,static,static,,,177,0.884
beta_4,4.0,upper_inside,static,static,,,178,0.884
beta_4,4.0,upper_inside,static,static,,,179,0.8846
beta_4,4.0,upper_inside,static,static,,,180,0.8846
beta_4,4.0,upper_inside,static,static,,,181,0.8848
beta_4,4.0,upper_inside,static,static,,,182,0.8852
beta_4,4.0,upper_inside,static,static,,,183,0.8852
beta_4,4.0,upper_inside,static,static,,,184,0.8856
beta_4,4.0,upper_inside,static,static,,,185,0.8862
beta_4,4.0,upper_inside,static,static,,,186,0.8862
beta_4,4.0,upper_inside,static,static,,,187,0.8868
beta_4,4.0,upper_inside,static,static,,,188,0.8868
beta_4,4.0,upper_inside,static,static,,,189,0.8868
beta_4,4.0,upper_inside,static,static,,,190,0.887
beta_4,4.0,upper_inside,static,static,,,191,0.8872
beta_4,4.0,upper_inside,static,static,,,192,0.8878
beta_4,4.0,upper_inside,static,static,,,193,0.888
beta_4,4.0,upper_inside,static,static,,,194,0.888
beta_4,4.0,upper_inside,static,static,,,195,0.8882
beta_4,4.0,upper_inside,static,static,,,196,0.8884
beta_4,4.0,upper_inside,static,static,,,197,0.889
beta_4,4.0,upper_inside,static,static,,,198,0.8892
beta_4,4.0,upper_inside,static,static,,,199,0.8892
beta_4,4.0,upper_inside,static,static,,,200,0.8894
beta_4,4.0,upper_inside,primary_baseline,band_mix,0.045,,1,0.0
beta_4,4.0,upper_inside,primary_baseline,band_mix,0.045,,2,0.0
beta_4,4.0,upper_inside,primary_baseline,band_mix,0.045,,3,0.0
beta_4,4.0,upper_inside,primary_baseline,band_mix,0.045,,4,0.0
beta_4,4.0,upper_inside,primary_baseline,band_mix,0.045,,5,0.0
beta_4,4.0,upper_inside,primary_baseline,band_mix,0.045,,6,0.0
beta_4,4.0,upper_inside,primary_baseline,band_mix,0.045,,7,0.0
beta_4,4.0,upper_inside,primary_baseline,band_mix,0.045,,8,0.0
beta_4,4.0,upper_inside,primary_baseline,band_mix,0.045,,9,0.0
beta_4,4.0,upper_inside,primary_baseline,band_mix,0.045,,10,0.0
beta_4,4.0,upper_inside,primary_baseline,band_mix,0.045,,11,0.0
beta_4,4.0,upper_inside,primary_baseline,band_mix,0.045,,12,0.0
beta_4,4.0,upper_inside,primary_baseline,band_mix,0.045,,13,0.0
beta_4,4.0,upper_inside,primary_baseline,band_mix,0.045,,14,0.0
beta_4,4.0,upper_inside,primary_baseline,band_mix,0.045,,15,0.0
beta_4,4.0,upper_inside,primary_baseline,band_mix,0.045,,16,0.0
beta_4,4.0,upper_inside,primary_baseline,band_mix,0.045,,17,0.0
beta_4,4.0,upper_inside,primary_baseline,band_mix,0.045,,18,0.0
beta_4,4.0,upper_inside,primary_baseline,band_mix,0.045,,19,0.0
beta_4,4.0,upper_inside,primary_baseline,band_mix,0.045,,20,0.0
beta_4,4.0,upper_inside,primary_baseline,band_mix,0.045,,21,0.0002
beta_4,4.0,upper_inside,primary_baseline,band_mix,0.045,,22,0.0002
beta_4,4.0,upper_inside,primary_baseline,band_mix,0.045,,23,0.0004
beta_4,4.0,upper_inside,primary_baseline,band_mix,0.045,,24,0.0008
beta_4,4.0,upper_inside,primary_baseline,band_mix,0.045,,25,0.0012
beta_4,4.0,upper_inside,primary_baseline,band_mix,0.045,,26,0.0016
beta_4,4.0,upper_inside,primary_baseline,band_mix,0.045,,27,0.002
beta_4,4.0,upper_inside,primary_baseline,band_mix,0.045,,28,0.0032
beta_4,4.0,upper_inside,primary_baseline,band_mix,0.045,,29,0.004
beta_4,4.0,upper_inside,primary_baseline,band_mix,0.045,,30,0.0046
beta_4,4.0,upper_inside,primary_baseline,band_mix,0.045,,31,0.0052
beta_4,4.0,upper_inside,primary_baseline,band_mix,0.045,,32,0.006
beta_4,4.0,upper_inside,primary_baseline,band_mix,0.045,,33,0.0068
beta_4,4.0,upper_inside,primary_baseline,band_mix,0.045,,34,0.008
beta_4,4.0,upper_inside,primary_baseline,band_mix,0.045,,35,0.009
beta_4,4.0,upper_inside,primary_baseline,band_mix,0.045,,36,0.011
beta_4,4.0,upper_inside,primary_baseline,band_mix,0.045,,37,0.0126
beta_4,4.0,upper_inside,primary_baseline,band_mix,0.045,,38,0.0144
beta_4,4.0,upper_inside,primary_baseline,band_mix,0.045,,39,0.0166
beta_4,4.0,upper_inside,primary_baseline,band_mix,0.045,,40,0.0184
beta_4,4.0,upper_inside,primary_baseline,band_mix,0.045,,41,0.02
beta_4,4.0,upper_inside,primary_baseline,band_mix,0.045,,42,0.0218
beta_4,4.0,upper_inside,primary_baseline,band_mix,0.045,,43,0.0236
beta_4,4.0,upper_inside,primary_baseline,band_mix,0.045,,44,0.0256
beta_4,4.0,upper_inside,primary_baseline,band_mix,0.045,,45,0.0276
beta_4,4.0,upper_inside,primary_baseline,band_mix,0.045,,46,0.0288
beta_4,4.0,upper_inside,primary_baseline,band_mix,0.045,,47,0.03
beta_4,4.0,upper_inside,primary_baseline,band_mix,0.045,,48,0.032
beta_4,4.0,upper_inside,primary_baseline,band_mix,0.045,,49,0.0336
beta_4,4.0,upper_inside,primary_baseline,band_mix,0.045,,50,0.0362
beta_4,4.0,upper_inside,primary_baseline,band_mix,0.045,,51,0.0384
beta_4,4.0,upper_inside,primary_baseline,band_mix,0.045,,52,0.0406
beta_4,4.0,upper_inside,primary_baseline,band_mix,0.045,,53,0.0428
beta_4,4.0,upper_inside,primary_baseline,band_mix,0.045,,54,0.0446
beta_4,4.0,upper_inside,primary_baseline,band_mix,0.045,,55,0.0464
beta_4,4.0,upper_inside,primary_baseline,band_mix,0.045,,56,0.0488
beta_4,4.0,upper_inside,primary_baseline,band_mix,0.045,,57,0.0494
beta_4,4.0,upper_inside,primary_baseline,band_mix,0.045,,58,0.0512
beta_4,4.0,upper_inside,primary_baseline,band_mix,0.045,,59,0.0532
beta_4,4.0,upper_inside,primary_baseline,band_mix,0.045,,60,0.0546
beta_4,4.0,upper_inside,primary_baseline,band_mix,0.045,,61,0.058
beta_4,4.0,upper_inside,primary_baseline,band_mix,0.045,,62,0.0598
beta_4,4.0,upper_inside,primary_baseline,band_mix,0.045,,63,0.0626
beta_4,4.0,upper_inside,primary_baseline,band_mix,0.045,,64,0.0638
beta_4,4.0,upper_inside,primary_baseline,band_mix,0.045,,65,0.0654
beta_4,4.0,upper_inside,primary_baseline,band_mix,0.045,,66,0.0676
beta_4,4.0,upper_inside,primary_baseline,band_mix,0.045,,67,0.0696
beta_4,4.0,upper_inside,primary_baseline,band_mix,0.045,,68,0.0712
beta_4,4.0,upper_inside,primary_baseline,band_mix,0.045,,69,0.0722
beta_4,4.0,upper_inside,primary_baseline,band_mix,0.045,,70,0.0742
beta_4,4.0,upper_inside,primary_baseline,band_mix,0.045,,71,0.0762
beta_4,4.0,upper_inside,primary_baseline,band_mix,0.045,,72,0.0786
beta_4,4.0,upper_inside,primary_baseline,band_mix,0.045,,73,0.0804
beta_4,4.0,upper_inside,primary_baseline,band_mix,0.045,,74,0.0826
beta_4,4.0,upper_inside,primary_baseline,band_mix,0.045,,75,0.0848
beta_4,4.0,upper_inside,primary_baseline,band_mix,0.045,,76,0.0862
beta_4,4.0,upper_inside,primary_baseline,band_mix,0.045,,77,0.0878
beta_4,4.0,upper_inside,primary_baseline,band_mix,0.045,,78,0.0884
beta_4,4.0,upper_inside,primary_baseline,band_mix,0.045,,79,0.0906
beta_4,4.0,upper_inside,primary_baseline,band_mix,0.045,,80,0.0918
beta_4,4.0,upper_inside,primary_baseline,band_mix,0.045,,81,0.0944
beta_4,4.0,upper_inside,primary_baseline,band_mix,0.045,,82,0.0966
beta_4,4.0,upper_inside,primary_baseline,band_mix,0.045,,83,0.0992
beta_4,4.0,upper_inside,primary_baseline,band_mix,0.045,,84,0.1002
beta_4,4.0,upper_inside,primary_baseline,band_mix,0.045,,85,0.1008
beta_4,4.0,upper_inside,primary_baseline,band_mix,0.045,,86,0.1028
beta_4,4.0,upper_inside,primary_baseline,band_mix,0.045,,87,0.1036
beta_4,4.0,upper_inside,primary_baseline,band_mix,0.045,,88,0.1048
beta_4,4.0,upper_inside,primary_baseline,band_mix,0.045,,89,0.1066
beta_4,4.0,upper_inside,primary_baseline,band_mix,0.045,,90,0.1094
beta_4,4.0,upper_inside,primary_baseline,band_mix,0.045,,91,0.11
beta_4,4.0,upper_inside,primary_baseline,band_mix,0.045,,92,0.1118
beta_4,4.0,upper_inside,primary_baseline,band_mix,0.045,,93,0.1142
beta_4,4.0,upper_inside,primary_baseline,band_mix,0.045,,94,0.1162
beta_4,4.0,upper_inside,primary_baseline,band_mix,0.045,,95,0.1176
beta_4,4.0,upper_inside,primary_baseline,band_mix,0.045,,96,0.1184
beta_4,4.0,upper_inside,primary_baseline,band_mix,0.045,,97,0.12
beta_4,4.0,upper_inside,primary_baseline,band_mix,0.045,,98,0.1212
beta_4,4.0,upper_inside,primary_baseline,band_mix,0.045,,99,0.122
beta_4,4.0,upper_inside,primary_baseline,band_mix,0.045,,100,0.1236
beta_4,4.0,upper_inside,primary_baseline,band_mix,0.045,,101,0.1256
beta_4,4.0,upper_inside,primary_baseline,band_mix,0.045,,102,0.1262
beta_4,4.0,upper_inside,primary_baseline,band_mix,0.045,,103,0.1278
beta_4,4.0,upper_inside,primary_baseline,band_mix,0.045,,104,0.1292
beta_4,4.0,upper_inside,primary_baseline,band_mix,0.045,,105,0.1304
beta_4,4.0,upper_inside,primary_baseline,band_mix,0.045,,106,0.1316
beta_4,4.0,upper_inside,primary_baseline,band_mix,0.045,,107,0.1326
beta_4,4.0,upper_inside,primary_baseline,band_mix,0.045,,108,0.1334
beta_4,4.0,upper_inside,primary_baseline,band_mix,0.045,,109,0.1346
beta_4,4.0,upper_inside,primary_baseline,band_mix,0.045,,110,0.1362
beta_4,4.0,upper_inside,primary_baseline,band_mix,0.045,,111,0.1372
beta_4,4.0,upper_inside,primary_baseline,band_mix,0.045,,112,0.1378
beta_4,4.0,upper_inside,primary_baseline,band_mix,0.045,,113,0.139
beta_4,4.0,upper_inside,primary_baseline,band_mix,0.045,,114,0.14
beta_4,4.0,upper_inside,primary_baseline,band_mix,0.045,,115,0.1412
beta_4,4.0,upper_inside,primary_baseline,band_mix,0.045,,116,0.142
beta_4,4.0,upper_inside,primary_baseline,band_mix,0.045,,117,0.1438
beta_4,4.0,upper_inside,primary_baseline,band_mix,0.045,,118,0.1458
beta_4,4.0,upper_inside,primary_baseline,band_mix,0.045,,119,0.1472
beta_4,4.0,upper_inside,primary_baseline,band_mix,0.045,,120,0.1484
beta_4,4.0,upper_inside,primary_baseline,band_mix,0.045,,121,0.1494
beta_4,4.0,upper_inside,primary_baseline,band_mix,0.045,,122,0.151
beta_4,4.0,upper_inside,primary_baseline,band_mix,0.045,,123,0.1522
beta_4,4.0,upper_inside,primary_baseline,band_mix,0.045,,124,0.153
beta_4,4.0,upper_inside,primary_baseline,band_mix,0.045,,125,0.154
beta_4,4.0,upper_inside,primary_baseline,band_mix,0.045,,126,0.1558
beta_4,4.0,upper_inside,primary_baseline,band_mix,0.045,,127,0.1578
beta_4,4.0,upper_inside,primary_baseline,band_mix,0.045,,128,0.1584
beta_4,4.0,upper_inside,primary_baseline,band_mix,0.045,,129,0.1594
beta_4,4.0,upper_inside,primary_baseline,band_mix,0.045,,130,0.1598
beta_4,4.0,upper_inside,primary_baseline,band_mix,0.045,,131,0.1602
beta_4,4.0,upper_inside,primary_baseline,band_mix,0.045,,132,0.1616
beta_4,4.0,upper_inside,primary_baseline,band_mix,0.045,,133,0.1624
beta_4,4.0,upper_inside,primary_baseline,band_mix,0.045,,134,0.164
beta_4,4.0,upper_inside,primary_baseline,band_mix,0.045,,135,0.165
beta_4,4.0,upper_inside,primary_baseline,band_mix,0.045,,136,0.1666
beta_4,4.0,upper_inside,primary_baseline,band_mix,0.045,,137,0.1672
beta_4,4.0,upper_inside,primary_baseline,band_mix,0.045,,138,0.1672
beta_4,4.0,upper_inside,primary_baseline,band_mix,0.045,,139,0.1674
beta_4,4.0,upper_inside,primary_baseline,band_mix,0.045,,140,0.1686
beta_4,4.0,upper_inside,primary_baseline,band_mix,0.045,,141,0.1702
beta_4,4.0,upper_inside,primary_baseline,band_mix,0.045,,142,0.1714
beta_4,4.0,upper_inside,primary_baseline,band_mix,0.045,,143,0.1722
beta_4,4.0,upper_inside,primary_baseline,band_mix,0.045,,144,0.1736
beta_4,4.0,upper_inside,primary_baseline,band_mix,0.045,,145,0.1746
beta_4,4.0,upper_inside,primary_baseline,band_mix,0.045,,146,0.175
beta_4,4.0,upper_inside,primary_baseline,band_mix,0.045,,147,0.1754
beta_4,4.0,upper_inside,primary_baseline,band_mix,0.045,,148,0.1764
beta_4,4.0,upper_inside,primary_baseline,band_mix,0.045,,149,0.1784
beta_4,4.0,upper_inside,primary_baseline,band_mix,0.045,,150,0.1788
beta_4,4.0,upper_inside,primary_baseline,band_mix,0.045,,151,0.1796
beta_4,4.0,upper_inside,primary_baseline,band_mix,0.045,,152,0.18
beta_4,4.0,upper_inside,primary_baseline,band_mix,0.045,,153,0.1808
beta_4,4.0,upper_inside,primary_baseline,band_mix,0.045,,154,0.1818
beta_4,4.0,upper_inside,primary_baseline,band_mix,0.045,,155,0.1822
beta_4,4.0,upper_inside,primary_baseline,band_mix,0.045,,156,0.183
beta_4,4.0,upper_inside,primary_baseline,band_mix,0.045,,157,0.1836
beta_4,4.0,upper_inside,primary_baseline,band_mix,0.045,,158,0.1838
beta_4,4.0,upper_inside,primary_baseline,band_mix,0.045,,159,0.1838
beta_4,4.0,upper_inside,primary_baseline,band_mix,0.045,,160,0.185
beta_4,4.0,upper_inside,primary_baseline,band_mix,0.045,,161,0.1858
beta_4,4.0,upper_inside,primary_baseline,band_mix,0.045,,162,0.187
beta_4,4.0,upper_inside,primary_baseline,band_mix,0.045,,163,0.1876
beta_4,4.0,upper_inside,primary_baseline,band_mix,0.045,,164,0.1886
beta_4,4.0,upper_inside,primary_baseline,band_mix,0.045,,165,0.1896
beta_4,4.0,upper_inside,primary_baseline,band_mix,0.045,,166,0.1908
beta_4,4.0,upper_inside,primary_baseline,band_mix,0.045,,167,0.1914
beta_4,4.0,upper_inside,primary_baseline,band_mix,0.045,,168,0.1918
beta_4,4.0,upper_inside,primary_baseline,band_mix,0.045,,169,0.1918
beta_4,4.0,upper_inside,primary_baseline,band_mix,0.045,,170,0.1922
beta_4,4.0,upper_inside,primary_baseline,band_mix,0.045,,171,0.193
beta_4,4.0,upper_inside,primary_baseline,band_mix,0.045,,172,0.1938
beta_4,4.0,upper_inside,primary_baseline,band_mix,0.045,,173,0.1952
beta_4,4.0,upper_inside,primary_baseline,band_mix,0.045,,174,0.1966
beta_4,4.0,upper_inside,primary_baseline,band_mix,0.045,,175,0.1972
beta_4,4.0,upper_inside,primary_baseline,band_mix,0.045,,176,0.198
beta_4,4.0,upper_inside,primary_baseline,band_mix,0.045,,177,0.1984
beta_4,4.0,upper_inside,primary_baseline,band_mix,0.045,,178,0.1986
beta_4,4.0,upper_inside,primary_baseline,band_mix,0.045,,179,0.1994
beta_4,4.0,upper_inside,primary_baseline,band_mix,0.045,,180,0.2004
beta_4,4.0,upper_inside,primary_baseline,band_mix,0.045,,181,0.2008
beta_4,4.0,upper_inside,primary_baseline,band_mix,0.045,,182,0.202
beta_4,4.0,upper_inside,primary_baseline,band_mix,0.045,,183,0.2026
beta_4,4.0,upper_inside,primary_baseline,band_mix,0.045,,184,0.2034
beta_4,4.0,upper_inside,primary_baseline,band_mix,0.045,,185,0.2046
beta_4,4.0,upper_inside,primary_baseline,band_mix,0.045,,186,0.2058
beta_4,4.0,upper_inside,primary_baseline,band_mix,0.045,,187,0.2064
beta_4,4.0,upper_inside,primary_baseline,band_mix,0.045,,188,0.208
beta_4,4.0,upper_inside,primary_baseline,band_mix,0.045,,189,0.2098
beta_4,4.0,upper_inside,primary_baseline,band_mix,0.045,,190,0.211
beta_4,4.0,upper_inside,primary_baseline,band_mix,0.045,,191,0.2116
beta_4,4.0,upper_inside,primary_baseline,band_mix,0.045,,192,0.2118
beta_4,4.0,upper_inside,primary_baseline,band_mix,0.045,,193,0.2126
beta_4,4.0,upper_inside,primary_baseline,band_mix,0.045,,194,0.2132
beta_4,4.0,upper_inside,primary_baseline,band_mix,0.045,,195,0.2138
beta_4,4.0,upper_inside,primary_baseline,band_mix,0.045,,196,0.2142
beta_4,4.0,upper_inside,primary_baseline,band_mix,0.045,,197,0.215
beta_4,4.0,upper_inside,primary_baseline,band_mix,0.045,,198,0.2152
beta_4,4.0,upper_inside,primary_baseline,band_mix,0.045,,199,0.2158
beta_4,4.0,upper_inside,primary_baseline,band_mix,0.045,,200,0.2162
beta_4,4.0,upper_inside,best_grid_T200,band_mix,0.045,,1,0.0
beta_4,4.0,upper_inside,best_grid_T200,band_mix,0.045,,2,0.0
beta_4,4.0,upper_inside,best_grid_T200,band_mix,0.045,,3,0.0
beta_4,4.0,upper_inside,best_grid_T200,band_mix,0.045,,4,0.0
beta_4,4.0,upper_inside,best_grid_T200,band_mix,0.045,,5,0.0
beta_4,4.0,upper_inside,best_grid_T200,band_mix,0.045,,6,0.0
beta_4,4.0,upper_inside,best_grid_T200,band_mix,0.045,,7,0.0
beta_4,4.0,upper_inside,best_grid_T200,band_mix,0.045,,8,0.0
beta_4,4.0,upper_inside,best_grid_T200,band_mix,0.045,,9,0.0
beta_4,4.0,upper_inside,best_grid_T200,band_mix,0.045,,10,0.0
beta_4,4.0,upper_inside,best_grid_T200,band_mix,0.045,,11,0.0
beta_4,4.0,upper_inside,best_grid_T200,band_mix,0.045,,12,0.0
beta_4,4.0,upper_inside,best_grid_T200,band_mix,0.045,,13,0.0
beta_4,4.0,upper_inside,best_grid_T200,band_mix,0.045,,14,0.0
beta_4,4.0,upper_inside,best_grid_T200,band_mix,0.045,,15,0.0
beta_4,4.0,upper_inside,best_grid_T200,band_mix,0.045,,16,0.0
beta_4,4.0,upper_inside,best_grid_T200,band_mix,0.045,,17,0.0
beta_4,4.0,upper_inside,best_grid_T200,band_mix,0.045,,18,0.0
beta_4,4.0,upper_inside,best_grid_T200,band_mix,0.045,,19,0.0
beta_4,4.0,upper_inside,best_grid_T200,band_mix,0.045,,20,0.0
beta_4,4.0,upper_inside,best_grid_T200,band_mix,0.045,,21,0.0002
beta_4,4.0,upper_inside,best_grid_T200,band_mix,0.045,,22,0.0002
beta_4,4.0,upper_inside,best_grid_T200,band_mix,0.045,,23,0.0004
beta_4,4.0,upper_inside,best_grid_T200,band_mix,0.045,,24,0.0008
beta_4,4.0,upper_inside,best_grid_T200,band_mix,0.045,,25,0.0012
beta_4,4.0,upper_inside,best_grid_T200,band_mix,0.045,,26,0.0016
beta_4,4.0,upper_inside,best_grid_T200,band_mix,0.045,,27,0.002
beta_4,4.0,upper_inside,best_grid_T200,band_mix,0.045,,28,0.0032
beta_4,4.0,upper_inside,best_grid_T200,band_mix,0.045,,29,0.004
beta_4,4.0,upper_inside,best_grid_T200,band_mix,0.045,,30,0.0046
beta_4,4.0,upper_inside,best_grid_T200,band_mix,0.045,,31,0.0052
beta_4,4.0,upper_inside,best_grid_T200,band_mix,0.045,,32,0.006
beta_4,4.0,upper_inside,best_grid_T200,band_mix,0.045,,33,0.0068
beta_4,4.0,upper_inside,best_grid_T200,band_mix,0.045,,34,0.008
beta_4,4.0,upper_inside,best_grid_T200,band_mix,0.045,,35,0.009
beta_4,4.0,upper_inside,best_grid_T200,band_mix,0.045,,36,0.011
beta_4,4.0,upper_inside,best_grid_T200,band_mix,0.045,,37,0.0126
beta_4,4.0,upper_inside,best_grid_T200,band_mix,0.045,,38,0.0144
beta_4,4.0,upper_inside,best_grid_T200,band_mix,0.045,,39,0.0166
beta_4,4.0,upper_inside,best_grid_T200,band_mix,0.045,,40,0.0184
beta_4,4.0,upper_inside,best_grid_T200,band_mix,0.045,,41,0.02
beta_4,4.0,upper_inside,best_grid_T200,band_mix,0.045,,42,0.0218
beta_4,4.0,upper_inside,best_grid_T200,band_mix,0.045,,43,0.0236
beta_4,4.0,upper_inside,best_grid_T200,band_mix,0.045,,44,0.0256
beta_4,4.0,upper_inside,best_grid_T200,band_mix,0.045,,45,0.0276
beta_4,4.0,upper_inside,best_grid_T200,band_mix,0.045,,46,0.0288
beta_4,4.0,upper_inside,best_grid_T200,band_mix,0.045,,47,0.03
beta_4,4.0,upper_inside,best_grid_T200,band_mix,0.045,,48,0.032
beta_4,4.0,upper_inside,best_grid_T200,band_mix,0.045,,49,0.0336
beta_4,4.0,upper_inside,best_grid_T200,band_mix,0.045,,50,0.0362
beta_4,4.0,upper_inside,best_grid_T200,band_mix,0.045,,51,0.0384
beta_4,4.0,upper_inside,best_grid_T200,band_mix,0.045,,52,0.0406
beta_4,4.0,upper_inside,best_grid_T200,band_mix,0.045,,53,0.0428
beta_4,4.0,upper_inside,best_grid_T200,band_mix,0.045,,54,0.0446
beta_4,4.0,upper_inside,best_grid_T200,band_mix,0.045,,55,0.0464
beta_4,4.0,upper_inside,best_grid_T200,band_mix,0.045,,56,0.0488
beta_4,4.0,upper_inside,best_grid_T200,band_mix,0.045,,57,0.0494
beta_4,4.0,upper_inside,best_grid_T200,band_mix,0.045,,58,0.0512
beta_4,4.0,upper_inside,best_grid_T200,band_mix,0.045,,59,0.0532
beta_4,4.0,upper_inside,best_grid_T200,band_mix,0.045,,60,0.0546
beta_4,4.0,upper_inside,best_grid_T200,band_mix,0.045,,61,0.058
beta_4,4.0,upper_inside,best_grid_T200,band_mix,0.045,,62,0.0598
beta_4,4.0,upper_inside,best_grid_T200,band_mix,0.045,,63,0.0626
beta_4,4.0,upper_inside,best_grid_T200,band_mix,0.045,,64,0.0638
beta_4,4.0,upper_inside,best_grid_T200,band_mix,0.045,,65,0.0654
beta_4,4.0,upper_inside,best_grid_T200,band_mix,0.045,,66,0.0676
beta_4,4.0,upper_inside,best_grid_T200,band_mix,0.045,,67,0.0696
beta_4,4.0,upper_inside,best_grid_T200,band_mix,0.045,,68,0.0712
beta_4,4.0,upper_inside,best_grid_T200,band_mix,0.045,,69,0.0722
beta_4,4.0,upper_inside,best_grid_T200,band_mix,0.045,,70,0.0742
beta_4,4.0,upper_inside,best_grid_T200,band_mix,0.045,,71,0.0762
beta_4,4.0,upper_inside,best_grid_T200,band_mix,0.045,,72,0.0786
beta_4,4.0,upper_inside,best_grid_T200,band_mix,0.045,,73,0.0804
beta_4,4.0,upper_inside,best_grid_T200,band_mix,0.045,,74,0.0826
beta_4,4.0,upper_inside,best_grid_T200,band_mix,0.045,,75,0.0848
beta_4,4.0,upper_inside,best_grid_T200,band_mix,0.045,,76,0.0862
beta_4,4.0,upper_inside,best_grid_T200,band_mix,0.045,,77,0.0878
beta_4,4.0,upper_inside,best_grid_T200,band_mix,0.045,,78,0.0884
beta_4,4.0,upper_inside,best_grid_T200,band_mix,0.045,,79,0.0906
beta_4,4.0,upper_inside,best_grid_T200,band_mix,0.045,,80,0.0918
beta_4,4.0,upper_inside,best_grid_T200,band_mix,0.045,,81,0.0944
beta_4,4.0,upper_inside,best_grid_T200,band_mix,0.045,,82,0.0966
beta_4,4.0,upper_inside,best_grid_T200,band_mix,0.045,,83,0.0992
beta_4,4.0,upper_inside,best_grid_T200,band_mix,0.045,,84,0.1002
beta_4,4.0,upper_inside,best_grid_T200,band_mix,0.045,,85,0.1008
beta_4,4.0,upper_inside,best_grid_T200,band_mix,0.045,,86,0.1028
beta_4,4.0,upper_inside,best_grid_T200,band_mix,0.045,,87,0.1036
beta_4,4.0,upper_inside,best_grid_T200,band_mix,0.045,,88,0.1048
beta_4,4.0,upper_inside,best_grid_T200,band_mix,0.045,,89,0.1066
beta_4,4.0,upper_inside,best_grid_T200,band_mix,0.045,,90,0.1094
beta_4,4.0,upper_inside,best_grid_T200,band_mix,0.045,,91,0.11
beta_4,4.0,upper_inside,best_grid_T200,band_mix,0.045,,92,0.1118
beta_4,4.0,upper_inside,best_grid_T200,band_mix,0.045,,93,0.1142
beta_4,4.0,upper_inside,best_grid_T200,band_mix,0.045,,94,0.1162
beta_4,4.0,upper_inside,best_grid_T200,band_mix,0.045,,95,0.1176
beta_4,4.0,upper_inside,best_grid_T200,band_mix,0.045,,96,0.1184
beta_4,4.0,upper_inside,best_grid_T200,band_mix,0.045,,97,0.12
beta_4,4.0,upper_inside,best_grid_T200,band_mix,0.045,,98,0.1212
beta_4,4.0,upper_inside,best_grid_T200,band_mix,0.045,,99,0.122
beta_4,4.0,upper_inside,best_grid_T200,band_mix,0.045,,100,0.1236
beta_4,4.0,upper_inside,best_grid_T200,band_mix,0.045,,101,0.1256
beta_4,4.0,upper_inside,best_grid_T200,band_mix,0.045,,102,0.1262
beta_4,4.0,upper_inside,best_grid_T200,band_mix,0.045,,103,0.1278
beta_4,4.0,upper_inside,best_grid_T200,band_mix,0.045,,104,0.1292
beta_4,4.0,upper_inside,best_grid_T200,band_mix,0.045,,105,0.1304
beta_4,4.0,upper_inside,best_grid_T200,band_mix,0.045,,106,0.1316
beta_4,4.0,upper_inside,best_grid_T200,band_mix,0.045,,107,0.1326
beta_4,4.0,upper_inside,best_grid_T200,band_mix,0.045,,108,0.1334
beta_4,4.0,upper_inside,best_grid_T200,band_mix,0.045,,109,0.1346
beta_4,4.0,upper_inside,best_grid_T200,band_mix,0.045,,110,0.1362
beta_4,4.0,upper_inside,best_grid_T200,band_mix,0.045,,111,0.1372
beta_4,4.0,upper_inside,best_grid_T200,band_mix,0.045,,112,0.1378
beta_4,4.0,upper_inside,best_grid_T200,band_mix,0.045,,113,0.139
beta_4,4.0,upper_inside,best_grid_T200,band_mix,0.045,,114,0.14
beta_4,4.0,upper_inside,best_grid_T200,band_mix,0.045,,115,0.1412
beta_4,4.0,upper_inside,best_grid_T200,band_mix,0.045,,116,0.142
beta_4,4.0,upper_inside,best_grid_T200,band_mix,0.045,,117,0.1438
beta_4,4.0,upper_inside,best_grid_T200,band_mix,0.045,,118,0.1458
beta_4,4.0,upper_inside,best_grid_T200,band_mix,0.045,,119,0.1472
beta_4,4.0,upper_inside,best_grid_T200,band_mix,0.045,,120,0.1484
beta_4,4.0,upper_inside,best_grid_T200,band_mix,0.045,,121,0.1494
beta_4,4.0,upper_inside,best_grid_T200,band_mix,0.045,,122,0.151
beta_4,4.0,upper_inside,best_grid_T200,band_mix,0.045,,123,0.1522
beta_4,4.0,upper_inside,best_grid_T200,band_mix,0.045,,124,0.153
beta_4,4.0,upper_inside,best_grid_T200,band_mix,0.045,,125,0.154
beta_4,4.0,upper_inside,best_grid_T200,band_mix,0.045,,126,0.1558
beta_4,4.0,upper_inside,best_grid_T200,band_mix,0.045,,127,0.1578
beta_4,4.0,upper_inside,best_grid_T200,band_mix,0.045,,128,0.1584
beta_4,4.0,upper_inside,best_grid_T200,band_mix,0.045,,129,0.1594
beta_4,4.0,upper_inside,best_grid_T200,band_mix,0.045,,130,0.1598
beta_4,4.0,upper_inside,best_grid_T200,band_mix,0.045,,131,0.1602
beta_4,4.0,upper_inside,best_grid_T200,band_mix,0.045,,132,0.1616
beta_4,4.0,upper_inside,best_grid_T200,band_mix,0.045,,133,0.1624
beta_4,4.0,upper_inside,best_grid_T200,band_mix,0.045,,134,0.164
beta_4,4.0,upper_inside,best_grid_T200,band_mix,0.045,,135,0.165
beta_4,4.0,upper_inside,best_grid_T200,band_mix,0.045,,136,0.1666
beta_4,4.0,upper_inside,best_grid_T200,band_mix,0.045,,137,0.1672
beta_4,4.0,upper_inside,best_grid_T200,band_mix,0.045,,138,0.1672
beta_4,4.0,upper_inside,best_grid_T200,band_mix,0.045,,139,0.1674
beta_4,4.0,upper_inside,best_grid_T200,band_mix,0.045,,140,0.1686
beta_4,4.0,upper_inside,best_grid_T200,band_mix,0.045,,141,0.1702
beta_4,4.0,upper_inside,best_grid_T200,band_mix,0.045,,142,0.1714
beta_4,4.0,upper_inside,best_grid_T200,band_mix,0.045,,143,0.1722
beta_4,4.0,upper_inside,best_grid_T200,band_mix,0.045,,144,0.1736
beta_4,4.0,upper_inside,best_grid_T200,band_mix,0.045,,145,0.1746
beta_4,4.0,upper_inside,best_grid_T200,band_mix,0.045,,146,0.175
beta_4,4.0,upper_inside,best_grid_T200,band_mix,0.045,,147,0.1754
beta_4,4.0,upper_inside,best_grid_T200,band_mix,0.045,,148,0.1764
beta_4,4.0,upper_inside,best_grid_T200,band_mix,0.045,,149,0.1784
beta_4,4.0,upper_inside,best_grid_T200,band_mix,0.045,,150,0.1788
beta_4,4.0,upper_inside,best_grid_T200,band_mix,0.045,,151,0.1796
beta_4,4.0,upper_inside,best_grid_T200,band_mix,0.045,,152,0.18
beta_4,4.0,upper_inside,best_grid_T200,band_mix,0.045,,153,0.1808
beta_4,4.0,upper_inside,best_grid_T200,band_mix,0.045,,154,0.1818
beta_4,4.0,upper_inside,best_grid_T200,band_mix,0.045,,155,0.1822
beta_4,4.0,upper_inside,best_grid_T200,band_mix,0.045,,156,0.183
beta_4,4.0,upper_inside,best_grid_T200,band_mix,0.045,,157,0.1836
beta_4,4.0,upper_inside,best_grid_T200,band_mix,0.045,,158,0.1838
beta_4,4.0,upper_inside,best_grid_T200,band_mix,0.045,,159,0.1838
beta_4,4.0,upper_inside,best_grid_T200,band_mix,0.045,,160,0.185
beta_4,4.0,upper_inside,best_grid_T200,band_mix,0.045,,161,0.1858
beta_4,4.0,upper_inside,best_grid_T200,band_mix,0.045,,162,0.187
beta_4,4.0,upper_inside,best_grid_T200,band_mix,0.045,,163,0.1876
beta_4,4.0,upper_inside,best_grid_T200,band_mix,0.045,,164,0.1886
beta_4,4.0,upper_inside,best_grid_T200,band_mix,0.045,,165,0.1896
beta_4,4.0,upper_inside,best_grid_T200,band_mix,0.045,,166,0.1908
beta_4,4.0,upper_inside,best_grid_T200,band_mix,0.045,,167,0.1914
beta_4,4.0,upper_inside,best_grid_T200,band_mix,0.045,,168,0.1918
beta_4,4.0,upper_inside,best_grid_T200,band_mix,0.045,,169,0.1918
beta_4,4.0,upper_inside,best_grid_T200,band_mix,0.045,,170,0.1922
beta_4,4.0,upper_inside,best_grid_T200,band_mix,0.045,,171,0.193
beta_4,4.0,upper_inside,best_grid_T200,band_mix,0.045,,172,0.1938
beta_4,4.0,upper_inside,best_grid_T200,band_mix,0.045,,173,0.1952
beta_4,4.0,upper_inside,best_grid_T200,band_mix,0.045,,174,0.1966
beta_4,4.0,upper_inside,best_grid_T200,band_mix,0.045,,175,0.1972
beta_4,4.0,upper_inside,best_grid_T200,band_mix,0.045,,176,0.198
beta_4,4.0,upper_inside,best_grid_T200,band_mix,0.045,,177,0.1984
beta_4,4.0,upper_inside,best_grid_T200,band_mix,0.045,,178,0.1986
beta_4,4.0,upper_inside,best_grid_T200,band_mix,0.045,,179,0.1994
beta_4,4.0,upper_inside,best_grid_T200,band_mix,0.045,,180,0.2004
beta_4,4.0,upper_inside,best_grid_T200,band_mix,0.045,,181,0.2008
beta_4,4.0,upper_inside,best_grid_T200,band_mix,0.045,,182,0.202
beta_4,4.0,upper_inside,best_grid_T200,band_mix,0.045,,183,0.2026
beta_4,4.0,upper_inside,best_grid_T200,band_mix,0.045,,184,0.2034
beta_4,4.0,upper_inside,best_grid_T200,band_mix,0.045,,185,0.2046
beta_4,4.0,upper_inside,best_grid_T200,band_mix,0.045,,186,0.2058
beta_4,4.0,upper_inside,best_grid_T200,band_mix,0.045,,187,0.2064
beta_4,4.0,upper_inside,best_grid_T200,band_mix,0.045,,188,0.208
beta_4,4.0,upper_inside,best_grid_T200,band_mix,0.045,,189,0.2098
beta_4,4.0,upper_inside,best_grid_T200,band_mix,0.045,,190,0.211
beta_4,4.0,upper_inside,best_grid_T200,band_mix,0.045,,191,0.2116
beta_4,4.0,upper_inside,best_grid_T200,band_mix,0.045,,192,0.2118
beta_4,4.0,upper_inside,best_grid_T200,band_mix,0.045,,193,0.2126
beta_4,4.0,upper_inside,best_grid_T200,band_mix,0.045,,194,0.2132
beta_4,4.0,upper_inside,best_grid_T200,band_mix,0.045,,195,0.2138
beta_4,4.0,upper_inside,best_grid_T200,band_mix,0.045,,196,0.2142
beta_4,4.0,upper_inside,best_grid_T200,band_mix,0.045,,197,0.215
beta_4,4.0,upper_inside,best_grid_T200,band_mix,0.045,,198,0.2152
beta_4,4.0,upper_inside,best_grid_T200,band_mix,0.045,,199,0.2158
beta_4,4.0,upper_inside,best_grid_T200,band_mix,0.045,,200,0.2162
beta_4,4.0,upper_inside,oracle,oracle,,,1,0.0
beta_4,4.0,upper_inside,oracle,oracle,,,2,0.0
beta_4,4.0,upper_inside,oracle,oracle,,,3,0.065
beta_4,4.0,upper_inside,oracle,oracle,,,4,0.1638
beta_4,4.0,upper_inside,oracle,oracle,,,5,0.268
beta_4,4.0,upper_inside,oracle,oracle,,,6,0.3634
beta_4,4.0,upper_inside,oracle,oracle,,,7,0.4454
beta_4,4.0,upper_inside,oracle,oracle,,,8,0.5138
beta_4,4.0,upper_inside,oracle,oracle,,,9,0.5722
beta_4,4.0,upper_inside,oracle,oracle,,,10,0.6228
beta_4,4.0,upper_inside,oracle,oracle,,,11,0.6642
beta_4,4.0,upper_inside,oracle,oracle,,,12,0.7024
beta_4,4.0,upper_inside,oracle,oracle,,,13,0.7326
beta_4,4.0,upper_inside,oracle,oracle,,,14,0.7644
beta_4,4.0,upper_inside,oracle,oracle,,,15,0.791
beta_4,4.0,upper_inside,oracle,oracle,,,16,0.8096
beta_4,4.0,upper_inside,oracle,oracle,,,17,0.8268
beta_4,4.0,upper_inside,oracle,oracle,,,18,0.8406
beta_4,4.0,upper_inside,oracle,oracle,,,19,0.8516
beta_4,4.0,upper_inside,oracle,oracle,,,20,0.8622
beta_4,4.0,upper_inside,oracle,oracle,,,21,0.873
beta_4,4.0,upper_inside,oracle,oracle,,,22,0.8796
beta_4,4.0,upper_inside,oracle,oracle,,,23,0.8848
beta_4,4.0,upper_inside,oracle,oracle,,,24,0.891
beta_4,4.0,upper_inside,oracle,oracle,,,25,0.8972
beta_4,4.0,upper_inside,oracle,oracle,,,26,0.9008
beta_4,4.0,upper_inside,oracle,oracle,,,27,0.9052
beta_4,4.0,upper_inside,oracle,oracle,,,28,0.9104
beta_4,4.0,upper_inside,oracle,oracle,,,29,0.9132
beta_4,4.0,upper_inside,oracle,oracle,,,30,0.9174
beta_4,4.0,upper_inside,oracle,oracle,,,31,0.9214
beta_4,4.0,upper_inside,oracle,oracle,,,32,0.9242
beta_4,4.0,upper_inside,oracle,oracle,,,33,0.9262
beta_4,4.0,upper_inside,oracle,oracle,,,34,0.9288
beta_4,4.0,upper_inside,oracle,oracle,,,35,0.9312
beta_4,4.0,upper_inside,oracle,oracle,,,36,0.9334
beta_4,4.0,upper_inside,oracle,oracle,,,37,0.9346
beta_4,4.0,upper_inside,oracle,oracle,,,38,0.9362
beta_4,4.0,upper_inside,oracle,oracle,,,39,0.9378
beta_4,4.0,upper_inside,oracle,oracle,,,40,0.939
beta_4,4.0,upper_inside,oracle,oracle,,,41,0.9404
beta_4,4.0,upper_inside,oracle,oracle,,,42,0.9414
beta_4,4.0,upper_inside,oracle,oracle,,,43,0.9424
beta_4,4.0,upper_inside,oracle,oracle,,,44,0.9434
beta_4,4.0,upper_inside,oracle,oracle,,,45,0.9452
beta_4,4.0,upper_inside,oracle,oracle,,,46,0.946
beta_4,4.0,upper_inside,oracle,oracle,,,47,0.9474
beta_4,4.0,upper_inside,oracle,oracle,,,48,0.9484
beta_4,4.0,upper_inside,oracle,oracle,,,49,0.9498
beta_4,4.0,upper_inside,oracle,oracle,,,50,0.9498
beta_4,4.0,upper_inside,oracle,oracle,,,51,0.9514
beta_4,4.0,upper_inside,oracle,oracle,,,52,0.9522
beta_4,4.0,upper_inside,oracle,oracle,,,53,0.9526
beta_4,4.0,upper_inside,oracle,oracle,,,54,0.9542
beta_4,4.0,upper_inside,oracle,oracle,,,55,0.955
beta_4,4.0,upper_inside,oracle,oracle,,,56,0.9564
beta_4,4.0,upper_inside,oracle,oracle,,,57,0.9564
beta_4,4.0,upper_inside,oracle,oracle,,,58,0.9574
beta_4,4.0,upper_inside,oracle,oracle,,,59,0.9576
beta_4,4.0,upper_inside,oracle,oracle,,,60,0.9578
beta_4,4.0,upper_inside,oracle,oracle,,,61,0.9586
beta_4,4.0,upper_inside,oracle,oracle,,,62,0.959
beta_4,4.0,upper_inside,oracle,oracle,,,63,0.9592
beta_4,4.0,upper_inside,oracle,oracle,,,64,0.96
beta_4,4.0,upper_inside,oracle,oracle,,,65,0.9612
beta_4,4.0,upper_inside,oracle,oracle,,,66,0.9618
beta_4,4.0,upper_inside,oracle,oracle,,,67,0.9624
beta_4,4.0,upper_inside,oracle,oracle,,,68,0.9626
beta_4,4.0,upper_inside,oracle,oracle,,,69,0.9636
beta_4,4.0,upper_inside,oracle,oracle,,,70,0.9638
beta_4,4.0,upper_inside,oracle,oracle,,,71,0.964
beta_4,4.0,upper_inside,oracle,oracle,,,72,0.9642
beta_4,4.0,upper_inside,oracle,oracle,,,73,0.9642
beta_4,4.0,upper_inside,oracle,oracle,,,74,0.9646
beta_4,4.0,upper_inside,oracle,oracle,,,75,0.9654
beta_4,4.0,upper_inside,oracle,oracle,,,76,0.9656
beta_4,4.0,upper_inside,oracle,oracle,,,77,0.9662
beta_4,4.0,upper_inside,oracle,oracle,,,78,0.9664
beta_4,4.0,upper_inside,oracle,oracle,,,79,0.967
beta_4,4.0,upper_inside,oracle,oracle,,,80,0.967
beta_4,4.0,upper_inside,oracle,oracle,,,81,0.9672
beta_4,4.0,upper_inside,oracle,oracle,,,82,0.9678
beta_4,4.0,upper_inside,oracle,oracle,,,83,0.9678
beta_4,4.0,upper_inside,oracle,oracle,,,84,0.9678
beta_4,4.0,upper_inside,oracle,oracle,,,85,0.968
beta_4,4.0,upper_inside,oracle,oracle,,,86,0.968
beta_4,4.0,upper_inside,oracle,oracle,,,87,0.9682
beta_4,4.0,upper_inside,oracle,oracle,,,88,0.9688
beta_4,4.0,upper_inside,oracle,oracle,,,89,0.9692
beta_4,4.0,upper_inside,oracle,oracle,,,90,0.9694
beta_4,4.0,upper_inside,oracle,oracle,,,91,0.97
beta_4,4.0,upper_inside,oracle,oracle,,,92,0.97
beta_4,4.0,upper_inside,oracle,oracle,,,93,0.97
beta_4,4.0,upper_inside,oracle,oracle,,,94,0.97
beta_4,4.0,upper_inside,oracle,oracle,,,95,0.97
beta_4,4.0,upper_inside,oracle,oracle,,,96,0.9702
beta_4,4.0,upper_inside,oracle,oracle,,,97,0.9704
beta_4,4.0,upper_inside,oracle,oracle,,,98,0.9704
beta_4,4.0,upper_inside,oracle,oracle,,,99,0.9708
beta_4,4.0,upper_inside,oracle,oracle,,,100,0.9708
beta_4,4.0,upper_inside,oracle,oracle,,,101,0.9708
beta_4,4.0,upper_inside,oracle,oracle,,,102,0.9708
beta_4,4.0,upper_inside,oracle,oracle,,,103,0.9708
beta_4,4.0,upper_inside,oracle,oracle,,,104,0.9712
beta_4,4.0,upper_inside,oracle,oracle,,,105,0.9712
beta_4,4.0,upper_inside,oracle,oracle,,,106,0.9716
beta_4,4.0,upper_inside,oracle,oracle,,,107,0.9718
beta_4,4.0,upper_inside,oracle,oracle,,,108,0.972
beta_4,4.0,upper_inside,oracle,oracle,,,109,0.972
beta_4,4.0,upper_inside,oracle,oracle,,,110,0.972
beta_4,4.0,upper_inside,oracle,oracle,,,111,0.9722
beta_4,4.0,upper_inside,oracle,oracle,,,112,0.9726
beta_4,4.0,upper_inside,oracle,oracle,,,113,0.9728
beta_4,4.0,upper_inside,oracle,oracle,,,114,0.9728
beta_4,4.0,upper_inside,oracle,oracle,,,115,0.9728
beta_4,4.0,upper_inside,oracle,oracle,,,116,0.973
beta_4,4.0,upper_inside,oracle,oracle,,,117,0.973
beta_4,4.0,upper_inside,oracle,oracle,,,118,0.973
beta_4,4.0,upper_inside,oracle,oracle,,,119,0.9732
beta_4,4.0,upper_inside,oracle,oracle,,,120,0.9732
beta_4,4.0,upper_inside,oracle,oracle,,,121,0.9734
beta_4,4.0,upper_inside,oracle,oracle,,,122,0.9734
beta_4,4.0,upper_inside,oracle,oracle,,,123,0.9734
beta_4,4.0,upper_inside,oracle,oracle,,,124,0.9736
beta_4,4.0,upper_inside,oracle,oracle,,,125,0.9736
beta_4,4.0,upper_inside,oracle,oracle,,,126,0.9738
beta_4,4.0,upper_inside,oracle,oracle,,,127,0.9738
beta_4,4.0,upper_inside,oracle,oracle,,,128,0.9738
beta_4,4.0,upper_inside,oracle,oracle,,,129,0.9738
beta_4,4.0,upper_inside,oracle,oracle,,,130,0.9738
beta_4,4.0,upper_inside,oracle,oracle,,,131,0.974
beta_4,4.0,upper_inside,oracle,oracle,,,132,0.9742
beta_4,4.0,upper_inside,oracle,oracle,,,133,0.9744
beta_4,4.0,upper_inside,oracle,oracle,,,134,0.9744
beta_4,4.0,upper_inside,oracle,oracle,,,135,0.9744
beta_4,4.0,upper_inside,oracle,oracle,,,136,0.9744
beta_4,4.0,upper_inside,oracle,oracle,,,137,0.9746
beta_4,4.0,upper_inside,oracle,oracle,,,138,0.9748
beta_4,4.0,upper_inside,oracle,oracle,,,139,0.9752
beta_4,4.0,upper_inside,oracle,oracle,,,140,0.9756
beta_4,4.0,upper_inside,oracle,oracle,,,141,0.9756
beta_4,4.0,upper_inside,oracle,oracle,,,142,0.9758
beta_4,4.0,upper_inside,oracle,oracle,,,143,0.9758
beta_4,4.0,upper_inside,oracle,oracle,,,144,0.9758
beta_4,4.0,upper_inside,oracle,oracle,,,145,0.976
beta_4,4.0,upper_inside,oracle,oracle,,,146,0.9762
beta_4,4.0,upper_inside,oracle,oracle,,,147,0.9766
beta_4,4.0,upper_inside,oracle,oracle,,,148,0.9768
beta_4,4.0,upper_inside,oracle,oracle,,,149,0.977
beta_4,4.0,upper_inside,oracle,oracle,,,150,0.9772
beta_4,4.0,upper_inside,oracle,oracle,,,151,0.9774
beta_4,4.0,upper_inside,oracle,oracle,,,152,0.9774
beta_4,4.0,upper_inside,oracle,oracle,,,153,0.9774
beta_4,4.0,upper_inside,oracle,oracle,,,154,0.9774
beta_4,4.0,upper_inside,oracle,oracle,,,155,0.9776
beta_4,4.0,upper_inside,oracle,oracle,,,156,0.9776
beta_4,4.0,upper_inside,oracle,oracle,,,157,0.9776
beta_4,4.0,upper_inside,oracle,oracle,,,158,0.9776
beta_4,4.0,upper_inside,oracle,oracle,,,159,0.9778
beta_4,4.0,upper_inside,oracle,oracle,,,160,0.978
beta_4,4.0,upper_inside,oracle,oracle,,,161,0.978
beta_4,4.0,upper_inside,oracle,oracle,,,162,0.9782
beta_4,4.0,upper_inside,oracle,oracle,,,163,0.9782
beta_4,4.0,upper_inside,oracle,oracle,,,164,0.9782
beta_4,4.0,upper_inside,oracle,oracle,,,165,0.9782
beta_4,4.0,upper_inside,oracle,oracle,,,166,0.9782
beta_4,4.0,upper_inside,oracle,oracle,,,167,0.9782
beta_4,4.0,upper_inside,oracle,oracle,,,168,0.9782
beta_4,4.0,upper_inside,oracle,oracle,,,169,0.9784
beta_4,4.0,upper_inside,oracle,oracle,,,170,0.9792
beta_4,4.0,upper_inside,oracle,oracle,,,171,0.9792
beta_4,4.0,upper_inside,oracle,oracle,,,172,0.9792
beta_4,4.0,upper_inside,oracle,oracle,,,173,0.9794
beta_4,4.0,upper_inside,oracle,oracle,,,174,0.9794
beta_4,4.0,upper_inside,oracle,oracle,,,175,0.9794
beta_4,4.0,upper_inside,oracle,oracle,,,176,0.9794
beta_4,4.0,upper_inside,oracle,oracle,,,177,0.9794
beta_4,4.0,upper_inside,oracle,oracle,,,178,0.9794
beta_4,4.0,upper_inside,oracle,oracle,,,179,0.9794
beta_4,4.0,upper_inside,oracle,oracle,,,180,0.9794
beta_4,4.0,upper_inside,oracle,oracle,,,181,0.9796
beta_4,4.0,upper_inside,oracle,oracle,,,182,0.9796
beta_4,4.0,upper_inside,oracle,oracle,,,183,0.9798
beta_4,4.0,upper_inside,oracle,oracle,,,184,0.9798
beta_4,4.0,upper_inside,oracle,oracle,,,185,0.9798
beta_4,4.0,upper_inside,oracle,oracle,,,186,0.9798
beta_4,4.0,upper_inside,oracle,oracle,,,187,0.98
beta_4,4.0,upper_inside,oracle,oracle,,,188,0.9804
beta_4,4.0,upper_inside,oracle,oracle,,,189,0.9804
beta_4,4.0,upper_inside,oracle,oracle,,,190,0.9804
beta_4,4.0,upper_inside,oracle,oracle,,,191,0.9804
beta_4,4.0,upper_inside,oracle,oracle,,,192,0.9804
beta_4,4.0,upper_inside,oracle,oracle,,,193,0.9806
beta_4,4.0,upper_inside,oracle,oracle,,,194,0.9806
beta_4,4.0,upper_inside,oracle,oracle,,,195,0.9806
beta_4,4.0,upper_inside,oracle,oracle,,,196,0.9806
beta_4,4.0,upper_inside,oracle,oracle,,,197,0.9808
beta_4,4.0,upper_inside,oracle,oracle,,,198,0.9808
beta_4,4.0,upper_inside,oracle,oracle,,,199,0.981
beta_4,4.0,upper_inside,oracle,oracle,,,200,0.981
beta_4,4.0,mixed_inside,static,static,,,1,0.0
beta_4,4.0,mixed_inside,static,static,,,2,0.0
beta_4,4.0,mixed_inside,static,static,,,3,0.047
beta_4,4.0,mixed_inside,static,static,,,4,0.1214
beta_4,4.0,mixed_inside,static,static,,,5,0.2016
beta_4,4.0,mixed_inside,static,static,,,6,0.2794
beta_4,4.0,mixed_inside,static,static,,,7,0.3484
beta_4,4.0,mixed_inside,static,static,,,8,0.4066
beta_4,4.0,mixed_inside,static,static,,,9,0.461
beta_4,4.0,mixed_inside,static,static,,,10,0.5078
beta_4,4.0,mixed_inside,static,static,,,11,0.5488
beta_4,4.0,mixed_inside,static,static,,,12,0.5832
beta_4,4.0,mixed_inside,static,static,,,13,0.6168
beta_4,4.0,mixed_inside,static,static,,,14,0.6424
beta_4,4.0,mixed_inside,static,static,,,15,0.6694
beta_4,4.0,mixed_inside,static,static,,,16,0.692
beta_4,4.0,mixed_inside,static,static,,,17,0.7114
beta_4,4.0,mixed_inside,static,static,,,18,0.7288
beta_4,4.0,mixed_inside,static,static,,,19,0.742
beta_4,4.0,mixed_inside,static,static,,,20,0.7558
beta_4,4.0,mixed_inside,static,static,,,21,0.7654
beta_4,4.0,mixed_inside,static,static,,,22,0.7768
beta_4,4.0,mixed_inside,static,static,,,23,0.7884
beta_4,4.0,mixed_inside,static,static,,,24,0.7972
beta_4,4.0,mixed_inside,static,static,,,25,0.8048
beta_4,4.0,mixed_inside,static,static,,,26,0.8102
beta_4,4.0,mixed_inside,static,static,,,27,0.8154
beta_4,4.0,mixed_inside,static,static,,,28,0.8206
beta_4,4.0,mixed_inside,static,static,,,29,0.8274
beta_4,4.0,mixed_inside,static,static,,,30,0.8316
beta_4,4.0,mixed_inside,static,static,,,31,0.837
beta_4,4.0,mixed_inside,static,static,,,32,0.8418
beta_4,4.0,mixed_inside,static,static,,,33,0.8466
beta_4,4.0,mixed_inside,static,static,,,34,0.849
beta_4,4.0,mixed_inside,static,static,,,35,0.8524
beta_4,4.0,mixed_inside,static,static,,,36,0.855
beta_4,4.0,mixed_inside,static,static,,,37,0.8598
beta_4,4.0,mixed_inside,static,static,,,38,0.8626
beta_4,4.0,mixed_inside,static,static,,,39,0.8642
beta_4,4.0,mixed_inside,static,static,,,40,0.8662
beta_4,4.0,mixed_inside,static,static,,,41,0.8688
beta_4,4.0,mixed_inside,static,static,,,42,0.871
beta_4,4.0,mixed_inside,static,static,,,43,0.873
beta_4,4.0,mixed_inside,static,static,,,44,0.8748
beta_4,4.0,mixed_inside,static,static,,,45,0.8766
beta_4,4.0,mixed_inside,static,static,,,46,0.8786
beta_4,4.0,mixed_inside,static,static,,,47,0.8808
beta_4,4.0,mixed_inside,static,static,,,48,0.8824
beta_4,4.0,mixed_inside,static,static,,,49,0.8846
beta_4,4.0,mixed_inside,static,static,,,50,0.8858
beta_4,4.0,mixed_inside,static,static,,,51,0.8882
beta_4,4.0,mixed_inside,static,static,,,52,0.8918
beta_4,4.0,mixed_inside,static,static,,,53,0.893
beta_4,4.0,mixed_inside,static,static,,,54,0.8942
beta_4,4.0,mixed_inside,static,static,,,55,0.8954
beta_4,4.0,mixed_inside,static,static,,,56,0.8962
beta_4,4.0,mixed_inside,static,static,,,57,0.8972
beta_4,4.0,mixed_inside,static,static,,,58,0.8986
beta_4,4.0,mixed_inside,static,static,,,59,0.8996
beta_4,4.0,mixed_inside,static,static,,,60,0.9
beta_4,4.0,mixed_inside,static,static,,,61,0.9006
beta_4,4.0,mixed_inside,static,static,,,62,0.902
beta_4,4.0,mixed_inside,static,static,,,63,0.9028
beta_4,4.0,mixed_inside,static,static,,,64,0.904
beta_4,4.0,mixed_inside,static,static,,,65,0.9046
beta_4,4.0,mixed_inside,static,static,,,66,0.906
beta_4,4.0,mixed_inside,static,static,,,67,0.9072
beta_4,4.0,mixed_inside,static,static,,,68,0.9078
beta_4,4.0,mixed_inside,static,static,,,69,0.909
beta_4,4.0,mixed_inside,static,static,,,70,0.9094
beta_4,4.0,mixed_inside,static,static,,,71,0.9108
beta_4,4.0,mixed_inside,static,static,,,72,0.9114
beta_4,4.0,mixed_inside,static,static,,,73,0.9116
beta_4,4.0,mixed_inside,static,static,,,74,0.9124
beta_4,4.0,mixed_inside,static,static,,,75,0.9132
beta_4,4.0,mixed_inside,static,static,,,76,0.9142
beta_4,4.0,mixed_inside,static,static,,,77,0.9144
beta_4,4.0,mixed_inside,static,static,,,78,0.9148
beta_4,4.0,mixed_inside,static,static,,,79,0.9152
beta_4,4.0,mixed_inside,static,static,,,80,0.916
beta_4,4.0,mixed_inside,static,static,,,81,0.9162
beta_4,4.0,mixed_inside,static,static,,,82,0.9172
beta_4,4.0,mixed_inside,static,static,,,83,0.918
beta_4,4.0,mixed_inside,static,static,,,84,0.9182
beta_4,4.0,mixed_inside,static,static,,,85,0.9184
beta_4,4.0,mixed_inside,static,static,,,86,0.919
beta_4,4.0,mixed_inside,static,static,,,87,0.919
beta_4,4.0,mixed_inside,static,static,,,88,0.9192
beta_4,4.0,mixed_inside,static,static,,,89,0.9196
beta_4,4.0,mixed_inside,static,static,,,90,0.92
beta_4,4.0,mixed_inside,static,static,,,91,0.9202
beta_4,4.0,mixed_inside,static,static,,,92,0.9208
beta_4,4.0,mixed_inside,static,static,,,93,0.921
beta_4,4.0,mixed_inside,static,static,,,94,0.9212
beta_4,4.0,mixed_inside,static,static,,,95,0.922
beta_4,4.0,mixed_inside,static,static,,,96,0.9226
beta_4,4.0,mixed_inside,static,static,,,97,0.9232
beta_4,4.0,mixed_inside,static,static,,,98,0.9236
beta_4,4.0,mixed_inside,static,static,,,99,0.9242
beta_4,4.0,mixed_inside,static,static,,,100,0.9248
beta_4,4.0,mixed_inside,static,static,,,101,0.9254
beta_4,4.0,mixed_inside,static,static,,,102,0.9256
beta_4,4.0,mixed_inside,static,static,,,103,0.9256
beta_4,4.0,mixed_inside,static,static,,,104,0.9258
beta_4,4.0,mixed_inside,static,static,,,105,0.9266
beta_4,4.0,mixed_inside,static,static,,,106,0.9266
beta_4,4.0,mixed_inside,static,static,,,107,0.927
beta_4,4.0,mixed_inside,static,static,,,108,0.9276
beta_4,4.0,mixed_inside,static,static,,,109,0.928
beta_4,4.0,mixed_inside,static,static,,,110,0.9282
beta_4,4.0,mixed_inside,static,static,,,111,0.9286
beta_4,4.0,mixed_inside,static,static,,,112,0.9288
beta_4,4.0,mixed_inside,static,static,,,113,0.929
beta_4,4.0,mixed_inside,static,static,,,114,0.9294
beta_4,4.0,mixed_inside,static,static,,,115,0.9294
beta_4,4.0,mixed_inside,static,static,,,116,0.9294
beta_4,4.0,mixed_inside,static,static,,,117,0.9298
beta_4,4.0,mixed_inside,static,static,,,118,0.9302
beta_4,4.0,mixed_inside,static,static,,,119,0.9306
beta_4,4.0,mixed_inside,static,static,,,120,0.931
beta_4,4.0,mixed_inside,static,static,,,121,0.931
beta_4,4.0,mixed_inside,static,static,,,122,0.9314
beta_4,4.0,mixed_inside,static,static,,,123,0.9314
beta_4,4.0,mixed_inside,static,static,,,124,0.9316
beta_4,4.0,mixed_inside,static,static,,,125,0.9316
beta_4,4.0,mixed_inside,static,static,,,126,0.9316
beta_4,4.0,mixed_inside,static,static,,,127,0.9318
beta_4,4.0,mixed_inside,static,static,,,128,0.9318
beta_4,4.0,mixed_inside,static,static,,,129,0.9322
beta_4,4.0,mixed_inside,static,static,,,130,0.9324
beta_4,4.0,mixed_inside,static,static,,,131,0.9326
beta_4,4.0,mixed_inside,static,static,,,132,0.933
beta_4,4.0,mixed_inside,static,static,,,133,0.9336
beta_4,4.0,mixed_inside,static,static,,,134,0.9338
beta_4,4.0,mixed_inside,static,static,,,135,0.934
beta_4,4.0,mixed_inside,static,static,,,136,0.9342
beta_4,4.0,mixed_inside,static,static,,,137,0.9344
beta_4,4.0,mixed_inside,static,static,,,138,0.9344
beta_4,4.0,mixed_inside,static,static,,,139,0.9344
beta_4,4.0,mixed_inside,static,static,,,140,0.9348
beta_4,4.0,mixed_inside,static,static,,,141,0.9348
beta_4,4.0,mixed_inside,static,static,,,142,0.9348
beta_4,4.0,mixed_inside,static,static,,,143,0.9348
beta_4,4.0,mixed_inside,static,static,,,144,0.935
beta_4,4.0,mixed_inside,static,static,,,145,0.935
beta_4,4.0,mixed_inside,static,static,,,146,0.9354
beta_4,4.0,mixed_inside,static,static,,,147,0.9356
beta_4,4.0,mixed_inside,static,static,,,148,0.9362
beta_4,4.0,mixed_inside,static,static,,,149,0.9362
beta_4,4.0,mixed_inside,static,static,,,150,0.9364
beta_4,4.0,mixed_inside,static,static,,,151,0.9366
beta_4,4.0,mixed_inside,static,static,,,152,0.937
beta_4,4.0,mixed_inside,static,static,,,153,0.937
beta_4,4.0,mixed_inside,static,static,,,154,0.9372
beta_4,4.0,mixed_inside,static,static,,,155,0.9372
beta_4,4.0,mixed_inside,static,static,,,156,0.9372
beta_4,4.0,mixed_inside,static,static,,,157,0.9372
beta_4,4.0,mixed_inside,static,static,,,158,0.9372
beta_4,4.0,mixed_inside,static,static,,,159,0.9374
beta_4,4.0,mixed_inside,static,static,,,160,0.9374
beta_4,4.0,mixed_inside,static,static,,,161,0.9374
beta_4,4.0,mixed_inside,static,static,,,162,0.9374
beta_4,4.0,mixed_inside,static,static,,,163,0.9378
beta_4,4.0,mixed_inside,static,static,,,164,0.9378
beta_4,4.0,mixed_inside,static,static,,,165,0.938
beta_4,4.0,mixed_inside,static,static,,,166,0.9384
beta_4,4.0,mixed_inside,static,static,,,167,0.9384
beta_4,4.0,mixed_inside,static,static,,,168,0.9384
beta_4,4.0,mixed_inside,static,static,,,169,0.9384
beta_4,4.0,mixed_inside,static,static,,,170,0.9388
beta_4,4.0,mixed_inside,static,static,,,171,0.9388
beta_4,4.0,mixed_inside,static,static,,,172,0.9392
beta_4,4.0,mixed_inside,static,static,,,173,0.9394
beta_4,4.0,mixed_inside,static,static,,,174,0.9396
beta_4,4.0,mixed_inside,static,static,,,175,0.9398
beta_4,4.0,mixed_inside,static,static,,,176,0.94
beta_4,4.0,mixed_inside,static,static,,,177,0.94
beta_4,4.0,mixed_inside,static,static,,,178,0.94
beta_4,4.0,mixed_inside,static,static,,,179,0.94
beta_4,4.0,mixed_inside,static,static,,,180,0.94
beta_4,4.0,mixed_inside,static,static,,,181,0.9404
beta_4,4.0,mixed_inside,static,static,,,182,0.9404
beta_4,4.0,mixed_inside,static,static,,,183,0.9406
beta_4,4.0,mixed_inside,static,static,,,184,0.9406
beta_4,4.0,mixed_inside,static,static,,,185,0.9406
beta_4,4.0,mixed_inside,static,static,,,186,0.9406
beta_4,4.0,mixed_inside,static,static,,,187,0.941
beta_4,4.0,mixed_inside,static,static,,,188,0.941
beta_4,4.0,mixed_inside,static,static,,,189,0.941
beta_4,4.0,mixed_inside,static,static,,,190,0.9414
beta_4,4.0,mixed_inside,static,static,,,191,0.9414
beta_4,4.0,mixed_inside,static,static,,,192,0.9414
beta_4,4.0,mixed_inside,static,static,,,193,0.9416
beta_4,4.0,mixed_inside,static,static,,,194,0.9416
beta_4,4.0,mixed_inside,static,static,,,195,0.9418
beta_4,4.0,mixed_inside,static,static,,,196,0.9418
beta_4,4.0,mixed_inside,static,static,,,197,0.942
beta_4,4.0,mixed_inside,static,static,,,198,0.9422
beta_4,4.0,mixed_inside,static,static,,,199,0.9422
beta_4,4.0,mixed_inside,static,static,,,200,0.9422
beta_4,4.0,mixed_inside,primary_baseline,band_mix,0.045,,1,0.0
beta_4,4.0,mixed_inside,primary_baseline,band_mix,0.045,,2,0.0
beta_4,4.0,mixed_inside,primary_baseline,band_mix,0.045,,3,0.0
beta_4,4.0,mixed_inside,primary_baseline,band_mix,0.045,,4,0.0
beta_4,4.0,mixed_inside,primary_baseline,band_mix,0.045,,5,0.0
beta_4,4.0,mixed_inside,primary_baseline,band_mix,0.045,,6,0.0
beta_4,4.0,mixed_inside,primary_baseline,band_mix,0.045,,7,0.0
beta_4,4.0,mixed_inside,primary_baseline,band_mix,0.045,,8,0.0
beta_4,4.0,mixed_inside,primary_baseline,band_mix,0.045,,9,0.0
beta_4,4.0,mixed_inside,primary_baseline,band_mix,0.045,,10,0.0
beta_4,4.0,mixed_inside,primary_baseline,band_mix,0.045,,11,0.0
beta_4,4.0,mixed_inside,primary_baseline,band_mix,0.045,,12,0.0
beta_4,4.0,mixed_inside,primary_baseline,band_mix,0.045,,13,0.0
beta_4,4.0,mixed_inside,primary_baseline,band_mix,0.045,,14,0.0
beta_4,4.0,mixed_inside,primary_baseline,band_mix,0.045,,15,0.0
beta_4,4.0,mixed_inside,primary_baseline,band_mix,0.045,,16,0.0
beta_4,4.0,mixed_inside,primary_baseline,band_mix,0.045,,17,0.0
beta_4,4.0,mixed_inside,primary_baseline,band_mix,0.045,,18,0.0
beta_4,4.0,mixed_inside,primary_baseline,band_mix,0.045,,19,0.0
beta_4,4.0,mixed_inside,primary_baseline,band_mix,0.045,,20,0.0002
beta_4,4.0,mixed_inside,primary_baseline,band_mix,0.045,,21,0.0006
beta_4,4.0,mixed_inside,primary_baseline,band_mix,0.045,,22,0.0006
beta_4,4.0,mixed_inside,primary_baseline,band_mix,0.045,,23,0.001
beta_4,4.0,mixed_inside,primary_baseline,band_mix,0.045,,24,0.0024
beta_4,4.0,mixed_inside,primary_baseline,band_mix,0.045,,25,0.003
beta_4,4.0,mixed_inside,primary_baseline,band_mix,0.045,,26,0.0044
beta_4,4.0,mixed_inside,primary_baseline,band_mix,0.045,,27,0.0056
beta_4,4.0,mixed_inside,primary_baseline,band_mix,0.045,,28,0.007
beta_4,4.0,mixed_inside,primary_baseline,band_mix,0.045,,29,0.0088
beta_4,4.0,mixed_inside,primary_baseline,band_mix,0.045,,30,0.0122
beta_4,4.0,mixed_inside,primary_baseline,band_mix,0.045,,31,0.0154
beta_4,4.0,mixed_inside,primary_baseline,band_mix,0.045,,32,0.018
beta_4,4.0,mixed_inside,primary_baseline,band_mix,0.045,,33,0.0226
beta_4,4.0,mixed_inside,primary_baseline,band_mix,0.045,,34,0.025
beta_4,4.0,mixed_inside,primary_baseline,band_mix,0.045,,35,0.0286
beta_4,4.0,mixed_inside,primary_baseline,band_mix,0.045,,36,0.0326
beta_4,4.0,mixed_inside,primary_baseline,band_mix,0.045,,37,0.0366
beta_4,4.0,mixed_inside,primary_baseline,band_mix,0.045,,38,0.0414
beta_4,4.0,mixed_inside,primary_baseline,band_mix,0.045,,39,0.0458
beta_4,4.0,mixed_inside,primary_baseline,band_mix,0.045,,40,0.05
beta_4,4.0,mixed_inside,primary_baseline,band_mix,0.045,,41,0.053
beta_4,4.0,mixed_inside,primary_baseline,band_mix,0.045,,42,0.0568
beta_4,4.0,mixed_inside,primary_baseline,band_mix,0.045,,43,0.0604
beta_4,4.0,mixed_inside,primary_baseline,band_mix,0.045,,44,0.0638
beta_4,4.0,mixed_inside,primary_baseline,band_mix,0.045,,45,0.0674
beta_4,4.0,mixed_inside,primary_baseline,band_mix,0.045,,46,0.0716
beta_4,4.0,mixed_inside,primary_baseline,band_mix,0.045,,47,0.0758
beta_4,4.0,mixed_inside,primary_baseline,band_mix,0.045,,48,0.079
beta_4,4.0,mixed_inside,primary_baseline,band_mix,0.045,,49,0.0824
beta_4,4.0,mixed_inside,primary_baseline,band_mix,0.045,,50,0.0874
beta_4,4.0,mixed_inside,primary_baseline,band_mix,0.045,,51,0.093
beta_4,4.0,mixed_inside,primary_baseline,band_mix,0.045,,52,0.0956
beta_4,4.0,mixed_inside,primary_baseline,band_mix,0.045,,53,0.1
beta_4,4.0,mixed_inside,primary_baseline,band_mix,0.045,,54,0.1052
beta_4,4.0,mixed_inside,primary_baseline,band_mix,0.045,,55,0.1106
beta_4,4.0,mixed_inside,primary_baseline,band_mix,0.045,,56,0.1138
beta_4,4.0,mixed_inside,primary_baseline,band_mix,0.045,,57,0.119
beta_4,4.0,mixed_inside,primary_baseline,band_mix,0.045,,58,0.1224
beta_4,4.0,mixed_inside,primary_baseline,band_mix,0.045,,59,0.1274
beta_4,4.0,mixed_inside,primary_baseline,band_mix,0.045,,60,0.131
beta_4,4.0,mixed_inside,primary_baseline,band_mix,0.045,,61,0.1338
beta_4,4.0,mixed_inside,primary_baseline,band_mix,0.045,,62,0.1368
beta_4,4.0,mixed_inside,primary_baseline,band_mix,0.045,,63,0.139
beta_4,4.0,mixed_inside,primary_baseline,band_mix,0.045,,64,0.1444
beta_4,4.0,mixed_inside,primary_baseline,band_mix,0.045,,65,0.1468
beta_4,4.0,mixed_inside,primary_baseline,band_mix,0.045,,66,0.1516
beta_4,4.0,mixed_inside,primary_baseline,band_mix,0.045,,67,0.1546
beta_4,4.0,mixed_inside,primary_baseline,band_mix,0.045,,68,0.158
beta_4,4.0,mixed_inside,primary_baseline,band_mix,0.045,,69,0.1608
beta_4,4.0,mixed_inside,primary_baseline,band_mix,0.045,,70,0.1656
beta_4,4.0,mixed_inside,primary_baseline,band_mix,0.045,,71,0.1678
beta_4,4.0,mixed_inside,primary_baseline,band_mix,0.045,,72,0.1704
beta_4,4.0,mixed_inside,primary_baseline,band_mix,0.045,,73,0.1732
beta_4,4.0,mixed_inside,primary_baseline,band_mix,0.045,,74,0.176
beta_4,4.0,mixed_inside,primary_baseline,band_mix,0.045,,75,0.1798
beta_4,4.0,mixed_inside,primary_baseline,band_mix,0.045,,76,0.1822
beta_4,4.0,mixed_inside,primary_baseline,band_mix,0.045,,77,0.1852
beta_4,4.0,mixed_inside,primary_baseline,band_mix,0.045,,78,0.1878
beta_4,4.0,mixed_inside,primary_baseline,band_mix,0.045,,79,0.1912
beta_4,4.0,mixed_inside,primary_baseline,band_mix,0.045,,80,0.1934
beta_4,4.0,mixed_inside,primary_baseline,band_mix,0.045,,81,0.1974
beta_4,4.0,mixed_inside,primary_baseline,band_mix,0.045,,82,0.1998
beta_4,4.0,mixed_inside,primary_baseline,band_mix,0.045,,83,0.2026
beta_4,4.0,mixed_inside,primary_baseline,band_mix,0.045,,84,0.2052
beta_4,4.0,mixed_inside,primary_baseline,band_mix,0.045,,85,0.2082
beta_4,4.0,mixed_inside,primary_baseline,band_mix,0.045,,86,0.2102
beta_4,4.0,mixed_inside,primary_baseline,band_mix,0.045,,87,0.2126
beta_4,4.0,mixed_inside,primary_baseline,band_mix,0.045,,88,0.2144
beta_4,4.0,mixed_inside,primary_baseline,band_mix,0.045,,89,0.2168
beta_4,4.0,mixed_inside,primary_baseline,band_mix,0.045,,90,0.2188
beta_4,4.0,mixed_inside,primary_baseline,band_mix,0.045,,91,0.2212
beta_4,4.0,mixed_inside,primary_baseline,band_mix,0.045,,92,0.223
beta_4,4.0,mixed_inside,primary_baseline,band_mix,0.045,,93,0.2272
beta_4,4.0,mixed_inside,primary_baseline,band_mix,0.045,,94,0.2304
beta_4,4.0,mixed_inside,primary_baseline,band_mix,0.045,,95,0.233
beta_4,4.0,mixed_inside,primary_baseline,band_mix,0.045,,96,0.2356
beta_4,4.0,mixed_inside,primary_baseline,band_mix,0.045,,97,0.239
beta_4,4.0,mixed_inside,primary_baseline,band_mix,0.045,,98,0.2414
beta_4,4.0,mixed_inside,primary_baseline,band_mix,0.045,,99,0.2446
beta_4,4.0,mixed_inside,primary_baseline,band_mix,0.045,,100,0.2466
beta_4,4.0,mixed_inside,primary_baseline,band_mix,0.045,,101,0.249
beta_4,4.0,mixed_inside,primary_baseline,band_mix,0.045,,102,0.2516
beta_4,4.0,mixed_inside,primary_baseline,band_mix,0.045,,103,0.2548
beta_4,4.0,mixed_inside,primary_baseline,band_mix,0.045,,104,0.258
beta_4,4.0,mixed_inside,primary_baseline,band_mix,0.045,,105,0.2602
beta_4,4.0,mixed_inside,primary_baseline,band_mix,0.045,,106,0.2624
beta_4,4.0,mixed_inside,primary_baseline,band_mix,0.045,,107,0.2642
beta_4,4.0,mixed_inside,primary_baseline,band_mix,0.045,,108,0.2654
beta_4,4.0,mixed_inside,primary_baseline,band_mix,0.045,,109,0.2662
beta_4,4.0,mixed_inside,primary_baseline,band_mix,0.045,,110,0.2674
beta_4,4.0,mixed_inside,primary_baseline,band_mix,0.045,,111,0.27
beta_4,4.0,mixed_inside,primary_baseline,band_mix,0.045,,112,0.2728
beta_4,4.0,mixed_inside,primary_baseline,band_mix,0.045,,113,0.2746
beta_4,4.0,mixed_inside,primary_baseline,band_mix,0.045,,114,0.2756
beta_4,4.0,mixed_inside,primary_baseline,band_mix,0.045,,115,0.277
beta_4,4.0,mixed_inside,primary_baseline,band_mix,0.045,,116,0.2784
beta_4,4.0,mixed_inside,primary_baseline,band_mix,0.045,,117,0.2806
beta_4,4.0,mixed_inside,primary_baseline,band_mix,0.045,,118,0.2818
beta_4,4.0,mixed_inside,primary_baseline,band_mix,0.045,,119,0.2834
beta_4,4.0,mixed_inside,primary_baseline,band_mix,0.045,,120,0.284
beta_4,4.0,mixed_inside,primary_baseline,band_mix,0.045,,121,0.285
beta_4,4.0,mixed_inside,primary_baseline,band_mix,0.045,,122,0.287
beta_4,4.0,mixed_inside,primary_baseline,band_mix,0.045,,123,0.2898
beta_4,4.0,mixed_inside,primary_baseline,band_mix,0.045,,124,0.2912
beta_4,4.0,mixed_inside,primary_baseline,band_mix,0.045,,125,0.2922
beta_4,4.0,mixed_inside,primary_baseline,band_mix,0.045,,126,0.294
beta_4,4.0,mixed_inside,primary_baseline,band_mix,0.045,,127,0.2954
beta_4,4.0,mixed_inside,primary_baseline,band_mix,0.045,,128,0.2968
beta_4,4.0,mixed_inside,primary_baseline,band_mix,0.045,,129,0.2984
beta_4,4.0,mixed_inside,primary_baseline,band_mix,0.045,,130,0.3
beta_4,4.0,mixed_inside,primary_baseline,band_mix,0.045,,131,0.301
beta_4,4.0,mixed_inside,primary_baseline,band_mix,0.045,,132,0.302
beta_4,4.0,mixed_inside,primary_baseline,band_mix,0.045,,133,0.303
beta_4,4.0,mixed_inside,primary_baseline,band_mix,0.045,,134,0.305
beta_4,4.0,mixed_inside,primary_baseline,band_mix,0.045,,135,0.3056
beta_4,4.0,mixed_inside,primary_baseline,band_mix,0.045,,136,0.3078
beta_4,4.0,mixed_inside,primary_baseline,band_mix,0.045,,137,0.3096
beta_4,4.0,mixed_inside,primary_baseline,band_mix,0.045,,138,0.3108
beta_4,4.0,mixed_inside,primary_baseline,band_mix,0.045,,139,0.3122
beta_4,4.0,mixed_inside,primary_baseline,band_mix,0.045,,140,0.3138
beta_4,4.0,mixed_inside,primary_baseline,band_mix,0.045,,141,0.3154
beta_4,4.0,mixed_inside,primary_baseline,band_mix,0.045,,142,0.3162
beta_4,4.0,mixed_inside,primary_baseline,band_mix,0.045,,143,0.3174
beta_4,4.0,mixed_inside,primary_baseline,band_mix,0.045,,144,0.3188
beta_4,4.0,mixed_inside,primary_baseline,band_mix,0.045,,145,0.3202
beta_4,4.0,mixed_inside,primary_baseline,band_mix,0.045,,146,0.3214
beta_4,4.0,mixed_inside,primary_baseline,band_mix,0.045,,147,0.3232
beta_4,4.0,mixed_inside,primary_baseline,band_mix,0.045,,148,0.3248
beta_4,4.0,mixed_inside,primary_baseline,band_mix,0.045,,149,0.3258
beta_4,4.0,mixed_inside,primary_baseline,band_mix,0.045,,150,0.327
beta_4,4.0,mixed_inside,primary_baseline,band_mix,0.045,,151,0.328
beta_4,4.0,mixed_inside,primary_baseline,band_mix,0.045,,152,0.3294
beta_4,4.0,mixed_inside,primary_baseline,band_mix,0.045,,153,0.3308
beta_4,4.0,mixed_inside,primary_baseline,band_mix,0.045,,154,0.3314
beta_4,4.0,mixed_inside,primary_baseline,band_mix,0.045,,155,0.3326
beta_4,4.0,mixed_inside,primary_baseline,band_mix,0.045,,156,0.3344
beta_4,4.0,mixed_inside,primary_baseline,band_mix,0.045,,157,0.3354
beta_4,4.0,mixed_inside,primary_baseline,band_mix,0.045,,158,0.3364
beta_4,4.0,mixed_inside,primary_baseline,band_mix,0.045,,159,0.338
beta_4,4.0,mixed_inside,primary_baseline,band_mix,0.045,,160,0.3386
beta_4,4.0,mixed_inside,primary_baseline,band_mix,0.045,,161,0.3398
beta_4,4.0,mixed_inside,primary_baseline,band_mix,0.045,,162,0.3404
beta_4,4.0,mixed_inside,primary_baseline,band_mix,0.045,,163,0.3414
beta_4,4.0,mixed_inside,primary_baseline,band_mix,0.045,,164,0.3418
beta_4,4.0,mixed_inside,primary_baseline,band_mix,0.045,,165,0.343
beta_4,4.0,mixed_inside,primary_baseline,band_mix,0.045,,166,0.3446
beta_4,4.0,mixed_inside,primary_baseline,band_mix,0.045,,167,0.346
beta_4,4.0,mixed_inside,primary_baseline,band_mix,0.045,,168,0.347
beta_4,4.0,mixed_inside,primary_baseline,band_mix,0.045,,169,0.3478
beta_4,4.0,mixed_inside,primary_baseline,band_mix,0.045,,170,0.349
beta_4,4.0,mixed_inside,primary_baseline,band_mix,0.045,,171,0.3496
beta_4,4.0,mixed_inside,primary_baseline,band_mix,0.045,,172,0.3502
beta_4,4.0,mixed_inside,primary_baseline,band_mix,0.045,,173,0.3506
beta_4,4.0,mixed_inside,primary_baseline,band_mix,0.045,,174,0.352
beta_4,4.0,mixed_inside,primary_baseline,band_mix,0.045,,175,0.3524
beta_4,4.0,mixed_inside,primary_baseline,band_mix,0.045,,176,0.3528
beta_4,4.0,mixed_inside,primary_baseline,band_mix,0.045,,177,0.3548
beta_4,4.0,mixed_inside,primary_baseline,band_mix,0.045,,178,0.3552
beta_4,4.0,mixed_inside,primary_baseline,band_mix,0.045,,179,0.356
beta_4,4.0,mixed_inside,primary_baseline,band_mix,0.045,,180,0.3566
beta_4,4.0,mixed_inside,primary_baseline,band_mix,0.045,,181,0.3576
beta_4,4.0,mixed_inside,primary_baseline,band_mix,0.045,,182,0.3586
beta_4,4.0,mixed_inside,primary_baseline,band_mix,0.045,,183,0.3598
beta_4,4.0,mixed_inside,primary_baseline,band_mix,0.045,,184,0.3602
beta_4,4.0,mixed_inside,primary_baseline,band_mix,0.045,,185,0.3612
beta_4,4.0,mixed_inside,primary_baseline,band_mix,0.045,,186,0.3624
beta_4,4.0,mixed_inside,primary_baseline,band_mix,0.045,,187,0.3626
beta_4,4.0,mixed_inside,primary_baseline,band_mix,0.045,,188,0.3636
beta_4,4.0,mixed_inside,primary_baseline,band_mix,0.045,,189,0.3648
beta_4,4.0,mixed_inside,primary_baseline,band_mix,0.045,,190,0.3662
beta_4,4.0,mixed_inside,primary_baseline,band_mix,0.045,,191,0.3676
beta_4,4.0,mixed_inside,primary_baseline,band_mix,0.045,,192,0.3682
beta_4,4.0,mixed_inside,primary_baseline,band_mix,0.045,,193,0.3682
beta_4,4.0,mixed_inside,primary_baseline,band_mix,0.045,,194,0.3692
beta_4,4.0,mixed_inside,primary_baseline,band_mix,0.045,,195,0.3702
beta_4,4.0,mixed_inside,primary_baseline,band_mix,0.045,,196,0.3704
beta_4,4.0,mixed_inside,primary_baseline,band_mix,0.045,,197,0.372
beta_4,4.0,mixed_inside,primary_baseline,band_mix,0.045,,198,0.3728
beta_4,4.0,mixed_inside,primary_baseline,band_mix,0.045,,199,0.3734
beta_4,4.0,mixed_inside,primary_baseline,band_mix,0.045,,200,0.3742
beta_4,4.0,mixed_inside,best_grid_T200,band_mix,0.045,,1,0.0
beta_4,4.0,mixed_inside,best_grid_T200,band_mix,0.045,,2,0.0
beta_4,4.0,mixed_inside,best_grid_T200,band_mix,0.045,,3,0.0
beta_4,4.0,mixed_inside,best_grid_T200,band_mix,0.045,,4,0.0
beta_4,4.0,mixed_inside,best_grid_T200,band_mix,0.045,,5,0.0
beta_4,4.0,mixed_inside,best_grid_T200,band_mix,0.045,,6,0.0
beta_4,4.0,mixed_inside,best_grid_T200,band_mix,0.045,,7,0.0
beta_4,4.0,mixed_inside,best_grid_T200,band_mix,0.045,,8,0.0
beta_4,4.0,mixed_inside,best_grid_T200,band_mix,0.045,,9,0.0
beta_4,4.0,mixed_inside,best_grid_T200,band_mix,0.045,,10,0.0
beta_4,4.0,mixed_inside,best_grid_T200,band_mix,0.045,,11,0.0
beta_4,4.0,mixed_inside,best_grid_T200,band_mix,0.045,,12,0.0
beta_4,4.0,mixed_inside,best_grid_T200,band_mix,0.045,,13,0.0
beta_4,4.0,mixed_inside,best_grid_T200,band_mix,0.045,,14,0.0
beta_4,4.0,mixed_inside,best_grid_T200,band_mix,0.045,,15,0.0
beta_4,4.0,mixed_inside,best_grid_T200,band_mix,0.045,,16,0.0
beta_4,4.0,mixed_inside,best_grid_T200,band_mix,0.045,,17,0.0
beta_4,4.0,mixed_inside,best_grid_T200,band_mix,0.045,,18,0.0
beta_4,4.0,mixed_inside,best_grid_T200,band_mix,0.045,,19,0.0
beta_4,4.0,mixed_inside,best_grid_T200,band_mix,0.045,,20,0.0002
beta_4,4.0,mixed_inside,best_grid_T200,band_mix,0.045,,21,0.0006
beta_4,4.0,mixed_inside,best_grid_T200,band_mix,0.045,,22,0.0006
beta_4,4.0,mixed_inside,best_grid_T200,band_mix,0.045,,23,0.001
beta_4,4.0,mixed_inside,best_grid_T200,band_mix,0.045,,24,0.0024
beta_4,4.0,mixed_inside,best_grid_T200,band_mix,0.045,,25,0.003
beta_4,4.0,mixed_inside,best_grid_T200,band_mix,0.045,,26,0.0044
beta_4,4.0,mixed_inside,best_grid_T200,band_mix,0.045,,27,0.0056
beta_4,4.0,mixed_inside,best_grid_T200,band_mix,0.045,,28,0.007
beta_4,4.0,mixed_inside,best_grid_T200,band_mix,0.045,,29,0.0088
beta_4,4.0,mixed_inside,best_grid_T200,band_mix,0.045,,30,0.0122
beta_4,4.0,mixed_inside,best_grid_T200,band_mix,0.045,,31,0.0154
beta_4,4.0,mixed_inside,best_grid_T200,band_mix,0.045,,32,0.018
beta_4,4.0,mixed_inside,best_grid_T200,band_mix,0.045,,33,0.0226
beta_4,4.0,mixed_inside,best_grid_T200,band_mix,0.045,,34,0.025
beta_4,4.0,mixed_inside,best_grid_T200,band_mix,0.045,,35,0.0286
beta_4,4.0,mixed_inside,best_grid_T200,band_mix,0.045,,36,0.0326
beta_4,4.0,mixed_inside,best_grid_T200,band_mix,0.045,,37,0.0366
beta_4,4.0,mixed_inside,best_grid_T200,band_mix,0.045,,38,0.0414
beta_4,4.0,mixed_inside,best_grid_T200,band_mix,0.045,,39,0.0458
beta_4,4.0,mixed_inside,best_grid_T200,band_mix,0.045,,40,0.05
beta_4,4.0,mixed_inside,best_grid_T200,band_mix,0.045,,41,0.053
beta_4,4.0,mixed_inside,best_grid_T200,band_mix,0.045,,42,0.0568
beta_4,4.0,mixed_inside,best_grid_T200,band_mix,0.045,,43,0.0604
beta_4,4.0,mixed_inside,best_grid_T200,band_mix,0.045,,44,0.0638
beta_4,4.0,mixed_inside,best_grid_T200,band_mix,0.045,,45,0.0674
beta_4,4.0,mixed_inside,best_grid_T200,band_mix,0.045,,46,0.0716
beta_4,4.0,mixed_inside,best_grid_T200,band_mix,0.045,,47,0.0758
beta_4,4.0,mixed_inside,best_grid_T200,band_mix,0.045,,48,0.079
beta_4,4.0,mixed_inside,best_grid_T200,band_mix,0.045,,49,0.0824
beta_4,4.0,mixed_inside,best_grid_T200,band_mix,0.045,,50,0.0874
beta_4,4.0,mixed_inside,best_grid_T200,band_mix,0.045,,51,0.093
beta_4,4.0,mixed_inside,best_grid_T200,band_mix,0.045,,52,0.0956
beta_4,4.0,mixed_inside,best_grid_T200,band_mix,0.045,,53,0.1
beta_4,4.0,mixed_inside,best_grid_T200,band_mix,0.045,,54,0.1052
beta_4,4.0,mixed_inside,best_grid_T200,band_mix,0.045,,55,0.1106
beta_4,4.0,mixed_inside,best_grid_T200,band_mix,0.045,,56,0.1138
beta_4,4.0,mixed_inside,best_grid_T200,band_mix,0.045,,57,0.119
beta_4,4.0,mixed_inside,best_grid_T200,band_mix,0.045,,58,0.1224
beta_4,4.0,mixed_inside,best_grid_T200,band_mix,0.045,,59,0.1274
beta_4,4.0,mixed_inside,best_grid_T200,band_mix,0.045,,60,0.131
beta_4,4.0,mixed_inside,best_grid_T200,band_mix,0.045,,61,0.1338
beta_4,4.0,mixed_inside,best_grid_T200,band_mix,0.045,,62,0.1368
beta_4,4.0,mixed_inside,best_grid_T200,band_mix,0.045,,63,0.139
beta_4,4.0,mixed_inside,best_grid_T200,band_mix,0.045,,64,0.1444
beta_4,4.0,mixed_inside,best_grid_T200,band_mix,0.045,,65,0.1468
beta_4,4.0,mixed_inside,best_grid_T200,band_mix,0.045,,66,0.1516
beta_4,4.0,mixed_inside,best_grid_T200,band_mix,0.045,,67,0.1546
beta_4,4.0,mixed_inside,best_grid_T200,band_mix,0.045,,68,0.158
beta_4,4.0,mixed_inside,best_grid_T200,band_mix,0.045,,69,0.1608
beta_4,4.0,mixed_inside,best_grid_T200,band_mix,0.045,,70,0.1656
beta_4,4.0,mixed_inside,best_grid_T200,band_mix,0.045,,71,0.1678
beta_4,4.0,mixed_inside,best_grid_T200,band_mix,0.045,,72,0.1704
beta_4,4.0,mixed_inside,best_grid_T200,band_mix,0.045,,73,0.1732
beta_4,4.0,mixed_inside,best_grid_T200,band_mix,0.045,,74,0.176
beta_4,4.0,mixed_inside,best_grid_T200,band_mix,0.045,,75,0.1798
beta_4,4.0,mixed_inside,best_grid_T200,band_mix,0.045,,76,0.1822
beta_4,4.0,mixed_inside,best_grid_T200,band_mix,0.045,,77,0.1852
beta_4,4.0,mixed_inside,best_grid_T200,band_mix,0.045,,78,0.1878
beta_4,4.0,mixed_inside,best_grid_T200,band_mix,0.045,,79,0.1912
beta_4,4.0,mixed_inside,best_grid_T200,band_mix,0.045,,80,0.1934
beta_4,4.0,mixed_inside,best_grid_T200,band_mix,0.045,,81,0.1974
beta_4,4.0,mixed_inside,best_grid_T200,band_mix,0.045,,82,0.1998
beta_4,4.0,mixed_inside,best_grid_T200,band_mix,0.045,,83,0.2026
beta_4,4.0,mixed_inside,best_grid_T200,band_mix,0.045,,84,0.2052
beta_4,4.0,mixed_inside,best_grid_T200,band_mix,0.045,,85,0.2082
beta_4,4.0,mixed_inside,best_grid_T200,band_mix,0.045,,86,0.2102
beta_4,4.0,mixed_inside,best_grid_T200,band_mix,0.045,,87,0.2126
beta_4,4.0,mixed_inside,best_grid_T200,band_mix,0.045,,88,0.2144
beta_4,4.0,mixed_inside,best_grid_T200,band_mix,0.045,,89,0.2168
beta_4,4.0,mixed_inside,best_grid_T200,band_mix,0.045,,90,0.2188
beta_4,4.0,mixed_inside,best_grid_T200,band_mix,0.045,,91,0.2212
beta_4,4.0,mixed_inside,best_grid_T200,band_mix,0.045,,92,0.223
beta_4,4.0,mixed_inside,best_grid_T200,band_mix,0.045,,93,0.2272
beta_4,4.0,mixed_inside,best_grid_T200,band_mix,0.045,,94,0.2304
beta_4,4.0,mixed_inside,best_grid_T200,band_mix,0.045,,95,0.233
beta_4,4.0,mixed_inside,best_grid_T200,band_mix,0.045,,96,0.2356
beta_4,4.0,mixed_inside,best_grid_T200,band_mix,0.045,,97,0.239
beta_4,4.0,mixed_inside,best_grid_T200,band_mix,0.045,,98,0.2414
beta_4,4.0,mixed_inside,best_grid_T200,band_mix,0.045,,99,0.2446
beta_4,4.0,mixed_inside,best_grid_T200,band_mix,0.045,,100,0.2466
beta_4,4.0,mixed_inside,best_grid_T200,band_mix,0.045,,101,0.249
beta_4,4.0,mixed_inside,best_grid_T200,band_mix,0.045,,102,0.2516
beta_4,4.0,mixed_inside,best_grid_T200,band_mix,0.045,,103,0.2548
beta_4,4.0,mixed_inside,best_grid_T200,band_mix,0.045,,104,0.258
beta_4,4.0,mixed_inside,best_grid_T200,band_mix,0.045,,105,0.2602
beta_4,4.0,mixed_inside,best_grid_T200,band_mix,0.045,,106,0.2624
beta_4,4.0,mixed_inside,best_grid_T200,band_mix,0.045,,107,0.2642
beta_4,4.0,mixed_inside,best_grid_T200,band_mix,0.045,,108,0.2654
beta_4,4.0,mixed_inside,best_grid_T200,band_mix,0.045,,109,0.2662
beta_4,4.0,mixed_inside,best_grid_T200,band_mix,0.045,,110,0.2674
beta_4,4.0,mixed_inside,best_grid_T200,band_mix,0.045,,111,0.27
beta_4,4.0,mixed_inside,best_grid_T200,band_mix,0.045,,112,0.2728
beta_4,4.0,mixed_inside,best_grid_T200,band_mix,0.045,,113,0.2746
beta_4,4.0,mixed_inside,best_grid_T200,band_mix,0.045,,114,0.2756
beta_4,4.0,mixed_inside,best_grid_T200,band_mix,0.045,,115,0.277
beta_4,4.0,mixed_inside,best_grid_T200,band_mix,0.045,,116,0.2784
beta_4,4.0,mixed_inside,best_grid_T200,band_mix,0.045,,117,0.2806
beta_4,4.0,mixed_inside,best_grid_T200,band_mix,0.045,,118,0.2818
beta_4,4.0,mixed_inside,best_grid_T200,band_mix,0.045,,119,0.2834
beta_4,4.0,mixed_inside,best_grid_T200,band_mix,0.045,,120,0.284
beta_4,4.0,mixed_inside,best_grid_T200,band_mix,0.045,,121,0.285
beta_4,4.0,mixed_inside,best_grid_T200,band_mix,0.045,,122,0.287
beta_4,4.0,mixed_inside,best_grid_T200,band_mix,0.045,,123,0.2898
beta_4,4.0,mixed_inside,best_grid_T200,band_mix,0.045,,124,0.2912
beta_4,4.0,mixed_inside,best_grid_T200,band_mix,0.045,,125,0.2922
beta_4,4.0,mixed_inside,best_grid_T200,band_mix,0.045,,126,0.294
beta_4,4.0,mixed_inside,best_grid_T200,band_mix,0.045,,127,0.2954
beta_4,4.0,mixed_inside,best_grid_T200,band_mix,0.045,,128,0.2968
beta_4,4.0,mixed_inside,best_grid_T200,band_mix,0.045,,129,0.2984
beta_4,4.0,mixed_inside,best_grid_T200,band_mix,0.045,,130,0.3
beta_4,4.0,mixed_inside,best_grid_T200,band_mix,0.045,,131,0.301
beta_4,4.0,mixed_inside,best_grid_T200,band_mix,0.045,,132,0.302
beta_4,4.0,mixed_inside,best_grid_T200,band_mix,0.045,,133,0.303
beta_4,4.0,mixed_inside,best_grid_T200,band_mix,0.045,,134,0.305
beta_4,4.0,mixed_inside,best_grid_T200,band_mix,0.045,,135,0.3056
beta_4,4.0,mixed_inside,best_grid_T200,band_mix,0.045,,136,0.3078
beta_4,4.0,mixed_inside,best_grid_T200,band_mix,0.045,,137,0.3096
beta_4,4.0,mixed_inside,best_grid_T200,band_mix,0.045,,138,0.3108
beta_4,4.0,mixed_inside,best_grid_T200,band_mix,0.045,,139,0.3122
beta_4,4.0,mixed_inside,best_grid_T200,band_mix,0.045,,140,0.3138
beta_4,4.0,mixed_inside,best_grid_T200,band_mix,0.045,,141,0.3154
beta_4,4.0,mixed_inside,best_grid_T200,band_mix,0.045,,142,0.3162
beta_4,4.0,mixed_inside,best_grid_T200,band_mix,0.045,,143,0.3174
beta_4,4.0,mixed_inside,best_grid_T200,band_mix,0.045,,144,0.3188
beta_4,4.0,mixed_inside,best_grid_T200,band_mix,0.045,,145,0.3202
beta_4,4.0,mixed_inside,best_grid_T200,band_mix,0.045,,146,0.3214
beta_4,4.0,mixed_inside,best_grid_T200,band_mix,0.045,,147,0.3232
beta_4,4.0,mixed_inside,best_grid_T200,band_mix,0.045,,148,0.3248
beta_4,4.0,mixed_inside,best_grid_T200,band_mix,0.045,,149,0.3258
beta_4,4.0,mixed_inside,best_grid_T200,band_mix,0.045,,150,0.327
beta_4,4.0,mixed_inside,best_grid_T200,band_mix,0.045,,151,0.328
beta_4,4.0,mixed_inside,best_grid_T200,band_mix,0.045,,152,0.3294
beta_4,4.0,mixed_inside,best_grid_T200,band_mix,0.045,,153,0.3308
beta_4,4.0,mixed_inside,best_grid_T200,band_mix,0.045,,154,0.3314
beta_4,4.0,mixed_inside,best_grid_T200,band_mix,0.045,,155,0.3326
beta_4,4.0,mixed_inside,best_grid_T200,band_mix,0.045,,156,0.3344
beta_4,4.0,mixed_inside,best_grid_T200,band_mix,0.045,,157,0.3354
beta_4,4.0,mixed_inside,best_grid_T200,band_mix,0.045,,158,0.3364
beta_4,4.0,mixed_inside,best_grid_T200,band_mix,0.045,,159,0.338
beta_4,4.0,mixed_inside,best_grid_T200,band_mix,0.045,,160,0.3386
beta_4,4.0,mixed_inside,best_grid_T200,band_mix,0.045,,161,0.3398
beta_4,4.0,mixed_inside,best_grid_T200,band_mix,0.045,,162,0.3404
beta_4,4.0,mixed_inside,best_grid_T200,band_mix,0.045,,163,0.3414
beta_4,4.0,mixed_inside,best_grid_T200,band_mix,0.045,,164,0.3418
beta_4,4.0,mixed_inside,best_grid_T200,band_mix,0.045,,165,0.343
beta_4,4.0,mixed_inside,best_grid_T200,band_mix,0.045,,166,0.3446
beta_4,4.0,mixed_inside,best_grid_T200,band_mix,0.045,,167,0.346
beta_4,4.0,mixed_inside,best_grid_T200,band_mix,0.045,,168,0.347
beta_4,4.0,mixed_inside,best_grid_T200,band_mix,0.045,,169,0.3478
beta_4,4.0,mixed_inside,best_grid_T200,band_mix,0.045,,170,0.349
beta_4,4.0,mixed_inside,best_grid_T200,band_mix,0.045,,171,0.3496
beta_4,4.0,mixed_inside,best_grid_T200,band_mix,0.045,,172,0.3502
beta_4,4.0,mixed_inside,best_grid_T200,band_mix,0.045,,173,0.3506
beta_4,4.0,mixed_inside,best_grid_T200,band_mix,0.045,,174,0.352
beta_4,4.0,mixed_inside,best_grid_T200,band_mix,0.045,,175,0.3524
beta_4,4.0,mixed_inside,best_grid_T200,band_mix,0.045,,176,0.3528
beta_4,4.0,mixed_inside,best_grid_T200,band_mix,0.045,,177,0.3548
beta_4,4.0,mixed_inside,best_grid_T200,band_mix,0.045,,178,0.3552
beta_4,4.0,mixed_inside,best_grid_T200,band_mix,0.045,,179,0.356
beta_4,4.0,mixed_inside,best_grid_T200,band_mix,0.045,,180,0.3566
beta_4,4.0,mixed_inside,best_grid_T200,band_mix,0.045,,181,0.3576
beta_4,4.0,mixed_inside,best_grid_T200,band_mix,0.045,,182,0.3586
beta_4,4.0,mixed_inside,best_grid_T200,band_mix,0.045,,183,0.3598
beta_4,4.0,mixed_inside,best_grid_T200,band_mix,0.045,,184,0.3602
beta_4,4.0,mixed_inside,best_grid_T200,band_mix,0.045,,185,0.3612
beta_4,4.0,mixed_inside,best_grid_T200,band_mix,0.045,,186,0.3624
beta_4,4.0,mixed_inside,best_grid_T200,band_mix,0.045,,187,0.3626
beta_4,4.0,mixed_inside,best_grid_T200,band_mix,0.045,,188,0.3636
beta_4,4.0,mixed_inside,best_grid_T200,band_mix,0.045,,189,0.3648
beta_4,4.0,mixed_inside,best_grid_T200,band_mix,0.045,,190,0.3662
beta_4,4.0,mixed_inside,best_grid_T200,band_mix,0.045,,191,0.3676
beta_4,4.0,mixed_inside,best_grid_T200,band_mix,0.045,,192,0.3682
beta_4,4.0,mixed_inside,best_grid_T200,band_mix,0.045,,193,0.3682
beta_4,4.0,mixed_inside,best_grid_T200,band_mix,0.045,,194,0.3692
beta_4,4.0,mixed_inside,best_grid_T200,band_mix,0.045,,195,0.3702
beta_4,4.0,mixed_inside,best_grid_T200,band_mix,0.045,,196,0.3704
beta_4,4.0,mixed_inside,best_grid_T200,band_mix,0.045,,197,0.372
beta_4,4.0,mixed_inside,best_grid_T200,band_mix,0.045,,198,0.3728
beta_4,4.0,mixed_inside,best_grid_T200,band_mix,0.045,,199,0.3734
beta_4,4.0,mixed_inside,best_grid_T200,band_mix,0.045,,200,0.3742
beta_4,4.0,mixed_inside,oracle,oracle,,,1,0.0
beta_4,4.0,mixed_inside,oracle,oracle,,,2,0.0
beta_4,4.0,mixed_inside,oracle,oracle,,,3,0.065
beta_4,4.0,mixed_inside,oracle,oracle,,,4,0.1638
beta_4,4.0,mixed_inside,oracle,oracle,,,5,0.268
beta_4,4.0,mixed_inside,oracle,oracle,,,6,0.3634
beta_4,4.0,mixed_inside,oracle,oracle,,,7,0.4454
beta_4,4.0,mixed_inside,oracle,oracle,,,8,0.5138
beta_4,4.0,mixed_inside,oracle,oracle,,,9,0.5722
beta_4,4.0,mixed_inside,oracle,oracle,,,10,0.6228
beta_4,4.0,mixed_inside,oracle,oracle,,,11,0.6642
beta_4,4.0,mixed_inside,oracle,oracle,,,12,0.7024
beta_4,4.0,mixed_inside,oracle,oracle,,,13,0.7326
beta_4,4.0,mixed_inside,oracle,oracle,,,14,0.7644
beta_4,4.0,mixed_inside,oracle,oracle,,,15,0.791
beta_4,4.0,mixed_inside,oracle,oracle,,,16,0.8096
beta_4,4.0,mixed_inside,oracle,oracle,,,17,0.8268
beta_4,4.0,mixed_inside,oracle,oracle,,,18,0.8406
beta_4,4.0,mixed_inside,oracle,oracle,,,19,0.8516
beta_4,4.0,mixed_inside,oracle,oracle,,,20,0.8622
beta_4,4.0,mixed_inside,oracle,oracle,,,21,0.873
beta_4,4.0,mixed_inside,oracle,oracle,,,22,0.8796
beta_4,4.0,mixed_inside,oracle,oracle,,,23,0.8848
beta_4,4.0,mixed_inside,oracle,oracle,,,24,0.891
beta_4,4.0,mixed_inside,oracle,oracle,,,25,0.8972
beta_4,4.0,mixed_inside,oracle,oracle,,,26,0.9008
beta_4,4.0,mixed_inside,oracle,oracle,,,27,0.9052
beta_4,4.0,mixed_inside,oracle,oracle,,,28,0.9104
beta_4,4.0,mixed_inside,oracle,oracle,,,29,0.9132
beta_4,4.0,mixed_inside,oracle,oracle,,,30,0.9174
beta_4,4.0,mixed_inside,oracle,oracle,,,31,0.9214
beta_4,4.0,mixed_inside,oracle,oracle,,,32,0.9242
beta_4,4.0,mixed_inside,oracle,oracle,,,33,0.9262
beta_4,4.0,mixed_inside,oracle,oracle,,,34,0.9288
beta_4,4.0,mixed_inside,oracle,oracle,,,35,0.9312
beta_4,4.0,mixed_inside,oracle,oracle,,,36,0.9334
beta_4,4.0,mixed_inside,oracle,oracle,,,37,0.9346
beta_4,4.0,mixed_inside,oracle,oracle,,,38,0.9362
beta_4,4.0,mixed_inside,oracle,oracle,,,39,0.9378
beta_4,4.0,mixed_inside,oracle,oracle,,,40,0.939
beta_4,4.0,mixed_inside,oracle,oracle,,,41,0.9404
beta_4,4.0,mixed_inside,oracle,oracle,,,42,0.9414
beta_4,4.0,mixed_inside,oracle,oracle,,,43,0.9424
beta_4,4.0,mixed_inside,oracle,oracle,,,44,0.9434
beta_4,4.0,mixed_inside,oracle,oracle,,,45,0.9452
beta_4,4.0,mixed_inside,oracle,oracle,,,46,0.946
beta_4,4.0,mixed_inside,oracle,oracle,,,47,0.9474
beta_4,4.0,mixed_inside,oracle,oracle,,,48,0.9484
beta_4,4.0,mixed_inside,oracle,oracle,,,49,0.9498
beta_4,4.0,mixed_inside,oracle,oracle,,,50,0.9498
beta_4,4.0,mixed_inside,oracle,oracle,,,51,0.9514
beta_4,4.0,mixed_inside,oracle,oracle,,,52,0.9522
beta_4,4.0,mixed_inside,oracle,oracle,,,53,0.9526
beta_4,4.0,mixed_inside,oracle,oracle,,,54,0.9542
beta_4,4.0,mixed_inside,oracle,oracle,,,55,0.955
beta_4,4.0,mixed_inside,oracle,oracle,,,56,0.9564
beta_4,4.0,mixed_inside,oracle,oracle,,,57,0.9564
beta_4,4.0,mixed_inside,oracle,oracle,,,58,0.9574
beta_4,4.0,mixed_inside,oracle,oracle,,,59,0.9576
beta_4,4.0,mixed_inside,oracle,oracle,,,60,0.9578
beta_4,4.0,mixed_inside,oracle,oracle,,,61,0.9586
beta_4,4.0,mixed_inside,oracle,oracle,,,62,0.959
beta_4,4.0,mixed_inside,oracle,oracle,,,63,0.9592
beta_4,4.0,mixed_inside,oracle,oracle,,,64,0.96
beta_4,4.0,mixed_inside,oracle,oracle,,,65,0.9612
beta_4,4.0,mixed_inside,oracle,oracle,,,66,0.9618
beta_4,4.0,mixed_inside,oracle,oracle,,,67,0.9624
beta_4,4.0,mixed_inside,oracle,oracle,,,68,0.9626
beta_4,4.0,mixed_inside,oracle,oracle,,,69,0.9636
beta_4,4.0,mixed_inside,oracle,oracle,,,70,0.9638
beta_4,4.0,mixed_inside,oracle,oracle,,,71,0.964
beta_4,4.0,mixed_inside,oracle,oracle,,,72,0.9642
beta_4,4.0,mixed_inside,oracle,oracle,,,73,0.9642
beta_4,4.0,mixed_inside,oracle,oracle,,,74,0.9646
beta_4,4.0,mixed_inside,oracle,oracle,,,75,0.9654
beta_4,4.0,mixed_inside,oracle,oracle,,,76,0.9656
beta_4,4.0,mixed_inside,oracle,oracle,,,77,0.9662
beta_4,4.0,mixed_inside,oracle,oracle,,,78,0.9664
beta_4,4.0,mixed_inside,oracle,oracle,,,79,0.967
beta_4,4.0,mixed_inside,oracle,oracle,,,80,0.967
beta_4,4.0,mixed_inside,oracle,oracle,,,81,0.9672
beta_4,4.0,mixed_inside,oracle,oracle,,,82,0.9678
beta_4,4.0,mixed_inside,oracle,oracle,,,83,0.9678
beta_4,4.0,mixed_inside,oracle,oracle,,,84,0.9678
beta_4,4.0,mixed_inside,oracle,oracle,,,85,0.968
beta_4,4.0,mixed_inside,oracle,oracle,,,86,0.968
beta_4,4.0,mixed_inside,oracle,oracle,,,87,0.9682
beta_4,4.0,mixed_inside,oracle,oracle,,,88,0.9688
beta_4,4.0,mixed_inside,oracle,oracle,,,89,0.9692
beta_4,4.0,mixed_inside,oracle,oracle,,,90,0.9694
beta_4,4.0,mixed_inside,oracle,oracle,,,91,0.97
beta_4,4.0,mixed_inside,oracle,oracle,,,92,0.97
beta_4,4.0,mixed_inside,oracle,oracle,,,93,0.97
beta_4,4.0,mixed_inside,oracle,oracle,,,94,0.97
beta_4,4.0,mixed_inside,oracle,oracle,,,95,0.97
beta_4,4.0,mixed_inside,oracle,oracle,,,96,0.9702
beta_4,4.0,mixed_inside,oracle,oracle,,,97,0.9704
beta_4,4.0,mixed_inside,oracle,oracle,,,98,0.9704
beta_4,4.0,mixed_inside,oracle,oracle,,,99,0.9708
beta_4,4.0,mixed_inside,oracle,oracle,,,100,0.9708
beta_4,4.0,mixed_inside,oracle,oracle,,,101,0.9708
beta_4,4.0,mixed_inside,oracle,oracle,,,102,0.9708
beta_4,4.0,mixed_inside,oracle,oracle,,,103,0.9708
beta_4,4.0,mixed_inside,oracle,oracle,,,104,0.9712
beta_4,4.0,mixed_inside,oracle,oracle,,,105,0.9712
beta_4,4.0,mixed_inside,oracle,oracle,,,106,0.9716
beta_4,4.0,mixed_inside,oracle,oracle,,,107,0.9718
beta_4,4.0,mixed_inside,oracle,oracle,,,108,0.972
beta_4,4.0,mixed_inside,oracle,oracle,,,109,0.972
beta_4,4.0,mixed_inside,oracle,oracle,,,110,0.972
beta_4,4.0,mixed_inside,oracle,oracle,,,111,0.9722
beta_4,4.0,mixed_inside,oracle,oracle,,,112,0.9726
beta_4,4.0,mixed_inside,oracle,oracle,,,113,0.9728
beta_4,4.0,mixed_inside,oracle,oracle,,,114,0.9728
beta_4,4.0,mixed_inside,oracle,oracle,,,115,0.9728
beta_4,4.0,mixed_inside,oracle,oracle,,,116,0.973
beta_4,4.0,mixed_inside,oracle,oracle,,,117,0.973
beta_4,4.0,mixed_inside,oracle,oracle,,,118,0.973
beta_4,4.0,mixed_inside,oracle,oracle,,,119,0.9732
beta_4,4.0,mixed_inside,oracle,oracle,,,120,0.9732
beta_4,4.0,mixed_inside,oracle,oracle,,,121,0.9734
beta_4,4.0,mixed_inside,oracle,oracle,,,122,0.9734
beta_4,4.0,mixed_inside,oracle,oracle,,,123,0.9734
beta_4,4.0,mixed_inside,oracle,oracle,,,124,0.9736
beta_4,4.0,mixed_inside,oracle,oracle,,,125,0.9736
beta_4,4.0,mixed_inside,oracle,oracle,,,126,0.9738
beta_4,4.0,mixed_inside,oracle,oracle,,,127,0.9738
beta_4,4.0,mixed_inside,oracle,oracle,,,128,0.9738
beta_4,4.0,mixed_inside,oracle,oracle,,,129,0.9738
beta_4,4.0,mixed_inside,oracle,oracle,,,130,0.9738
beta_4,4.0,mixed_inside,oracle,oracle,,,131,0.974
beta_4,4.0,mixed_inside,oracle,oracle,,,132,0.9742
beta_4,4.0,mixed_inside,oracle,oracle,,,133,0.9744
beta_4,4.0,mixed_inside,oracle,oracle,,,134,0.9744
beta_4,4.0,mixed_inside,oracle,oracle,,,135,0.9744
beta_4,4.0,mixed_inside,oracle,oracle,,,136,0.9744
beta_4,4.0,mixed_inside,oracle,oracle,,,137,0.9746
beta_4,4.0,mixed_inside,oracle,oracle,,,138,0.9748
beta_4,4.0,mixed_inside,oracle,oracle,,,139,0.9752
beta_4,4.0,mixed_inside,oracle,oracle,,,140,0.9756
beta_4,4.0,mixed_inside,oracle,oracle,,,141,0.9756
beta_4,4.0,mixed_inside,oracle,oracle,,,142,0.9758
beta_4,4.0,mixed_inside,oracle,oracle,,,143,0.9758
beta_4,4.0,mixed_inside,oracle,oracle,,,144,0.9758
beta_4,4.0,mixed_inside,oracle,oracle,,,145,0.976
beta_4,4.0,mixed_inside,oracle,oracle,,,146,0.9762
beta_4,4.0,mixed_inside,oracle,oracle,,,147,0.9766
beta_4,4.0,mixed_inside,oracle,oracle,,,148,0.9768
beta_4,4.0,mixed_inside,oracle,oracle,,,149,0.977
beta_4,4.0,mixed_inside,oracle,oracle,,,150,0.9772
beta_4,4.0,mixed_inside,oracle,oracle,,,151,0.9774
beta_4,4.0,mixed_inside,oracle,oracle,,,152,0.9774
beta_4,4.0,mixed_inside,oracle,oracle,,,153,0.9774
beta_4,4.0,mixed_inside,oracle,oracle,,,154,0.9774
beta_4,4.0,mixed_inside,oracle,oracle,,,155,0.9776
beta_4,4.0,mixed_inside,oracle,oracle,,,156,0.9776
beta_4,4.0,mixed_inside,oracle,oracle,,,157,0.9776
beta_4,4.0,mixed_inside,oracle,oracle,,,158,0.9776
beta_4,4.0,mixed_inside,oracle,oracle,,,159,0.9778
beta_4,4.0,mixed_inside,oracle,oracle,,,160,0.978
beta_4,4.0,mixed_inside,oracle,oracle,,,161,0.978
beta_4,4.0,mixed_inside,oracle,oracle,,,162,0.9782
beta_4,4.0,mixed_inside,oracle,oracle,,,163,0.9782
beta_4,4.0,mixed_inside,oracle,oracle,,,164,0.9782
beta_4,4.0,mixed_inside,oracle,oracle,,,165,0.9782
beta_4,4.0,mixed_inside,oracle,oracle,,,166,0.9782
beta_4,4.0,mixed_inside,oracle,oracle,,,167,0.9782
beta_4,4.0,mixed_inside,oracle,oracle,,,168,0.9782
beta_4,4.0,mixed_inside,oracle,oracle,,,169,0.9784
beta_4,4.0,mixed_inside,oracle,oracle,,,170,0.9792
beta_4,4.0,mixed_inside,oracle,oracle,,,171,0.9792
beta_4,4.0,mixed_inside,oracle,oracle,,,172,0.9792
beta_4,4.0,mixed_inside,oracle,oracle,,,173,0.9794
beta_4,4.0,mixed_inside,oracle,oracle,,,174,0.9794
beta_4,4.0,mixed_inside,oracle,oracle,,,175,0.9794
beta_4,4.0,mixed_inside,oracle,oracle,,,176,0.9794
beta_4,4.0,mixed_inside,oracle,oracle,,,177,0.9794
beta_4,4.0,mixed_inside,oracle,oracle,,,178,0.9794
beta_4,4.0,mixed_inside,oracle,oracle,,,179,0.9794
beta_4,4.0,mixed_inside,oracle,oracle,,,180,0.9794
beta_4,4.0,mixed_inside,oracle,oracle,,,181,0.9796
beta_4,4.0,mixed_inside,oracle,oracle,,,182,0.9796
beta_4,4.0,mixed_inside,oracle,oracle,,,183,0.9798
beta_4,4.0,mixed_inside,oracle,oracle,,,184,0.9798
beta_4,4.0,mixed_inside,oracle,oracle,,,185,0.9798
beta_4,4.0,mixed_inside,oracle,oracle,,,186,0.9798
beta_4,4.0,mixed_inside,oracle,oracle,,,187,0.98
beta_4,4.0,mixed_inside,oracle,oracle,,,188,0.9804
beta_4,4.0,mixed_inside,oracle,oracle,,,189,0.9804
beta_4,4.0,mixed_inside,oracle,oracle,,,190,0.9804
beta_4,4.0,mixed_inside,oracle,oracle,,,191,0.9804
beta_4,4.0,mixed_inside,oracle,oracle,,,192,0.9804
beta_4,4.0,mixed_inside,oracle,oracle,,,193,0.9806
beta_4,4.0,mixed_inside,oracle,oracle,,,194,0.9806
beta_4,4.0,mixed_inside,oracle,oracle,,,195,0.9806
beta_4,4.0,mixed_inside,oracle,oracle,,,196,0.9806
beta_4,4.0,mixed_inside,oracle,oracle,,,197,0.9808
beta_4,4.0,mixed_inside,oracle,oracle,,,198,0.9808
beta_4,4.0,mixed_inside,oracle,oracle,,,199,0.981
beta_4,4.0,mixed_inside,oracle,oracle,,,200,0.981
beta_4,4.0,random_static_inside,static,static,,,1,0.0
beta_4,4.0,random_static_inside,static,static,,,2,0.0
beta_4,4.0,random_static_inside,static,static,,,3,0.0502
beta_4,4.0,random_static_inside,static,static,,,4,0.1304
beta_4,4.0,random_static_inside,static,static,,,5,0.2162
beta_4,4.0,random_static_inside,static,static,,,6,0.2978
beta_4,4.0,random_static_inside,static,static,,,7,0.3706
beta_4,4.0,random_static_inside,static,static,,,8,0.4246
beta_4,4.0,random_static_inside,static,static,,,9,0.4784
beta_4,4.0,random_static_inside,static,static,,,10,0.527
beta_4,4.0,random_static_inside,static,static,,,11,0.569
beta_4,4.0,random_static_inside,static,static,,,12,0.6032
beta_4,4.0,random_static_inside,static,static,,,13,0.6306
beta_4,4.0,random_static_inside,static,static,,,14,0.6578
beta_4,4.0,random_static_inside,static,static,,,15,0.6858
beta_4,4.0,random_static_inside,static,static,,,16,0.7076
beta_4,4.0,random_static_inside,static,static,,,17,0.7252
beta_4,4.0,random_static_inside,static,static,,,18,0.7398
beta_4,4.0,random_static_inside,static,static,,,19,0.7524
beta_4,4.0,random_static_inside,static,static,,,20,0.7668
beta_4,4.0,random_static_inside,static,static,,,21,0.778
beta_4,4.0,random_static_inside,static,static,,,22,0.7872
beta_4,4.0,random_static_inside,static,static,,,23,0.7948
beta_4,4.0,random_static_inside,static,static,,,24,0.8028
beta_4,4.0,random_static_inside,static,static,,,25,0.8114
beta_4,4.0,random_static_inside,static,static,,,26,0.8174
beta_4,4.0,random_static_inside,static,static,,,27,0.8236
beta_4,4.0,random_static_inside,static,static,,,28,0.8302
beta_4,4.0,random_static_inside,static,static,,,29,0.8344
beta_4,4.0,random_static_inside,static,static,,,30,0.841
beta_4,4.0,random_static_inside,static,static,,,31,0.846
beta_4,4.0,random_static_inside,static,static,,,32,0.849
beta_4,4.0,random_static_inside,static,static,,,33,0.8536
beta_4,4.0,random_static_inside,static,static,,,34,0.8564
beta_4,4.0,random_static_inside,static,static,,,35,0.8594
beta_4,4.0,random_static_inside,static,static,,,36,0.8634
beta_4,4.0,random_static_inside,static,static,,,37,0.8666
beta_4,4.0,random_static_inside,static,static,,,38,0.8708
beta_4,4.0,random_static_inside,static,static,,,39,0.873
beta_4,4.0,random_static_inside,static,static,,,40,0.8746
beta_4,4.0,random_static_inside,static,static,,,41,0.8768
beta_4,4.0,random_static_inside,static,static,,,42,0.879
beta_4,4.0,random_static_inside,static,static,,,43,0.8806
beta_4,4.0,random_static_inside,static,static,,,44,0.882
beta_4,4.0,random_static_inside,static,static,,,45,0.8824
beta_4,4.0,random_static_inside,static,static,,,46,0.8844
beta_4,4.0,random_static_inside,static,static,,,47,0.8862
beta_4,4.0,random_static_inside,static,static,,,48,0.888
beta_4,4.0,random_static_inside,static,static,,,49,0.891
beta_4,4.0,random_static_inside,static,static,,,50,0.8926
beta_4,4.0,random_static_inside,static,static,,,51,0.8946
beta_4,4.0,random_static_inside,static,static,,,52,0.8962
beta_4,4.0,random_static_inside,static,static,,,53,0.897
beta_4,4.0,random_static_inside,static,static,,,54,0.8986
beta_4,4.0,random_static_inside,static,static,,,55,0.8996
beta_4,4.0,random_static_inside,static,static,,,56,0.901
beta_4,4.0,random_static_inside,static,static,,,57,0.903
beta_4,4.0,random_static_inside,static,static,,,58,0.9044
beta_4,4.0,random_static_inside,static,static,,,59,0.9046
beta_4,4.0,random_static_inside,static,static,,,60,0.905
beta_4,4.0,random_static_inside,static,static,,,61,0.906
beta_4,4.0,random_static_inside,static,static,,,62,0.9072
beta_4,4.0,random_static_inside,static,static,,,63,0.9076
beta_4,4.0,random_static_inside,static,static,,,64,0.9086
beta_4,4.0,random_static_inside,static,static,,,65,0.9098
beta_4,4.0,random_static_inside,static,static,,,66,0.9104
beta_4,4.0,random_static_inside,static,static,,,67,0.911
beta_4,4.0,random_static_inside,static,static,,,68,0.9122
beta_4,4.0,random_static_inside,static,static,,,69,0.9132
beta_4,4.0,random_static_inside,static,static,,,70,0.9136
beta_4,4.0,random_static_inside,static,static,,,71,0.9138
beta_4,4.0,random_static_inside,static,static,,,72,0.915
beta_4,4.0,random_static_inside,static,static,,,73,0.9156
beta_4,4.0,random_static_inside,static,static,,,74,0.9168
beta_4,4.0,random_static_inside,static,static,,,75,0.9176
beta_4,4.0,random_static_inside,static,static,,,76,0.918
beta_4,4.0,random_static_inside,static,static,,,77,0.9186
beta_4,4.0,random_static_inside,static,static,,,78,0.9192
beta_4,4.0,random_static_inside,static,static,,,79,0.92
beta_4,4.0,random_static_inside,static,static,,,80,0.9206
beta_4,4.0,random_static_inside,static,static,,,81,0.9206
beta_4,4.0,random_static_inside,static,static,,,82,0.9206
beta_4,4.0,random_static_inside,static,static,,,83,0.9212
beta_4,4.0,random_static_inside,static,static,,,84,0.9214
beta_4,4.0,random_static_inside,static,static,,,85,0.9222
beta_4,4.0,random_static_inside,static,static,,,86,0.9226
beta_4,4.0,random_static_inside,static,static,,,87,0.9226
beta_4,4.0,random_static_inside,static,static,,,88,0.923
beta_4,4.0,random_static_inside,static,static,,,89,0.9236
beta_4,4.0,random_static_inside,static,static,,,90,0.9236
beta_4,4.0,random_static_inside,static,static,,,91,0.9242
beta_4,4.0,random_static_inside,static,static,,,92,0.9246
beta_4,4.0,random_static_inside,static,static,,,93,0.9252
beta_4,4.0,random_static_inside,static,static,,,94,0.9254
beta_4,4.0,random_static_inside,static,static,,,95,0.9258
beta_4,4.0,random_static_inside,static,static,,,96,0.9258
beta_4,4.0,random_static_inside,static,static,,,97,0.9264
beta_4,4.0,random_static_inside,static,static,,,98,0.9268
beta_4,4.0,random_static_inside,static,static,,,99,0.9276
beta_4,4.0,random_static_inside,static,static,,,100,0.9284
beta_4,4.0,random_static_inside,static,static,,,101,0.9284
beta_4,4.0,random_static_inside,static,static,,,102,0.9292
beta_4,4.0,random_static_inside,static,static,,,103,0.9294
beta_4,4.0,random_static_inside,static,static,,,104,0.9296
beta_4,4.0,random_static_inside,static,static,,,105,0.9298
beta_4,4.0,random_static_inside,static,static,,,106,0.93
beta_4,4.0,random_static_inside,static,static,,,107,0.9304
beta_4,4.0,random_static_inside,static,static,,,108,0.9306
beta_4,4.0,random_static_inside,static,static,,,109,0.9306
beta_4,4.0,random_static_inside,static,static,,,110,0.9308
beta_4,4.0,random_static_inside,static,static,,,111,0.9312
beta_4,4.0,random_static_inside,static,static,,,112,0.932
beta_4,4.0,random_static_inside,static,static,,,113,0.9322
beta_4,4.0,random_static_inside,static,static,,,114,0.933
beta_4,4.0,random_static_inside,static,static,,,115,0.9332
beta_4,4.0,random_static_inside,static,static,,,116,0.9332
beta_4,4.0,random_static_inside,static,static,,,117,0.9334
beta_4,4.0,random_static_inside,static,static,,,118,0.9336
beta_4,4.0,random_static_inside,static,static,,,119,0.934
beta_4,4.0,random_static_inside,static,static,,,120,0.9342
beta_4,4.0,random_static_inside,static,static,,,121,0.9348
beta_4,4.0,random_static_inside,static,static,,,122,0.9352
beta_4,4.0,random_static_inside,static,static,,,123,0.9356
beta_4,4.0,random_static_inside,static,static,,,124,0.936
beta_4,4.0,random_static_inside,static,static,,,125,0.9362
beta_4,4.0,random_static_inside,static,static,,,126,0.9364
beta_4,4.0,random_static_inside,static,static,,,127,0.9366
beta_4,4.0,random_static_inside,static,static,,,128,0.9368
beta_4,4.0,random_static_inside,static,static,,,129,0.9368
beta_4,4.0,random_static_inside,static,static,,,130,0.9374
beta_4,4.0,random_static_inside,static,static,,,131,0.9376
beta_4,4.0,random_static_inside,static,static,,,132,0.9376
beta_4,4.0,random_static_inside,static,static,,,133,0.9378
beta_4,4.0,random_static_inside,static,static,,,134,0.938
beta_4,4.0,random_static_inside,static,static,,,135,0.9382
beta_4,4.0,random_static_inside,static,static,,,136,0.9382
beta_4,4.0,random_static_inside,static,static,,,137,0.9382
beta_4,4.0,random_static_inside,static,static,,,138,0.9382
beta_4,4.0,random_static_inside,static,static,,,139,0.9382
beta_4,4.0,random_static_inside,static,static,,,140,0.9382
beta_4,4.0,random_static_inside,static,static,,,141,0.9382
beta_4,4.0,random_static_inside,static,static,,,142,0.9382
beta_4,4.0,random_static_inside,static,static,,,143,0.939
beta_4,4.0,random_static_inside,static,static,,,144,0.9392
beta_4,4.0,random_static_inside,static,static,,,145,0.9394
beta_4,4.0,random_static_inside,static,static,,,146,0.9394
beta_4,4.0,random_static_inside,static,static,,,147,0.9394
beta_4,4.0,random_static_inside,static,static,,,148,0.9394
beta_4,4.0,random_static_inside,static,static,,,149,0.9398
beta_4,4.0,random_static_inside,static,static,,,150,0.94
beta_4,4.0,random_static_inside,static,static,,,151,0.9404
beta_4,4.0,random_static_inside,static,static,,,152,0.9404
beta_4,4.0,random_static_inside,static,static,,,153,0.9406
beta_4,4.0,random_static_inside,static,static,,,154,0.9408
beta_4,4.0,random_static_inside,static,static,,,155,0.9412
beta_4,4.0,random_static_inside,static,static,,,156,0.9412
beta_4,4.0,random_static_inside,static,static,,,157,0.9412
beta_4,4.0,random_static_inside,static,static,,,158,0.9414
beta_4,4.0,random_static_inside,static,static,,,159,0.9416
beta_4,4.0,random_static_inside,static,static,,,160,0.9418
beta_4,4.0,random_static_inside,static,static,,,161,0.942
beta_4,4.0,random_static_inside,static,static,,,162,0.942
beta_4,4.0,random_static_inside,static,static,,,163,0.942
beta_4,4.0,random_static_inside,static,static,,,164,0.9422
beta_4,4.0,random_static_inside,static,static,,,165,0.9424
beta_4,4.0,random_static_inside,static,static,,,166,0.9428
beta_4,4.0,random_static_inside,static,static,,,167,0.9428
beta_4,4.0,random_static_inside,static,static,,,168,0.9428
beta_4,4.0,random_static_inside,static,static,,,169,0.9428
beta_4,4.0,random_static_inside,static,static,,,170,0.9428
beta_4,4.0,random_static_inside,static,static,,,171,0.9432
beta_4,4.0,random_static_inside,static,static,,,172,0.9434
beta_4,4.0,random_static_inside,static,static,,,173,0.9436
beta_4,4.0,random_static_inside,static,static,,,174,0.9438
beta_4,4.0,random_static_inside,static,static,,,175,0.9438
beta_4,4.0,random_static_inside,static,static,,,176,0.9438
beta_4,4.0,random_static_inside,static,static,,,177,0.944
beta_4,4.0,random_static_inside,static,static,,,178,0.944
beta_4,4.0,random_static_inside,static,static,,,179,0.944
beta_4,4.0,random_static_inside,static,static,,,180,0.944
beta_4,4.0,random_static_inside,static,static,,,181,0.9444
beta_4,4.0,random_static_inside,static,static,,,182,0.9444
beta_4,4.0,random_static_inside,static,static,,,183,0.9446
beta_4,4.0,random_static_inside,static,static,,,184,0.9446
beta_4,4.0,random_static_inside,static,static,,,185,0.9448
beta_4,4.0,random_static_inside,static,static,,,186,0.9452
beta_4,4.0,random_static_inside,static,static,,,187,0.9452
beta_4,4.0,random_static_inside,static,static,,,188,0.9452
beta_4,4.0,random_static_inside,static,static,,,189,0.9452
beta_4,4.0,random_static_inside,static,static,,,190,0.9452
beta_4,4.0,random_static_inside,static,static,,,191,0.9454
beta_4,4.0,random_static_inside,static,static,,,192,0.9456
beta_4,4.0,random_static_inside,static,static,,,193,0.9456
beta_4,4.0,random_static_inside,static,static,,,194,0.9456
beta_4,4.0,random_static_inside,static,static,,,195,0.9456
beta_4,4.0,random_static_inside,static,static,,,196,0.9458
beta_4,4.0,random_static_inside,static,static,,,197,0.9462
beta_4,4.0,random_static_inside,static,static,,,198,0.9464
beta_4,4.0,random_static_inside,static,static,,,199,0.9466
beta_4,4.0,random_static_inside,static,static,,,200,0.9468
beta_4,4.0,random_static_inside,primary_baseline,band_mix,0.045,,1,0.0
beta_4,4.0,random_static_inside,primary_baseline,band_mix,0.045,,2,0.0
beta_4,4.0,random_static_inside,primary_baseline,band_mix,0.045,,3,0.0
beta_4,4.0,random_static_inside,primary_baseline,band_mix,0.045,,4,0.0
beta_4,4.0,random_static_inside,primary_baseline,band_mix,0.045,,5,0.0
beta_4,4.0,random_static_inside,primary_baseline,band_mix,0.045,,6,0.0
beta_4,4.0,random_static_inside,primary_baseline,band_mix,0.045,,7,0.0
beta_4,4.0,random_static_inside,primary_baseline,band_mix,0.045,,8,0.0
beta_4,4.0,random_static_inside,primary_baseline,band_mix,0.045,,9,0.0
beta_4,4.0,random_static_inside,primary_baseline,band_mix,0.045,,10,0.0
beta_4,4.0,random_static_inside,primary_baseline,band_mix,0.045,,11,0.0
beta_4,4.0,random_static_inside,primary_baseline,band_mix,0.045,,12,0.0
beta_4,4.0,random_static_inside,primary_baseline,band_mix,0.045,,13,0.0
beta_4,4.0,random_static_inside,primary_baseline,band_mix,0.045,,14,0.0
beta_4,4.0,random_static_inside,primary_baseline,band_mix,0.045,,15,0.0
beta_4,4.0,random_static_inside,primary_baseline,band_mix,0.045,,16,0.0
beta_4,4.0,random_static_inside,primary_baseline,band_mix,0.045,,17,0.0
beta_4,4.0,random_static_inside,primary_baseline,band_mix,0.045,,18,0.0
beta_4,4.0,random_static_inside,primary_baseline,band_mix,0.045,,19,0.0002
beta_4,4.0,random_static_inside,primary_baseline,band_mix,0.045,,20,0.0004
beta_4,4.0,random_static_inside,primary_baseline,band_mix,0.045,,21,0.0008
beta_4,4.0,random_static_inside,primary_baseline,band_mix,0.045,,22,0.0016
beta_4,4.0,random_static_inside,primary_baseline,band_mix,0.045,,23,0.0022
beta_4,4.0,random_static_inside,primary_baseline,band_mix,0.045,,24,0.003
beta_4,4.0,random_static_inside,primary_baseline,band_mix,0.045,,25,0.0042
beta_4,4.0,random_static_inside,primary_baseline,band_mix,0.045,,26,0.0072
beta_4,4.0,random_static_inside,primary_baseline,band_mix,0.045,,27,0.0098
beta_4,4.0,random_static_inside,primary_baseline,band_mix,0.045,,28,0.0126
beta_4,4.0,random_static_inside,primary_baseline,band_mix,0.045,,29,0.017
beta_4,4.0,random_static_inside,primary_baseline,band_mix,0.045,,30,0.019
beta_4,4.0,random_static_inside,primary_baseline,band_mix,0.045,,31,0.0226
beta_4,4.0,random_static_inside,primary_baseline,band_mix,0.045,,32,0.0274
beta_4,4.0,random_static_inside,primary_baseline,band_mix,0.045,,33,0.0306
beta_4,4.0,random_static_inside,primary_baseline,band_mix,0.045,,34,0.036
beta_4,4.0,random_static_inside,primary_baseline,band_mix,0.045,,35,0.0404
beta_4,4.0,random_static_inside,primary_baseline,band_mix,0.045,,36,0.0446
beta_4,4.0,random_static_inside,primary_baseline,band_mix,0.045,,37,0.0498
beta_4,4.0,random_static_inside,primary_baseline,band_mix,0.045,,38,0.0538
beta_4,4.0,random_static_inside,primary_baseline,band_mix,0.045,,39,0.0576
beta_4,4.0,random_static_inside,primary_baseline,band_mix,0.045,,40,0.0624
beta_4,4.0,random_static_inside,primary_baseline,band_mix,0.045,,41,0.0676
beta_4,4.0,random_static_inside,primary_baseline,band_mix,0.045,,42,0.071
beta_4,4.0,random_static_inside,primary_baseline,band_mix,0.045,,43,0.0756
beta_4,4.0,random_static_inside,primary_baseline,band_mix,0.045,,44,0.0824
beta_4,4.0,random_static_inside,primary_baseline,band_mix,0.045,,45,0.0864
beta_4,4.0,random_static_inside,primary_baseline,band_mix,0.045,,46,0.0914
beta_4,4.0,random_static_inside,primary_baseline,band_mix,0.045,,47,0.0958
beta_4,4.0,random_static_inside,primary_baseline,band_mix,0.045,,48,0.0988
beta_4,4.0,random_static_inside,primary_baseline,band_mix,0.045,,49,0.1026
beta_4,4.0,random_static_inside,primary_baseline,band_mix,0.045,,50,0.1074
beta_4,4.0,random_static_inside,primary_baseline,band_mix,0.045,,51,0.1118
beta_4,4.0,random_static_inside,primary_baseline,band_mix,0.045,,52,0.117
beta_4,4.0,random_static_inside,primary_baseline,band_mix,0.045,,53,0.121
beta_4,4.0,random_static_inside,primary_baseline,band_mix,0.045,,54,0.1254
beta_4,4.0,random_static_inside,primary_baseline,band_mix,0.045,,55,0.1288
beta_4,4.0,random_static_inside,primary_baseline,band_mix,0.045,,56,0.1328
beta_4,4.0,random_static_inside,primary_baseline,band_mix,0.045,,57,0.1378
beta_4,4.0,random_static_inside,primary_baseline,band_mix,0.045,,58,0.144
beta_4,4.0,random_static_inside,primary_baseline,band_mix,0.045,,59,0.149
beta_4,4.0,random_static_inside,primary_baseline,band_mix,0.045,,60,0.1522
beta_4,4.0,random_static_inside,primary_baseline,band_mix,0.045,,61,0.1562
beta_4,4.0,random_static_inside,primary_baseline,band_mix,0.045,,62,0.1604
beta_4,4.0,random_static_inside,primary_baseline,band_mix,0.045,,63,0.1648
beta_4,4.0,random_static_inside,primary_baseline,band_mix,0.045,,64,0.1692
beta_4,4.0,random_static_inside,primary_baseline,band_mix,0.045,,65,0.1738
beta_4,4.0,random_static_inside,primary_baseline,band_mix,0.045,,66,0.1772
beta_4,4.0,random_static_inside,primary_baseline,band_mix,0.045,,67,0.1788
beta_4,4.0,random_static_inside,primary_baseline,band_mix,0.045,,68,0.1812
beta_4,4.0,random_static_inside,primary_baseline,band_mix,0.045,,69,0.184
beta_4,4.0,random_static_inside,primary_baseline,band_mix,0.045,,70,0.1882
beta_4,4.0,random_static_inside,primary_baseline,band_mix,0.045,,71,0.191
beta_4,4.0,random_static_inside,primary_baseline,band_mix,0.045,,72,0.1946
beta_4,4.0,random_static_inside,primary_baseline,band_mix,0.045,,73,0.198
beta_4,4.0,random_static_inside,primary_baseline,band_mix,0.045,,74,0.202
beta_4,4.0,random_static_inside,primary_baseline,band_mix,0.045,,75,0.205
beta_4,4.0,random_static_inside,primary_baseline,band_mix,0.045,,76,0.2076
beta_4,4.0,random_static_inside,primary_baseline,band_mix,0.045,,77,0.2098
beta_4,4.0,random_static_inside,primary_baseline,band_mix,0.045,,78,0.2128
beta_4,4.0,random_static_inside,primary_baseline,band_mix,0.045,,79,0.2158
beta_4,4.0,random_static_inside,primary_baseline,band_mix,0.045,,80,0.2194
beta_4,4.0,random_static_inside,primary_baseline,band_mix,0.045,,81,0.2218
beta_4,4.0,random_static_inside,primary_baseline,band_mix,0.045,,82,0.2238
beta_4,4.0,random_static_inside,primary_baseline,band_mix,0.045,,83,0.2284
beta_4,4.0,random_static_inside,primary_baseline,band_mix,0.045,,84,0.2316
beta_4,4.0,random_static_inside,primary_baseline,band_mix,0.045,,85,0.2346
beta_4,4.0,random_static_inside,primary_baseline,band_mix,0.045,,86,0.2364
beta_4,4.0,random_static_inside,primary_baseline,band_mix,0.045,,87,0.2394
beta_4,4.0,random_static_inside,primary_baseline,band_mix,0.045,,88,0.2414
beta_4,4.0,random_static_inside,primary_baseline,band_mix,0.045,,89,0.244
beta_4,4.0,random_static_inside,primary_baseline,band_mix,0.045,,90,0.2462
beta_4,4.0,random_static_inside,primary_baseline,band_mix,0.045,,91,0.249
beta_4,4.0,random_static_inside,primary_baseline,band_mix,0.045,,92,0.2514
beta_4,4.0,random_static_inside,primary_baseline,band_mix,0.045,,93,0.2526
beta_4,4.0,random_static_inside,primary_baseline,band_mix,0.045,,94,0.2556
beta_4,4.0,random_static_inside,primary_baseline,band_mix,0.045,,95,0.2582
beta_4,4.0,random_static_inside,primary_baseline,band_mix,0.045,,96,0.2604
beta_4,4.0,random_static_inside,primary_baseline,band_mix,0.045,,97,0.2624
beta_4,4.0,random_static_inside,primary_baseline,band_mix,0.045,,98,0.2646
beta_4,4.0,random_static_inside,primary_baseline,band_mix,0.045,,99,0.2682
beta_4,4.0,random_static_inside,primary_baseline,band_mix,0.045,,100,0.2712
beta_4,4.0,random_static_inside,primary_baseline,band_mix,0.045,,101,0.2742
beta_4,4.0,random_static_inside,primary_baseline,band_mix,0.045,,102,0.276
beta_4,4.0,random_static_inside,primary_baseline,band_mix,0.045,,103,0.2784
beta_4,4.0,random_static_inside,primary_baseline,band_mix,0.045,,104,0.281
beta_4,4.0,random_static_inside,primary_baseline,band_mix,0.045,,105,0.2832
beta_4,4.0,random_static_inside,primary_baseline,band_mix,0.045,,106,0.285
beta_4,4.0,random_static_inside,primary_baseline,band_mix,0.045,,107,0.2866
beta_4,4.0,random_static_inside,primary_baseline,band_mix,0.045,,108,0.2886
beta_4,4.0,random_static_inside,primary_baseline,band_mix,0.045,,109,0.29
beta_4,4.0,random_static_inside,primary_baseline,band_mix,0.045,,110,0.2922
beta_4,4.0,random_static_inside,primary_baseline,band_mix,0.045,,111,0.2938
beta_4,4.0,random_static_inside,primary_baseline,band_mix,0.045,,112,0.2948
beta_4,4.0,random_static_inside,primary_baseline,band_mix,0.045,,113,0.296
beta_4,4.0,random_static_inside,primary_baseline,band_mix,0.045,,114,0.2978
beta_4,4.0,random_static_inside,primary_baseline,band_mix,0.045,,115,0.2994
beta_4,4.0,random_static_inside,primary_baseline,band_mix,0.045,,116,0.3012
beta_4,4.0,random_static_inside,primary_baseline,band_mix,0.045,,117,0.3036
beta_4,4.0,random_static_inside,primary_baseline,band_mix,0.045,,118,0.3054
beta_4,4.0,random_static_inside,primary_baseline,band_mix,0.045,,119,0.307
beta_4,4.0,random_static_inside,primary_baseline,band_mix,0.045,,120,0.3082
beta_4,4.0,random_static_inside,primary_baseline,band_mix,0.045,,121,0.3098
beta_4,4.0,random_static_inside,primary_baseline,band_mix,0.045,,122,0.3114
beta_4,4.0,random_static_inside,primary_baseline,band_mix,0.045,,123,0.3126
beta_4,4.0,random_static_inside,primary_baseline,band_mix,0.045,,124,0.3134
beta_4,4.0,random_static_inside,primary_baseline,band_mix,0.045,,125,0.3152
beta_4,4.0,random_static_inside,primary_baseline,band_mix,0.045,,126,0.3162
beta_4,4.0,random_static_inside,primary_baseline,band_mix,0.045,,127,0.3184
beta_4,4.0,random_static_inside,primary_baseline,band_mix,0.045,,128,0.32
beta_4,4.0,random_static_inside,primary_baseline,band_mix,0.045,,129,0.3216
beta_4,4.0,random_static_inside,primary_baseline,band_mix,0.045,,130,0.323
beta_4,4.0,random_static_inside,primary_baseline,band_mix,0.045,,131,0.3244
beta_4,4.0,random_static_inside,primary_baseline,band_mix,0.045,,132,0.3248
beta_4,4.0,random_static_inside,primary_baseline,band_mix,0.045,,133,0.3258
beta_4,4.0,random_static_inside,primary_baseline,band_mix,0.045,,134,0.3264
beta_4,4.0,random_static_inside,primary_baseline,band_mix,0.045,,135,0.3284
beta_4,4.0,random_static_inside,primary_baseline,band_mix,0.045,,136,0.3308
beta_4,4.0,random_static_inside,primary_baseline,band_mix,0.045,,137,0.3326
beta_4,4.0,random_static_inside,primary_baseline,band_mix,0.045,,138,0.3338
beta_4,4.0,random_static_inside,primary_baseline,band_mix,0.045,,139,0.336
beta_4,4.0,random_static_inside,primary_baseline,band_mix,0.045,,140,0.3378
beta_4,4.0,random_static_inside,primary_baseline,band_mix,0.045,,141,0.3398
beta_4,4.0,random_static_inside,primary_baseline,band_mix,0.045,,142,0.3414
beta_4,4.0,random_static_inside,primary_baseline,band_mix,0.045,,143,0.3432
beta_4,4.0,random_static_inside,primary_baseline,band_mix,0.045,,144,0.3436
beta_4,4.0,random_static_inside,primary_baseline,band_mix,0.045,,145,0.3446
beta_4,4.0,random_static_inside,primary_baseline,band_mix,0.045,,146,0.3456
beta_4,4.0,random_static_inside,primary_baseline,band_mix,0.045,,147,0.347
beta_4,4.0,random_static_inside,primary_baseline,band_mix,0.045,,148,0.3482
beta_4,4.0,random_static_inside,primary_baseline,band_mix,0.045,,149,0.349
beta_4,4.0,random_static_inside,primary_baseline,band_mix,0.045,,150,0.3506
beta_4,4.0,random_static_inside,primary_baseline,band_mix,0.045,,151,0.3514
beta_4,4.0,random_static_inside,primary_baseline,band_mix,0.045,,152,0.3522
beta_4,4.0,random_static_inside,primary_baseline,band_mix,0.045,,153,0.3538
beta_4,4.0,random_static_inside,primary_baseline,band_mix,0.045,,154,0.3556
beta_4,4.0,random_static_inside,primary_baseline,band_mix,0.045,,155,0.357
beta_4,4.0,random_static_inside,primary_baseline,band_mix,0.045,,156,0.3586
beta_4,4.0,random_static_inside,primary_baseline,band_mix,0.045,,157,0.3594
beta_4,4.0,random_static_inside,primary_baseline,band_mix,0.045,,158,0.36
beta_4,4.0,random_static_inside,primary_baseline,band_mix,0.045,,159,0.3608
beta_4,4.0,random_static_inside,primary_baseline,band_mix,0.045,,160,0.3614
beta_4,4.0,random_static_inside,primary_baseline,band_mix,0.045,,161,0.3622
beta_4,4.0,random_static_inside,primary_baseline,band_mix,0.045,,162,0.3628
beta_4,4.0,random_static_inside,primary_baseline,band_mix,0.045,,163,0.3636
beta_4,4.0,random_static_inside,primary_baseline,band_mix,0.045,,164,0.3646
beta_4,4.0,random_static_inside,primary_baseline,band_mix,0.045,,165,0.3654
beta_4,4.0,random_static_inside,primary_baseline,band_mix,0.045,,166,0.366
beta_4,4.0,random_static_inside,primary_baseline,band_mix,0.045,,167,0.367
beta_4,4.0,random_static_inside,primary_baseline,band_mix,0.045,,168,0.368
beta_4,4.0,random_static_inside,primary_baseline,band_mix,0.045,,169,0.369
beta_4,4.0,random_static_inside,primary_baseline,band_mix,0.045,,170,0.3694
beta_4,4.0,random_static_inside,primary_baseline,band_mix,0.045,,171,0.3702
beta_4,4.0,random_static_inside,primary_baseline,band_mix,0.045,,172,0.3714
beta_4,4.0,random_static_inside,primary_baseline,band_mix,0.045,,173,0.3718
beta_4,4.0,random_static_inside,primary_baseline,band_mix,0.045,,174,0.3724
beta_4,4.0,random_static_inside,primary_baseline,band_mix,0.045,,175,0.3728
beta_4,4.0,random_static_inside,primary_baseline,band_mix,0.045,,176,0.3736
beta_4,4.0,random_static_inside,primary_baseline,band_mix,0.045,,177,0.3746
beta_4,4.0,random_static_inside,primary_baseline,band_mix,0.045,,178,0.3762
beta_4,4.0,random_static_inside,primary_baseline,band_mix,0.045,,179,0.3774
beta_4,4.0,random_static_inside,primary_baseline,band_mix,0.045,,180,0.3784
beta_4,4.0,random_static_inside,primary_baseline,band_mix,0.045,,181,0.379
beta_4,4.0,random_static_inside,primary_baseline,band_mix,0.045,,182,0.3802
beta_4,4.0,random_static_inside,primary_baseline,band_mix,0.045,,183,0.3808
beta_4,4.0,random_static_inside,primary_baseline,band_mix,0.045,,184,0.3824
beta_4,4.0,random_static_inside,primary_baseline,band_mix,0.045,,185,0.3832
beta_4,4.0,random_static_inside,primary_baseline,band_mix,0.045,,186,0.384
beta_4,4.0,random_static_inside,primary_baseline,band_mix,0.045,,187,0.3852
beta_4,4.0,random_static_inside,primary_baseline,band_mix,0.045,,188,0.386
beta_4,4.0,random_static_inside,primary_baseline,band_mix,0.045,,189,0.3874
beta_4,4.0,random_static_inside,primary_baseline,band_mix,0.045,,190,0.3884
beta_4,4.0,random_static_inside,primary_baseline,band_mix,0.045,,191,0.3896
beta_4,4.0,random_static_inside,primary_baseline,band_mix,0.045,,192,0.3902
beta_4,4.0,random_static_inside,primary_baseline,band_mix,0.045,,193,0.3906
beta_4,4.0,random_static_inside,primary_baseline,band_mix,0.045,,194,0.3912
beta_4,4.0,random_static_inside,primary_baseline,band_mix,0.045,,195,0.3916
beta_4,4.0,random_static_inside,primary_baseline,band_mix,0.045,,196,0.392
beta_4,4.0,random_static_inside,primary_baseline,band_mix,0.045,,197,0.393
beta_4,4.0,random_static_inside,primary_baseline,band_mix,0.045,,198,0.3936
beta_4,4.0,random_static_inside,primary_baseline,band_mix,0.045,,199,0.3936
beta_4,4.0,random_static_inside,primary_baseline,band_mix,0.045,,200,0.3948
beta_4,4.0,random_static_inside,best_grid_T200,band_mix,0.045,,1,0.0
beta_4,4.0,random_static_inside,best_grid_T200,band_mix,0.045,,2,0.0
beta_4,4.0,random_static_inside,best_grid_T200,band_mix,0.045,,3,0.0
beta_4,4.0,random_static_inside,best_grid_T200,band_mix,0.045,,4,0.0
beta_4,4.0,random_static_inside,best_grid_T200,band_mix,0.045,,5,0.0
beta_4,4.0,random_static_inside,best_grid_T200,band_mix,0.045,,6,0.0
beta_4,4.0,random_static_inside,best_grid_T200,band_mix,0.045,,7,0.0
beta_4,4.0,random_static_inside,best_grid_T200,band_mix,0.045,,8,0.0
beta_4,4.0,random_static_inside,best_grid_T200,band_mix,0.045,,9,0.0
beta_4,4.0,random_static_inside,best_grid_T200,band_mix,0.045,,10,0.0
beta_4,4.0,random_static_inside,best_grid_T200,band_mix,0.045,,11,0.0
beta_4,4.0,random_static_inside,best_grid_T200,band_mix,0.045,,12,0.0
beta_4,4.0,random_static_inside,best_grid_T200,band_mix,0.045,,13,0.0
beta_4,4.0,random_static_inside,best_grid_T200,band_mix,0.045,,14,0.0
beta_4,4.0,random_static_inside,best_grid_T200,band_mix,0.045,,15,0.0
beta_4,4.0,random_static_inside,best_grid_T200,band_mix,0.045,,16,0.0
beta_4,4.0,random_static_inside,best_grid_T200,band_mix,0.045,,17,0.0
beta_4,4.0,random_static_inside,best_grid_T200,band_mix,0.045,,18,0.0
beta_4,4.0,random_static_inside,best_grid_T200,band_mix,0.045,,19,0.0002
beta_4,4.0,random_static_inside,best_grid_T200,band_mix,0.045,,20,0.0004
beta_4,4.0,random_static_inside,best_grid_T200,band_mix,0.045,,21,0.0008
beta_4,4.0,random_static_inside,best_grid_T200,band_mix,0.045,,22,0.0016
beta_4,4.0,random_static_inside,best_grid_T200,band_mix,0.045,,23,0.0022
beta_4,4.0,random_static_inside,best_grid_T200,band_mix,0.045,,24,0.003
beta_4,4.0,random_static_inside,best_grid_T200,band_mix,0.045,,25,0.0042
beta_4,4.0,random_static_inside,best_grid_T200,band_mix,0.045,,26,0.0072
beta_4,4.0,random_static_inside,best_grid_T200,band_mix,0.045,,27,0.0098
beta_4,4.0,random_static_inside,best_grid_T200,band_mix,0.045,,28,0.0126
beta_4,4.0,random_static_inside,best_grid_T200,band_mix,0.045,,29,0.017
beta_4,4.0,random_static_inside,best_grid_T200,band_mix,0.045,,30,0.019
beta_4,4.0,random_static_inside,best_grid_T200,band_mix,0.045,,31,0.0226
beta_4,4.0,random_static_inside,best_grid_T200,band_mix,0.045,,32,0.0274
beta_4,4.0,random_static_inside,best_grid_T200,band_mix,0.045,,33,0.0306
beta_4,4.0,random_static_inside,best_grid_T200,band_mix,0.045,,34,0.036
beta_4,4.0,random_static_inside,best_grid_T200,band_mix,0.045,,35,0.0404
beta_4,4.0,random_static_inside,best_grid_T200,band_mix,0.045,,36,0.0446
beta_4,4.0,random_static_inside,best_grid_T200,band_mix,0.045,,37,0.0498
beta_4,4.0,random_static_inside,best_grid_T200,band_mix,0.045,,38,0.0538
beta_4,4.0,random_static_inside,best_grid_T200,band_mix,0.045,,39,0.0576
beta_4,4.0,random_static_inside,best_grid_T200,band_mix,0.045,,40,0.0624
beta_4,4.0,random_static_inside,best_grid_T200,band_mix,0.045,,41,0.0676
beta_4,4.0,random_static_inside,best_grid_T200,band_mix,0.045,,42,0.071
beta_4,4.0,random_static_inside,best_grid_T200,band_mix,0.045,,43,0.0756
beta_4,4.0,random_static_inside,best_grid_T200,band_mix,0.045,,44,0.0824
beta_4,4.0,random_static_inside,best_grid_T200,band_mix,0.045,,45,0.0864
beta_4,4.0,random_static_inside,best_grid_T200,band_mix,0.045,,46,0.0914
beta_4,4.0,random_static_inside,best_grid_T200,band_mix,0.045,,47,0.0958
beta_4,4.0,random_static_inside,best_grid_T200,band_mix,0.045,,48,0.0988
beta_4,4.0,random_static_inside,best_grid_T200,band_mix,0.045,,49,0.1026
beta_4,4.0,random_static_inside,best_grid_T200,band_mix,0.045,,50,0.1074
beta_4,4.0,random_static_inside,best_grid_T200,band_mix,0.045,,51,0.1118
beta_4,4.0,random_static_inside,best_grid_T200,band_mix,0.045,,52,0.117
beta_4,4.0,random_static_inside,best_grid_T200,band_mix,0.045,,53,0.121
beta_4,4.0,random_static_inside,best_grid_T200,band_mix,0.045,,54,0.1254
beta_4,4.0,random_static_inside,best_grid_T200,band_mix,0.045,,55,0.1288
beta_4,4.0,random_static_inside,best_grid_T200,band_mix,0.045,,56,0.1328
beta_4,4.0,random_static_inside,best_grid_T200,band_mix,0.045,,57,0.1378
beta_4,4.0,random_static_inside,best_grid_T200,band_mix,0.045,,58,0.144
beta_4,4.0,random_static_inside,best_grid_T200,band_mix,0.045,,59,0.149
beta_4,4.0,random_static_inside,best_grid_T200,band_mix,0.045,,60,0.1522
beta_4,4.0,random_static_inside,best_grid_T200,band_mix,0.045,,61,0.1562
beta_4,4.0,random_static_inside,best_grid_T200,band_mix,0.045,,62,0.1604
beta_4,4.0,random_static_inside,best_grid_T200,band_mix,0.045,,63,0.1648
beta_4,4.0,random_static_inside,best_grid_T200,band_mix,0.045,,64,0.1692
beta_4,4.0,random_static_inside,best_grid_T200,band_mix,0.045,,65,0.1738
beta_4,4.0,random_static_inside,best_grid_T200,band_mix,0.045,,66,0.1772
beta_4,4.0,random_static_inside,best_grid_T200,band_mix,0.045,,67,0.1788
beta_4,4.0,random_static_inside,best_grid_T200,band_mix,0.045,,68,0.1812
beta_4,4.0,random_static_inside,best_grid_T200,band_mix,0.045,,69,0.184
beta_4,4.0,random_static_inside,best_grid_T200,band_mix,0.045,,70,0.1882
beta_4,4.0,random_static_inside,best_grid_T200,band_mix,0.045,,71,0.191
beta_4,4.0,random_static_inside,best_grid_T200,band_mix,0.045,,72,0.1946
beta_4,4.0,random_static_inside,best_grid_T200,band_mix,0.045,,73,0.198
beta_4,4.0,random_static_inside,best_grid_T200,band_mix,0.045,,74,0.202
beta_4,4.0,random_static_inside,best_grid_T200,band_mix,0.045,,75,0.205
beta_4,4.0,random_static_inside,best_grid_T200,band_mix,0.045,,76,0.2076
beta_4,4.0,random_static_inside,best_grid_T200,band_mix,0.045,,77,0.2098
beta_4,4.0,random_static_inside,best_grid_T200,band_mix,0.045,,78,0.2128
beta_4,4.0,random_static_inside,best_grid_T200,band_mix,0.045,,79,0.2158
beta_4,4.0,random_static_inside,best_grid_T200,band_mix,0.045,,80,0.2194
beta_4,4.0,random_static_inside,best_grid_T200,band_mix,0.045,,81,0.2218
beta_4,4.0,random_static_inside,best_grid_T200,band_mix,0.045,,82,0.2238
beta_4,4.0,random_static_inside,best_grid_T200,band_mix,0.045,,83,0.2284
beta_4,4.0,random_static_inside,best_grid_T200,band_mix,0.045,,84,0.2316
beta_4,4.0,random_static_inside,best_grid_T200,band_mix,0.045,,85,0.2346
beta_4,4.0,random_static_inside,best_grid_T200,band_mix,0.045,,86,0.2364
beta_4,4.0,random_static_inside,best_grid_T200,band_mix,0.045,,87,0.2394
beta_4,4.0,random_static_inside,best_grid_T200,band_mix,0.045,,88,0.2414
beta_4,4.0,random_static_inside,best_grid_T200,band_mix,0.045,,89,0.244
beta_4,4.0,random_static_inside,best_grid_T200,band_mix,0.045,,90,0.2462
beta_4,4.0,random_static_inside,best_grid_T200,band_mix,0.045,,91,0.249
beta_4,4.0,random_static_inside,best_grid_T200,band_mix,0.045,,92,0.2514
beta_4,4.0,random_static_inside,best_grid_T200,band_mix,0.045,,93,0.2526
beta_4,4.0,random_static_inside,best_grid_T200,band_mix,0.045,,94,0.2556
beta_4,4.0,random_static_inside,best_grid_T200,band_mix,0.045,,95,0.2582
beta_4,4.0,random_static_inside,best_grid_T200,band_mix,0.045,,96,0.2604
beta_4,4.0,random_static_inside,best_grid_T200,band_mix,0.045,,97,0.2624
beta_4,4.0,random_static_inside,best_grid_T200,band_mix,0.045,,98,0.2646
beta_4,4.0,random_static_inside,best_grid_T200,band_mix,0.045,,99,0.2682
beta_4,4.0,random_static_inside,best_grid_T200,band_mix,0.045,,100,0.2712
beta_4,4.0,random_static_inside,best_grid_T200,band_mix,0.045,,101,0.2742
beta_4,4.0,random_static_inside,best_grid_T200,band_mix,0.045,,102,0.276
beta_4,4.0,random_static_inside,best_grid_T200,band_mix,0.045,,103,0.2784
beta_4,4.0,random_static_inside,best_grid_T200,band_mix,0.045,,104,0.281
beta_4,4.0,random_static_inside,best_grid_T200,band_mix,0.045,,105,0.2832
beta_4,4.0,random_static_inside,best_grid_T200,band_mix,0.045,,106,0.285
beta_4,4.0,random_static_inside,best_grid_T200,band_mix,0.045,,107,0.2866
beta_4,4.0,random_static_inside,best_grid_T200,band_mix,0.045,,108,0.2886
beta_4,4.0,random_static_inside,best_grid_T200,band_mix,0.045,,109,0.29
beta_4,4.0,random_static_inside,best_grid_T200,band_mix,0.045,,110,0.2922
beta_4,4.0,random_static_inside,best_grid_T200,band_mix,0.045,,111,0.2938
beta_4,4.0,random_static_inside,best_grid_T200,band_mix,0.045,,112,0.2948
beta_4,4.0,random_static_inside,best_grid_T200,band_mix,0.045,,113,0.296
beta_4,4.0,random_static_inside,best_grid_T200,band_mix,0.045,,114,0.2978
beta_4,4.0,random_static_inside,best_grid_T200,band_mix,0.045,,115,0.2994
beta_4,4.0,random_static_inside,best_grid_T200,band_mix,0.045,,116,0.3012
beta_4,4.0,random_static_inside,best_grid_T200,band_mix,0.045,,117,0.3036
beta_4,4.0,random_static_inside,best_grid_T200,band_mix,0.045,,118,0.3054
beta_4,4.0,random_static_inside,best_grid_T200,band_mix,0.045,,119,0.307
beta_4,4.0,random_static_inside,best_grid_T200,band_mix,0.045,,120,0.3082
beta_4,4.0,random_static_inside,best_grid_T200,band_mix,0.045,,121,0.3098
beta_4,4.0,random_static_inside,best_grid_T200,band_mix,0.045,,122,0.3114
beta_4,4.0,random_static_inside,best_grid_T200,band_mix,0.045,,123,0.3126
beta_4,4.0,random_static_inside,best_grid_T200,band_mix,0.045,,124,0.3134
beta_4,4.0,random_static_inside,best_grid_T200,band_mix,0.045,,125,0.3152
beta_4,4.0,random_static_inside,best_grid_T200,band_mix,0.045,,126,0.3162
beta_4,4.0,random_static_inside,best_grid_T200,band_mix,0.045,,127,0.3184
beta_4,4.0,random_static_inside,best_grid_T200,band_mix,0.045,,128,0.32
beta_4,4.0,random_static_inside,best_grid_T200,band_mix,0.045,,129,0.3216
beta_4,4.0,random_static_inside,best_grid_T200,band_mix,0.045,,130,0.323
beta_4,4.0,random_static_inside,best_grid_T200,band_mix,0.045,,131,0.3244
beta_4,4.0,random_static_inside,best_grid_T200,band_mix,0.045,,132,0.3248
beta_4,4.0,random_static_inside,best_grid_T200,band_mix,0.045,,133,0.3258
beta_4,4.0,random_static_inside,best_grid_T200,band_mix,0.045,,134,0.3264
beta_4,4.0,random_static_inside,best_grid_T200,band_mix,0.045,,135,0.3284
beta_4,4.0,random_static_inside,best_grid_T200,band_mix,0.045,,136,0.3308
beta_4,4.0,random_static_inside,best_grid_T200,band_mix,0.045,,137,0.3326
beta_4,4.0,random_static_inside,best_grid_T200,band_mix,0.045,,138,0.3338
beta_4,4.0,random_static_inside,best_grid_T200,band_mix,0.045,,139,0.336
beta_4,4.0,random_static_inside,best_grid_T200,band_mix,0.045,,140,0.3378
beta_4,4.0,random_static_inside,best_grid_T200,band_mix,0.045,,141,0.3398
beta_4,4.0,random_static_inside,best_grid_T200,band_mix,0.045,,142,0.3414
beta_4,4.0,random_static_inside,best_grid_T200,band_mix,0.045,,143,0.3432
beta_4,4.0,random_static_inside,best_grid_T200,band_mix,0.045,,144,0.3436
beta_4,4.0,random_static_inside,best_grid_T200,band_mix,0.045,,145,0.3446
beta_4,4.0,random_static_inside,best_grid_T200,band_mix,0.045,,146,0.3456
beta_4,4.0,random_static_inside,best_grid_T200,band_mix,0.045,,147,0.347
beta_4,4.0,random_static_inside,best_grid_T200,band_mix,0.045,,148,0.3482
beta_4,4.0,random_static_inside,best_grid_T200,band_mix,0.045,,149,0.349
beta_4,4.0,random_static_inside,best_grid_T200,band_mix,0.045,,150,0.3506
beta_4,4.0,random_static_inside,best_grid_T200,band_mix,0.045,,151,0.3514
beta_4,4.0,random_static_inside,best_grid_T200,band_mix,0.045,,152,0.3522
beta_4,4.0,random_static_inside,best_grid_T200,band_mix,0.045,,153,0.3538
beta_4,4.0,random_static_inside,best_grid_T200,band_mix,0.045,,154,0.3556
beta_4,4.0,random_static_inside,best_grid_T200,band_mix,0.045,,155,0.357
beta_4,4.0,random_static_inside,best_grid_T200,band_mix,0.045,,156,0.3586
beta_4,4.0,random_static_inside,best_grid_T200,band_mix,0.045,,157,0.3594
beta_4,4.0,random_static_inside,best_grid_T200,band_mix,0.045,,158,0.36
beta_4,4.0,random_static_inside,best_grid_T200,band_mix,0.045,,159,0.3608
beta_4,4.0,random_static_inside,best_grid_T200,band_mix,0.045,,160,0.3614
beta_4,4.0,random_static_inside,best_grid_T200,band_mix,0.045,,161,0.3622
beta_4,4.0,random_static_inside,best_grid_T200,band_mix,0.045,,162,0.3628
beta_4,4.0,random_static_inside,best_grid_T200,band_mix,0.045,,163,0.3636
beta_4,4.0,random_static_inside,best_grid_T200,band_mix,0.045,,164,0.3646
beta_4,4.0,random_static_inside,best_grid_T200,band_mix,0.045,,165,0.3654
beta_4,4.0,random_static_inside,best_grid_T200,band_mix,0.045,,166,0.366
beta_4,4.0,random_static_inside,best_grid_T200,band_mix,0.045,,167,0.367
beta_4,4.0,random_static_inside,best_grid_T200,band_mix,0.045,,168,0.368
beta_4,4.0,random_static_inside,best_grid_T200,band_mix,0.045,,169,0.369
beta_4,4.0,random_static_inside,best_grid_T200,band_mix,0.045,,170,0.3694
beta_4,4.0,random_static_inside,best_grid_T200,band_mix,0.045,,171,0.3702
beta_4,4.0,random_static_inside,best_grid_T200,band_mix,0.045,,172,0.3714
beta_4,4.0,random_static_inside,best_grid_T200,band_mix,0.045,,173,0.3718
beta_4,4.0,random_static_inside,best_grid_T200,band_mix,0.045,,174,0.3724
beta_4,4.0,random_static_inside,best_grid_T200,band_mix,0.045,,175,0.3728
beta_4,4.0,random_static_inside,best_grid_T200,band_mix,0.045,,176,0.3736
beta_4,4.0,random_static_inside,best_grid_T200,band_mix,0.045,,177,0.3746
beta_4,4.0,random_static_inside,best_grid_T200,band_mix,0.045,,178,0.3762
beta_4,4.0,random_static_inside,best_grid_T200,band_mix,0.045,,179,0.3774
beta_4,4.0,random_static_inside,best_grid_T200,band_mix,0.045,,180,0.3784
beta_4,4.0,random_static_inside,best_grid_T200,band_mix,0.045,,181,0.379
beta_4,4.0,random_static_inside,best_grid_T200,band_mix,0.045,,182,0.3802
beta_4,4.0,random_static_inside,best_grid_T200,band_mix,0.045,,183,0.3808
beta_4,4.0,random_static_inside,best_grid_T200,band_mix,0.045,,184,0.3824
beta_4,4.0,random_static_inside,best_grid_T200,band_mix,0.045,,185,0.3832
beta_4,4.0,random_static_inside,best_grid_T200,band_mix,0.045,,186,0.384
beta_4,4.0,random_static_inside,best_grid_T200,band_mix,0.045,,187,0.3852
beta_4,4.0,random_static_inside,best_grid_T200,band_mix,0.045,,188,0.386
beta_4,4.0,random_static_inside,best_grid_T200,band_mix,0.045,,189,0.3874
beta_4,4.0,random_static_inside,best_grid_T200,band_mix,0.045,,190,0.3884
beta_4,4.0,random_static_inside,best_grid_T200,band_mix,0.045,,191,0.3896
beta_4,4.0,random_static_inside,best_grid_T200,band_mix,0.045,,192,0.3902
beta_4,4.0,random_static_inside,best_grid_T200,band_mix,0.045,,193,0.3906
beta_4,4.0,random_static_inside,best_grid_T200,band_mix,0.045,,194,0.3912
beta_4,4.0,random_static_inside,best_grid_T200,band_mix,0.045,,195,0.3916
beta_4,4.0,random_static_inside,best_grid_T200,band_mix,0.045,,196,0.392
beta_4,4.0,random_static_inside,best_grid_T200,band_mix,0.045,,197,0.393
beta_4,4.0,random_static_inside,best_grid_T200,band_mix,0.045,,198,0.3936
beta_4,4.0,random_static_inside,best_grid_T200,band_mix,0.045,,199,0.3936
beta_4,4.0,random_static_inside,best_grid_T200,band_mix,0.045,,200,0.3948
beta_4,4.0,random_static_inside,oracle,oracle,,,1,0.0
beta_4,4.0,random_static_inside,oracle,oracle,,,2,0.0
beta_4,4.0,random_static_inside,oracle,oracle,,,3,0.065
beta_4,4.0,random_static_inside,oracle,oracle,,,4,0.1638
beta_4,4.0,random_static_inside,oracle,oracle,,,5,0.268
beta_4,4.0,random_static_inside,oracle,oracle,,,6,0.3634
beta_4,4.0,random_static_inside,oracle,oracle,,,7,0.4454
beta_4,4.0,random_static_inside,oracle,oracle,,,8,0.5138
beta_4,4.0,random_static_inside,oracle,oracle,,,9,0.5722
beta_4,4.0,random_static_inside,oracle,oracle,,,10,0.6228
beta_4,4.0,random_static_inside,oracle,oracle,,,11,0.6642
beta_4,4.0,random_static_inside,oracle,oracle,,,12,0.7024
beta_4,4.0,random_static_inside,oracle,oracle,,,13,0.7326
beta_4,4.0,random_static_inside,oracle,oracle,,,14,0.7644
beta_4,4.0,random_static_inside,oracle,oracle,,,15,0.791
beta_4,4.0,random_static_inside,oracle,oracle,,,16,0.8096
beta_4,4.0,random_static_inside,oracle,oracle,,,17,0.8268
beta_4,4.0,random_static_inside,oracle,oracle,,,18,0.8406
beta_4,4.0,random_static_inside,oracle,oracle,,,19,0.8516
beta_4,4.0,random_static_inside,oracle,oracle,,,20,0.8622
beta_4,4.0,random_static_inside,oracle,oracle,,,21,0.873
beta_4,4.0,random_static_inside,oracle,oracle,,,22,0.8796
beta_4,4.0,random_static_inside,oracle,oracle,,,23,0.8848
beta_4,4.0,random_static_inside,oracle,oracle,,,24,0.891
beta_4,4.0,random_static_inside,oracle,oracle,,,25,0.8972
beta_4,4.0,random_static_inside,oracle,oracle,,,26,0.9008
beta_4,4.0,random_static_inside,oracle,oracle,,,27,0.9052
beta_4,4.0,random_static_inside,oracle,oracle,,,28,0.9104
beta_4,4.0,random_static_inside,oracle,oracle,,,29,0.9132
beta_4,4.0,random_static_inside,oracle,oracle,,,30,0.9174
beta_4,4.0,random_static_inside,oracle,oracle,,,31,0.9214
beta_4,4.0,random_static_inside,oracle,oracle,,,32,0.9242
beta_4,4.0,random_static_inside,oracle,oracle,,,33,0.9262
beta_4,4.0,random_static_inside,oracle,oracle,,,34,0.9288
beta_4,4.0,random_static_inside,oracle,oracle,,,35,0.9312
beta_4,4.0,random_static_inside,oracle,oracle,,,36,0.9334
beta_4,4.0,random_static_inside,oracle,oracle,,,37,0.9346
beta_4,4.0,random_static_inside,oracle,oracle,,,38,0.9362
beta_4,4.0,random_static_inside,oracle,oracle,,,39,0.9378
beta_4,4.0,random_static_inside,oracle,oracle,,,40,0.939
beta_4,4.0,random_static_inside,oracle,oracle,,,41,0.9404
beta_4,4.0,random_static_inside,oracle,oracle,,,42,0.9414
beta_4,4.0,random_static_inside,oracle,oracle,,,43,0.9424
beta_4,4.0,random_static_inside,oracle,oracle,,,44,0.9434
beta_4,4.0,random_static_inside,oracle,oracle,,,45,0.9452
beta_4,4.0,random_static_inside,oracle,oracle,,,46,0.946
beta_4,4.0,random_static_inside,oracle,oracle,,,47,0.9474
beta_4,4.0,random_static_inside,oracle,oracle,,,48,0.9484
beta_4,4.0,random_static_inside,oracle,oracle,,,49,0.9498
beta_4,4.0,random_static_inside,oracle,oracle,,,50,0.9498
beta_4,4.0,random_static_inside,oracle,oracle,,,51,0.9514
beta_4,4.0,random_static_inside,oracle,oracle,,,52,0.9522
beta_4,4.0,random_static_inside,oracle,oracle,,,53,0.9526
beta_4,4.0,random_static_inside,oracle,oracle,,,54,0.9542
beta_4,4.0,random_static_inside,oracle,oracle,,,55,0.955
beta_4,4.0,random_static_inside,oracle,oracle,,,56,0.9564
beta_4,4.0,random_static_inside,oracle,oracle,,,57,0.9564
beta_4,4.0,random_static_inside,oracle,oracle,,,58,0.9574
beta_4,4.0,random_static_inside,oracle,oracle,,,59,0.9576
beta_4,4.0,random_static_inside,oracle,oracle,,,60,0.9578
beta_4,4.0,random_static_inside,oracle,oracle,,,61,0.9586
beta_4,4.0,random_static_inside,oracle,oracle,,,62,0.959
beta_4,4.0,random_static_inside,oracle,oracle,,,63,0.9592
beta_4,4.0,random_static_inside,oracle,oracle,,,64,0.96
beta_4,4.0,random_static_inside,oracle,oracle,,,65,0.9612
beta_4,4.0,random_static_inside,oracle,oracle,,,66,0.9618
beta_4,4.0,random_static_inside,oracle,oracle,,,67,0.9624
beta_4,4.0,random_static_inside,oracle,oracle,,,68,0.9626
beta_4,4.0,random_static_inside,oracle,oracle,,,69,0.9636
beta_4,4.0,random_static_inside,oracle,oracle,,,70,0.9638
beta_4,4.0,random_static_inside,oracle,oracle,,,71,0.964
beta_4,4.0,random_static_inside,oracle,oracle,,,72,0.9642
beta_4,4.0,random_static_inside,oracle,oracle,,,73,0.9642
beta_4,4.0,random_static_inside,oracle,oracle,,,74,0.9646
beta_4,4.0,random_static_inside,oracle,oracle,,,75,0.9654
beta_4,4.0,random_static_inside,oracle,oracle,,,76,0.9656
beta_4,4.0,random_static_inside,oracle,oracle,,,77,0.9662
beta_4,4.0,random_static_inside,oracle,oracle,,,78,0.9664
beta_4,4.0,random_static_inside,oracle,oracle,,,79,0.967
beta_4,4.0,random_static_inside,oracle,oracle,,,80,0.967
beta_4,4.0,random_static_inside,oracle,oracle,,,81,0.9672
beta_4,4.0,random_static_inside,oracle,oracle,,,82,0.9678
beta_4,4.0,random_static_inside,oracle,oracle,,,83,0.9678
beta_4,4.0,random_static_inside,oracle,oracle,,,84,0.9678
beta_4,4.0,random_static_inside,oracle,oracle,,,85,0.968
beta_4,4.0,random_static_inside,oracle,oracle,,,86,0.968
beta_4,4.0,random_static_inside,oracle,oracle,,,87,0.9682
beta_4,4.0,random_static_inside,oracle,oracle,,,88,0.9688
beta_4,4.0,random_static_inside,oracle,oracle,,,89,0.9692
beta_4,4.0,random_static_inside,oracle,oracle,,,90,0.9694
beta_4,4.0,random_static_inside,oracle,oracle,,,91,0.97
beta_4,4.0,random_static_inside,oracle,oracle,,,92,0.97
beta_4,4.0,random_static_inside,oracle,oracle,,,93,0.97
beta_4,4.0,random_static_inside,oracle,oracle,,,94,0.97
beta_4,4.0,random_static_inside,oracle,oracle,,,95,0.97
beta_4,4.0,random_static_inside,oracle,oracle,,,96,0.9702
beta_4,4.0,random_static_inside,oracle,oracle,,,97,0.9704
beta_4,4.0,random_static_inside,oracle,oracle,,,98,0.9704
beta_4,4.0,random_static_inside,oracle,oracle,,,99,0.9708
beta_4,4.0,random_static_inside,oracle,oracle,,,100,0.9708
beta_4,4.0,random_static_inside,oracle,oracle,,,101,0.9708
beta_4,4.0,random_static_inside,oracle,oracle,,,102,0.9708
beta_4,4.0,random_static_inside,oracle,oracle,,,103,0.9708
beta_4,4.0,random_static_inside,oracle,oracle,,,104,0.9712
beta_4,4.0,random_static_inside,oracle,oracle,,,105,0.9712
beta_4,4.0,random_static_inside,oracle,oracle,,,106,0.9716
beta_4,4.0,random_static_inside,oracle,oracle,,,107,0.9718
beta_4,4.0,random_static_inside,oracle,oracle,,,108,0.972
beta_4,4.0,random_static_inside,oracle,oracle,,,109,0.972
beta_4,4.0,random_static_inside,oracle,oracle,,,110,0.972
beta_4,4.0,random_static_inside,oracle,oracle,,,111,0.9722
beta_4,4.0,random_static_inside,oracle,oracle,,,112,0.9726
beta_4,4.0,random_static_inside,oracle,oracle,,,113,0.9728
beta_4,4.0,random_static_inside,oracle,oracle,,,114,0.9728
beta_4,4.0,random_static_inside,oracle,oracle,,,115,0.9728
beta_4,4.0,random_static_inside,oracle,oracle,,,116,0.973
beta_4,4.0,random_static_inside,oracle,oracle,,,117,0.973
beta_4,4.0,random_static_inside,oracle,oracle,,,118,0.973
beta_4,4.0,random_static_inside,oracle,oracle,,,119,0.9732
beta_4,4.0,random_static_inside,oracle,oracle,,,120,0.9732
beta_4,4.0,random_static_inside,oracle,oracle,,,121,0.9734
beta_4,4.0,random_static_inside,oracle,oracle,,,122,0.9734
beta_4,4.0,random_static_inside,oracle,oracle,,,123,0.9734
beta_4,4.0,random_static_inside,oracle,oracle,,,124,0.9736
beta_4,4.0,random_static_inside,oracle,oracle,,,125,0.9736
beta_4,4.0,random_static_inside,oracle,oracle,,,126,0.9738
beta_4,4.0,random_static_inside,oracle,oracle,,,127,0.9738
beta_4,4.0,random_static_inside,oracle,oracle,,,128,0.9738
beta_4,4.0,random_static_inside,oracle,oracle,,,129,0.9738
beta_4,4.0,random_static_inside,oracle,oracle,,,130,0.9738
beta_4,4.0,random_static_inside,oracle,oracle,,,131,0.974
beta_4,4.0,random_static_inside,oracle,oracle,,,132,0.9742
beta_4,4.0,random_static_inside,oracle,oracle,,,133,0.9744
beta_4,4.0,random_static_inside,oracle,oracle,,,134,0.9744
beta_4,4.0,random_static_inside,oracle,oracle,,,135,0.9744
beta_4,4.0,random_static_inside,oracle,oracle,,,136,0.9744
beta_4,4.0,random_static_inside,oracle,oracle,,,137,0.9746
beta_4,4.0,random_static_inside,oracle,oracle,,,138,0.9748
beta_4,4.0,random_static_inside,oracle,oracle,,,139,0.9752
beta_4,4.0,random_static_inside,oracle,oracle,,,140,0.9756
beta_4,4.0,random_static_inside,oracle,oracle,,,141,0.9756
beta_4,4.0,random_static_inside,oracle,oracle,,,142,0.9758
beta_4,4.0,random_static_inside,oracle,oracle,,,143,0.9758
beta_4,4.0,random_static_inside,oracle,oracle,,,144,0.9758
beta_4,4.0,random_static_inside,oracle,oracle,,,145,0.976
beta_4,4.0,random_static_inside,oracle,oracle,,,146,0.9762
beta_4,4.0,random_static_inside,oracle,oracle,,,147,0.9766
beta_4,4.0,random_static_inside,oracle,oracle,,,148,0.9768
beta_4,4.0,random_static_inside,oracle,oracle,,,149,0.977
beta_4,4.0,random_static_inside,oracle,oracle,,,150,0.9772
beta_4,4.0,random_static_inside,oracle,oracle,,,151,0.9774
beta_4,4.0,random_static_inside,oracle,oracle,,,152,0.9774
beta_4,4.0,random_static_inside,oracle,oracle,,,153,0.9774
beta_4,4.0,random_static_inside,oracle,oracle,,,154,0.9774
beta_4,4.0,random_static_inside,oracle,oracle,,,155,0.9776
beta_4,4.0,random_static_inside,oracle,oracle,,,156,0.9776
beta_4,4.0,random_static_inside,oracle,oracle,,,157,0.9776
beta_4,4.0,random_static_inside,oracle,oracle,,,158,0.9776
beta_4,4.0,random_static_inside,oracle,oracle,,,159,0.9778
beta_4,4.0,random_static_inside,oracle,oracle,,,160,0.978
beta_4,4.0,random_static_inside,oracle,oracle,,,161,0.978
beta_4,4.0,random_static_inside,oracle,oracle,,,162,0.9782
beta_4,4.0,random_static_inside,oracle,oracle,,,163,0.9782
beta_4,4.0,random_static_inside,oracle,oracle,,,164,0.9782
beta_4,4.0,random_static_inside,oracle,oracle,,,165,0.9782
beta_4,4.0,random_static_inside,oracle,oracle,,,166,0.9782
beta_4,4.0,random_static_inside,oracle,oracle,,,167,0.9782
beta_4,4.0,random_static_inside,oracle,oracle,,,168,0.9782
beta_4,4.0,random_static_inside,oracle,oracle,,,169,0.9784
beta_4,4.0,random_static_inside,oracle,oracle,,,170,0.9792
beta_4,4.0,random_static_inside,oracle,oracle,,,171,0.9792
beta_4,4.0,random_static_inside,oracle,oracle,,,172,0.9792
beta_4,4.0,random_static_inside,oracle,oracle,,,173,0.9794
beta_4,4.0,random_static_inside,oracle,oracle,,,174,0.9794
beta_4,4.0,random_static_inside,oracle,oracle,,,175,0.9794
beta_4,4.0,random_static_inside,oracle,oracle,,,176,0.9794
beta_4,4.0,random_static_inside,oracle,oracle,,,177,0.9794
beta_4,4.0,random_static_inside,oracle,oracle,,,178,0.9794
beta_4,4.0,random_static_inside,oracle,oracle,,,179,0.9794
beta_4,4.0,random_static_inside,oracle,oracle,,,180,0.9794
beta_4,4.0,random_static_inside,oracle,oracle,,,181,0.9796
beta_4,4.0,random_static_inside,oracle,oracle,,,182,0.9796
beta_4,4.0,random_static_inside,oracle,oracle,,,183,0.9798
beta_4,4.0,random_static_inside,oracle,oracle,,,184,0.9798
beta_4,4.0,random_static_inside,oracle,oracle,,,185,0.9798
beta_4,4.0,random_static_inside,oracle,oracle,,,186,0.9798
beta_4,4.0,random_static_inside,oracle,oracle,,,187,0.98
beta_4,4.0,random_static_inside,oracle,oracle,,,188,0.9804
beta_4,4.0,random_static_inside,oracle,oracle,,,189,0.9804
beta_4,4.0,random_static_inside,oracle,oracle,,,190,0.9804
beta_4,4.0,random_static_inside,oracle,oracle,,,191,0.9804
beta_4,4.0,random_static_inside,oracle,oracle,,,192,0.9804
beta_4,4.0,random_static_inside,oracle,oracle,,,193,0.9806
beta_4,4.0,random_static_inside,oracle,oracle,,,194,0.9806
beta_4,4.0,random_static_inside,oracle,oracle,,,195,0.9806
beta_4,4.0,random_static_inside,oracle,oracle,,,196,0.9806
beta_4,4.0,random_static_inside,oracle,oracle,,,197,0.9808
beta_4,4.0,random_static_inside,oracle,oracle,,,198,0.9808
beta_4,4.0,random_static_inside,oracle,oracle,,,199,0.981
beta_4,4.0,random_static_inside,oracle,oracle,,,200,0.981
beta_8,8.0,high_outside,static,static,,,1,0.0
beta_8,8.0,high_outside,static,static,,,2,0.0
beta_8,8.0,high_outside,static,static,,,3,0.082
beta_8,8.0,high_outside,static,static,,,4,0.1734
beta_8,8.0,high_outside,static,static,,,5,0.3196
beta_8,8.0,high_outside,static,static,,,6,0.4814
beta_8,8.0,high_outside,static,static,,,7,0.5838
beta_8,8.0,high_outside,static,static,,,8,0.68
beta_8,8.0,high_outside,static,static,,,9,0.7434
beta_8,8.0,high_outside,static,static,,,10,0.7968
beta_8,8.0,high_outside,static,static,,,11,0.835
beta_8,8.0,high_outside,static,static,,,12,0.87
beta_8,8.0,high_outside,static,static,,,13,0.8916
beta_8,8.0,high_outside,static,static,,,14,0.908
beta_8,8.0,high_outside,static,static,,,15,0.9244
beta_8,8.0,high_outside,static,static,,,16,0.9344
beta_8,8.0,high_outside,static,static,,,17,0.9432
beta_8,8.0,high_outside,static,static,,,18,0.9512
beta_8,8.0,high_outside,static,static,,,19,0.9572
beta_8,8.0,high_outside,static,static,,,20,0.9628
beta_8,8.0,high_outside,static,static,,,21,0.9664
beta_8,8.0,high_outside,static,static,,,22,0.9692
beta_8,8.0,high_outside,static,static,,,23,0.972
beta_8,8.0,high_outside,static,static,,,24,0.9746
beta_8,8.0,high_outside,static,static,,,25,0.9774
beta_8,8.0,high_outside,static,static,,,26,0.9784
beta_8,8.0,high_outside,static,static,,,27,0.98
beta_8,8.0,high_outside,static,static,,,28,0.9814
beta_8,8.0,high_outside,static,static,,,29,0.9828
beta_8,8.0,high_outside,static,static,,,30,0.9844
beta_8,8.0,high_outside,static,static,,,31,0.9852
beta_8,8.0,high_outside,static,static,,,32,0.9872
beta_8,8.0,high_outside,static,static,,,33,0.9882
beta_8,8.0,high_outside,static,static,,,34,0.9888
beta_8,8.0,high_outside,static,static,,,35,0.9896
beta_8,8.0,high_outside,static,static,,,36,0.9906
beta_8,8.0,high_outside,static,static,,,37,0.9914
beta_8,8.0,high_outside,static,static,,,38,0.992
beta_8,8.0,high_outside,static,static,,,39,0.9928
beta_8,8.0,high_outside,static,static,,,40,0.9928
beta_8,8.0,high_outside,static,static,,,41,0.993
beta_8,8.0,high_outside,static,static,,,42,0.9932
beta_8,8.0,high_outside,static,static,,,43,0.9936
beta_8,8.0,high_outside,static,static,,,44,0.9938
beta_8,8.0,high_outside,static,static,,,45,0.9942
beta_8,8.0,high_outside,static,static,,,46,0.9948
beta_8,8.0,high_outside,static,static,,,47,0.9954
beta_8,8.0,high_outside,static,static,,,48,0.9954
beta_8,8.0,high_outside,static,static,,,49,0.9954
beta_8,8.0,high_outside,static,static,,,50,0.9954
beta_8,8.0,high_outside,static,static,,,51,0.9954
beta_8,8.0,high_outside,static,static,,,52,0.9954
beta_8,8.0,high_outside,static,static,,,53,0.9958
beta_8,8.0,high_outside,static,static,,,54,0.996
beta_8,8.0,high_outside,static,static,,,55,0.9964
beta_8,8.0,high_outside,static,static,,,56,0.9964
beta_8,8.0,high_outside,static,static,,,57,0.9966
beta_8,8.0,high_outside,static,static,,,58,0.9968
beta_8,8.0,high_outside,static,static,,,59,0.9968
beta_8,8.0,high_outside,static,static,,,60,0.9968
beta_8,8.0,high_outside,static,static,,,61,0.9968
beta_8,8.0,high_outside,static,static,,,62,0.997
beta_8,8.0,high_outside,static,static,,,63,0.9972
beta_8,8.0,high_outside,static,static,,,64,0.9972
beta_8,8.0,high_outside,static,static,,,65,0.9972
beta_8,8.0,high_outside,static,static,,,66,0.9972
beta_8,8.0,high_outside,static,static,,,67,0.9974
beta_8,8.0,high_outside,static,static,,,68,0.9974
beta_8,8.0,high_outside,static,static,,,69,0.9974
beta_8,8.0,high_outside,static,static,,,70,0.9976
beta_8,8.0,high_outside,static,static,,,71,0.9978
beta_8,8.0,high_outside,static,static,,,72,0.998
beta_8,8.0,high_outside,static,static,,,73,0.998
beta_8,8.0,high_outside,static,static,,,74,0.998
beta_8,8.0,high_outside,static,static,,,75,0.998
beta_8,8.0,high_outside,static,static,,,76,0.9982
beta_8,8.0,high_outside,static,static,,,77,0.9982
beta_8,8.0,high_outside,static,static,,,78,0.9982
beta_8,8.0,high_outside,static,static,,,79,0.9982
beta_8,8.0,high_outside,static,static,,,80,0.9982
beta_8,8.0,high_outside,static,static,,,81,0.9984
beta_8,8.0,high_outside,static,static,,,82,0.9986
beta_8,8.0,high_outside,static,static,,,83,0.9986
beta_8,8.0,high_outside,static,static,,,84,0.9988
beta_8,8.0,high_outside,static,static,,,85,0.9988
beta_8,8.0,high_outside,static,static,,,86,0.9988
beta_8,8.0,high_outside,static,static,,,87,0.9988
beta_8,8.0,high_outside,static,static,,,88,0.9988
beta_8,8.0,high_outside,static,static,,,89,0.9988
beta_8,8.0,high_outside,static,static,,,90,0.9988
beta_8,8.0,high_outside,static,static,,,91,0.999
beta_8,8.0,high_outside,static,static,,,92,0.9992
beta_8,8.0,high_outside,static,static,,,93,0.9992
beta_8,8.0,high_outside,static,static,,,94,0.9992
beta_8,8.0,high_outside,static,static,,,95,0.9992
beta_8,8.0,high_outside,static,static,,,96,0.9992
beta_8,8.0,high_outside,static,static,,,97,0.9992
beta_8,8.0,high_outside,static,static,,,98,0.9992
beta_8,8.0,high_outside,static,static,,,99,0.9992
beta_8,8.0,high_outside,static,static,,,100,0.9992
beta_8,8.0,high_outside,static,static,,,101,0.9992
beta_8,8.0,high_outside,static,static,,,102,0.9992
beta_8,8.0,high_outside,static,static,,,103,0.9992
beta_8,8.0,high_outside,static,static,,,104,0.9992
beta_8,8.0,high_outside,static,static,,,105,0.9992
beta_8,8.0,high_outside,static,static,,,106,0.9992
beta_8,8.0,high_outside,static,static,,,107,0.9992
beta_8,8.0,high_outside,static,static,,,108,0.9992
beta_8,8.0,high_outside,static,static,,,109,0.9992
beta_8,8.0,high_outside,static,static,,,110,0.9992
beta_8,8.0,high_outside,static,static,,,111,0.9992
beta_8,8.0,high_outside,static,static,,,112,0.9992
beta_8,8.0,high_outside,static,static,,,113,0.9992
beta_8,8.0,high_outside,static,static,,,114,0.9994
beta_8,8.0,high_outside,static,static,,,115,0.9994
beta_8,8.0,high_outside,static,static,,,116,0.9994
beta_8,8.0,high_outside,static,static,,,117,0.9994
beta_8,8.0,high_outside,static,static,,,118,0.9994
beta_8,8.0,high_outside,static,static,,,119,0.9994
beta_8,8.0,high_outside,static,static,,,120,0.9994
beta_8,8.0,high_outside,static,static,,,121,0.9994
beta_8,8.0,high_outside,static,static,,,122,0.9994
beta_8,8.0,high_outside,static,static,,,123,0.9994
beta_8,8.0,high_outside,static,static,,,124,0.9994
beta_8,8.0,high_outside,static,static,,,125,0.9994
beta_8,8.0,high_outside,static,static,,,126,0.9994
beta_8,8.0,high_outside,static,static,,,127,0.9994
beta_8,8.0,high_outside,static,static,,,128,0.9996
beta_8,8.0,high_outside,static,static,,,129,0.9996
beta_8,8.0,high_outside,static,static,,,130,0.9996
beta_8,8.0,high_outside,static,static,,,131,0.9996
beta_8,8.0,high_outside,static,static,,,132,0.9996
beta_8,8.0,high_outside,static,static,,,133,0.9996
beta_8,8.0,high_outside,static,static,,,134,0.9996
beta_8,8.0,high_outside,static,static,,,135,0.9996
beta_8,8.0,high_outside,static,static,,,136,0.9996
beta_8,8.0,high_outside,static,static,,,137,0.9996
beta_8,8.0,high_outside,static,static,,,138,0.9996
beta_8,8.0,high_outside,static,static,,,139,0.9996
beta_8,8.0,high_outside,static,static,,,140,0.9996
beta_8,8.0,high_outside,static,static,,,141,0.9996
beta_8,8.0,high_outside,static,static,,,142,0.9996
beta_8,8.0,high_outside,static,static,,,143,0.9996
beta_8,8.0,high_outside,static,static,,,144,0.9996
beta_8,8.0,high_outside,static,static,,,145,0.9996
beta_8,8.0,high_outside,static,static,,,146,0.9996
beta_8,8.0,high_outside,static,static,,,147,0.9996
beta_8,8.0,high_outside,static,static,,,148,0.9996
beta_8,8.0,high_outside,static,static,,,149,0.9996
beta_8,8.0,high_outside,static,static,,,150,0.9996
beta_8,8.0,high_outside,static,static,,,151,0.9996
beta_8,8.0,high_outside,static,static,,,152,0.9996
beta_8,8.0,high_outside,static,static,,,153,0.9996
beta_8,8.0,high_outside,static,static,,,154,0.9996
beta_8,8.0,high_outside,static,static,,,155,0.9996
beta_8,8.0,high_outside,static,static,,,156,0.9996
beta_8,8.0,high_outside,static,static,,,157,0.9996
beta_8,8.0,high_outside,static,static,,,158,0.9996
beta_8,8.0,high_outside,static,static,,,159,0.9996
beta_8,8.0,high_outside,static,static,,,160,0.9996
beta_8,8.0,high_outside,static,static,,,161,0.9996
beta_8,8.0,high_outside,static,static,,,162,0.9996
beta_8,8.0,high_outside,static,static,,,163,0.9996
beta_8,8.0,high_outside,static,static,,,164,0.9996
beta_8,8.0,high_outside,static,static,,,165,0.9996
beta_8,8.0,high_outside,static,static,,,166,0.9998
beta_8,8.0,high_outside,static,static,,,167,0.9998
beta_8,8.0,high_outside,static,static,,,168,0.9998
beta_8,8.0,high_outside,static,static,,,169,0.9998
beta_8,8.0,high_outside,static,static,,,170,0.9998
beta_8,8.0,high_outside,static,static,,,171,0.9998
beta_8,8.0,high_outside,static,static,,,172,0.9998
beta_8,8.0,high_outside,static,static,,,173,0.9998
beta_8,8.0,high_outside,static,static,,,174,0.9998
beta_8,8.0,high_outside,static,static,,,175,0.9998
beta_8,8.0,high_outside,static,static,,,176,0.9998
beta_8,8.0,high_outside,static,static,,,177,0.9998
beta_8,8.0,high_outside,static,static,,,178,0.9998
beta_8,8.0,high_outside,static,static,,,179,0.9998
beta_8,8.0,high_outside,static,static,,,180,0.9998
beta_8,8.0,high_outside,static,static,,,181,0.9998
beta_8,8.0,high_outside,static,static,,,182,0.9998
beta_8,8.0,high_outside,static,static,,,183,0.9998
beta_8,8.0,high_outside,static,static,,,184,0.9998
beta_8,8.0,high_outside,static,static,,,185,0.9998
beta_8,8.0,high_outside,static,static,,,186,0.9998
beta_8,8.0,high_outside,static,static,,,187,0.9998
beta_8,8.0,high_outside,static,static,,,188,0.9998
beta_8,8.0,high_outside,static,static,,,189,0.9998
beta_8,8.0,high_outside,static,static,,,190,0.9998
beta_8,8.0,high_outside,static,static,,,191,0.9998
beta_8,8.0,high_outside,static,static,,,192,0.9998
beta_8,8.0,high_outside,static,static,,,193,0.9998
beta_8,8.0,high_outside,static,static,,,194,0.9998
beta_8,8.0,high_outside,static,static,,,195,0.9998
beta_8,8.0,high_outside,static,static,,,196,0.9998
beta_8,8.0,high_outside,static,static,,,197,0.9998
beta_8,8.0,high_outside,static,static,,,198,0.9998
beta_8,8.0,high_outside,static,static,,,199,0.9998
beta_8,8.0,high_outside,static,static,,,200,0.9998
beta_8,8.0,high_outside,primary_baseline,band_mix,0.045,,1,0.0
beta_8,8.0,high_outside,primary_baseline,band_mix,0.045,,2,0.0
beta_8,8.0,high_outside,primary_baseline,band_mix,0.045,,3,0.0
beta_8,8.0,high_outside,primary_baseline,band_mix,0.045,,4,0.0
beta_8,8.0,high_outside,primary_baseline,band_mix,0.045,,5,0.0
beta_8,8.0,high_outside,primary_baseline,band_mix,0.045,,6,0.0
beta_8,8.0,high_outside,primary_baseline,band_mix,0.045,,7,0.0
beta_8,8.0,high_outside,primary_baseline,band_mix,0.045,,8,0.0
beta_8,8.0,high_outside,primary_baseline,band_mix,0.045,,9,0.0
beta_8,8.0,high_outside,primary_baseline,band_mix,0.045,,10,0.0
beta_8,8.0,high_outside,primary_baseline,band_mix,0.045,,11,0.0
beta_8,8.0,high_outside,primary_baseline,band_mix,0.045,,12,0.0
beta_8,8.0,high_outside,primary_baseline,band_mix,0.045,,13,0.0
beta_8,8.0,high_outside,primary_baseline,band_mix,0.045,,14,0.0
beta_8,8.0,high_outside,primary_baseline,band_mix,0.045,,15,0.0
beta_8,8.0,high_outside,primary_baseline,band_mix,0.045,,16,0.0
beta_8,8.0,high_outside,primary_baseline,band_mix,0.045,,17,0.0
beta_8,8.0,high_outside,primary_baseline,band_mix,0.045,,18,0.0
beta_8,8.0,high_outside,primary_baseline,band_mix,0.045,,19,0.0
beta_8,8.0,high_outside,primary_baseline,band_mix,0.045,,20,0.0
beta_8,8.0,high_outside,primary_baseline,band_mix,0.045,,21,0.0
beta_8,8.0,high_outside,primary_baseline,band_mix,0.045,,22,0.0
beta_8,8.0,high_outside,primary_baseline,band_mix,0.045,,23,0.0
beta_8,8.0,high_outside,primary_baseline,band_mix,0.045,,24,0.0002
beta_8,8.0,high_outside,primary_baseline,band_mix,0.045,,25,0.0022
beta_8,8.0,high_outside,primary_baseline,band_mix,0.045,,26,0.0068
beta_8,8.0,high_outside,primary_baseline,band_mix,0.045,,27,0.0124
beta_8,8.0,high_outside,primary_baseline,band_mix,0.045,,28,0.0216
beta_8,8.0,high_outside,primary_baseline,band_mix,0.045,,29,0.0316
beta_8,8.0,high_outside,primary_baseline,band_mix,0.045,,30,0.0456
beta_8,8.0,high_outside,primary_baseline,band_mix,0.045,,31,0.0604
beta_8,8.0,high_outside,primary_baseline,band_mix,0.045,,32,0.0788
beta_8,8.0,high_outside,primary_baseline,band_mix,0.045,,33,0.0988
beta_8,8.0,high_outside,primary_baseline,band_mix,0.045,,34,0.112
beta_8,8.0,high_outside,primary_baseline,band_mix,0.045,,35,0.1256
beta_8,8.0,high_outside,primary_baseline,band_mix,0.045,,36,0.1422
beta_8,8.0,high_outside,primary_baseline,band_mix,0.045,,37,0.1604
beta_8,8.0,high_outside,primary_baseline,band_mix,0.045,,38,0.1808
beta_8,8.0,high_outside,primary_baseline,band_mix,0.045,,39,0.1988
beta_8,8.0,high_outside,primary_baseline,band_mix,0.045,,40,0.2196
beta_8,8.0,high_outside,primary_baseline,band_mix,0.045,,41,0.2376
beta_8,8.0,high_outside,primary_baseline,band_mix,0.045,,42,0.2566
beta_8,8.0,high_outside,primary_baseline,band_mix,0.045,,43,0.2748
beta_8,8.0,high_outside,primary_baseline,band_mix,0.045,,44,0.2914
beta_8,8.0,high_outside,primary_baseline,band_mix,0.045,,45,0.3074
beta_8,8.0,high_outside,primary_baseline,band_mix,0.045,,46,0.3246
beta_8,8.0,high_outside,primary_baseline,band_mix,0.045,,47,0.34
beta_8,8.0,high_outside,primary_baseline,band_mix,0.045,,48,0.3524
beta_8,8.0,high_outside,primary_baseline,band_mix,0.045,,49,0.3694
beta_8,8.0,high_outside,primary_baseline,band_mix,0.045,,50,0.3864
beta_8,8.0,high_outside,primary_baseline,band_mix,0.045,,51,0.4
beta_8,8.0,high_outside,primary_baseline,band_mix,0.045,,52,0.4156
beta_8,8.0,high_outside,primary_baseline,band_mix,0.045,,53,0.4282
beta_8,8.0,high_outside,primary_baseline,band_mix,0.045,,54,0.4418
beta_8,8.0,high_outside,primary_baseline,band_mix,0.045,,55,0.4556
beta_8,8.0,high_outside,primary_baseline,band_mix,0.045,,56,0.4644
beta_8,8.0,high_outside,primary_baseline,band_mix,0.045,,57,0.4738
beta_8,8.0,high_outside,primary_baseline,band_mix,0.045,,58,0.4838
beta_8,8.0,high_outside,primary_baseline,band_mix,0.045,,59,0.4924
beta_8,8.0,high_outside,primary_baseline,band_mix,0.045,,60,0.504
beta_8,8.0,high_outside,primary_baseline,band_mix,0.045,,61,0.5124
beta_8,8.0,high_outside,primary_baseline,band_mix,0.045,,62,0.5224
beta_8,8.0,high_outside,primary_baseline,band_mix,0.045,,63,0.5296
beta_8,8.0,high_outside,primary_baseline,band_mix,0.045,,64,0.541
beta_8,8.0,high_outside,primary_baseline,band_mix,0.045,,65,0.5484
beta_8,8.0,high_outside,primary_baseline,band_mix,0.045,,66,0.5556
beta_8,8.0,high_outside,primary_baseline,band_mix,0.045,,67,0.5648
beta_8,8.0,high_outside,primary_baseline,band_mix,0.045,,68,0.5734
beta_8,8.0,high_outside,primary_baseline,band_mix,0.045,,69,0.5822
beta_8,8.0,high_outside,primary_baseline,band_mix,0.045,,70,0.5906
beta_8,8.0,high_outside,primary_baseline,band_mix,0.045,,71,0.5966
beta_8,8.0,high_outside,primary_baseline,band_mix,0.045,,72,0.6036
beta_8,8.0,high_outside,primary_baseline,band_mix,0.045,,73,0.6102
beta_8,8.0,high_outside,primary_baseline,band_mix,0.045,,74,0.616
beta_8,8.0,high_outside,primary_baseline,band_mix,0.045,,75,0.6212
beta_8,8.0,high_outside,primary_baseline,band_mix,0.045,,76,0.6248
beta_8,8.0,high_outside,primary_baseline,band_mix,0.045,,77,0.6286
beta_8,8.0,high_outside,primary_baseline,band_mix,0.045,,78,0.6336
beta_8,8.0,high_outside,primary_baseline,band_mix,0.045,,79,0.6414
beta_8,8.0,high_outside,primary_baseline,band_mix,0.045,,80,0.6458
beta_8,8.0,high_outside,primary_baseline,band_mix,0.045,,81,0.6526
beta_8,8.0,high_outside,primary_baseline,band_mix,0.045,,82,0.6578
beta_8,8.0,high_outside,primary_baseline,band_mix,0.045,,83,0.6638
beta_8,8.0,high_outside,primary_baseline,band_mix,0.045,,84,0.6682
beta_8,8.0,high_outside,primary_baseline,band_mix,0.045,,85,0.6726
beta_8,8.0,high_outside,primary_baseline,band_mix,0.045,,86,0.677
beta_8,8.0,high_outside,primary_baseline,band_mix,0.045,,87,0.6796
beta_8,8.0,high_outside,primary_baseline,band_mix,0.045,,88,0.6846
beta_8,8.0,high_outside,primary_baseline,band_mix,0.045,,89,0.6872
beta_8,8.0,high_outside,primary_baseline,band_mix,0.045,,90,0.6902
beta_8,8.0,high_outside,primary_baseline,band_mix,0.045,,91,0.693
beta_8,8.0,high_outside,primary_baseline,band_mix,0.045,,92,0.6958
beta_8,8.0,high_outside,primary_baseline,band_mix,0.045,,93,0.6988
beta_8,8.0,high_outside,primary_baseline,band_mix,0.045,,94,0.7022
beta_8,8.0,high_outside,primary_baseline,band_mix,0.045,,95,0.7056
beta_8,8.0,high_outside,primary_baseline,band_mix,0.045,,96,0.7082
beta_8,8.0,high_outside,primary_baseline,band_mix,0.045,,97,0.7102
beta_8,8.0,high_outside,primary_baseline,band_mix,0.045,,98,0.7124
beta_8,8.0,high_outside,primary_baseline,band_mix,0.045,,99,0.7156
beta_8,8.0,high_outside,primary_baseline,band_mix,0.045,,100,0.719
beta_8,8.0,high_outside,primary_baseline,band_mix,0.045,,101,0.7218
beta_8,8.0,high_outside,primary_baseline,band_mix,0.045,,102,0.7244
beta_8,8.0,high_outside,primary_baseline,band_mix,0.045,,103,0.7258
beta_8,8.0,high_outside,primary_baseline,band_mix,0.045,,104,0.7278
beta_8,8.0,high_outside,primary_baseline,band_mix,0.045,,105,0.7314
beta_8,8.0,high_outside,primary_baseline,band_mix,0.045,,106,0.7342
beta_8,8.0,high_outside,primary_baseline,band_mix,0.045,,107,0.7372
beta_8,8.0,high_outside,primary_baseline,band_mix,0.045,,108,0.7412
beta_8,8.0,high_outside,primary_baseline,band_mix,0.045,,109,0.7424
beta_8,8.0,high_outside,primary_baseline,band_mix,0.045,,110,0.745
beta_8,8.0,high_outside,primary_baseline,band_mix,0.045,,111,0.7476
beta_8,8.0,high_outside,primary_baseline,band_mix,0.045,,112,0.7488
beta_8,8.0,high_outside,primary_baseline,band_mix,0.045,,113,0.7508
beta_8,8.0,high_outside,primary_baseline,band_mix,0.045,,114,0.7534
beta_8,8.0,high_outside,primary_baseline,band_mix,0.045,,115,0.7554
beta_8,8.0,high_outside,primary_baseline,band_mix,0.045,,116,0.758
beta_8,8.0,high_outside,primary_baseline,band_mix,0.045,,117,0.7596
beta_8,8.0,high_outside,primary_baseline,band_mix,0.045,,118,0.762
beta_8,8.0,high_outside,primary_baseline,band_mix,0.045,,119,0.7632
beta_8,8.0,high_outside,primary_baseline,band_mix,0.045,,120,0.765
beta_8,8.0,high_outside,primary_baseline,band_mix,0.045,,121,0.7662
beta_8,8.0,high_outside,primary_baseline,band_mix,0.045,,122,0.7672
beta_8,8.0,high_outside,primary_baseline,band_mix,0.045,,123,0.768
beta_8,8.0,high_outside,primary_baseline,band_mix,0.045,,124,0.7696
beta_8,8.0,high_outside,primary_baseline,band_mix,0.045,,125,0.7712
beta_8,8.0,high_outside,primary_baseline,band_mix,0.045,,126,0.7724
beta_8,8.0,high_outside,primary_baseline,band_mix,0.045,,127,0.7734
beta_8,8.0,high_outside,primary_baseline,band_mix,0.045,,128,0.774
beta_8,8.0,high_outside,primary_baseline,band_mix,0.045,,129,0.7748
beta_8,8.0,high_outside,primary_baseline,band_mix,0.045,,130,0.775
beta_8,8.0,high_outside,primary_baseline,band_mix,0.045,,131,0.7766
beta_8,8.0,high_outside,primary_baseline,band_mix,0.045,,132,0.7774
beta_8,8.0,high_outside,primary_baseline,band_mix,0.045,,133,0.7788
beta_8,8.0,high_outside,primary_baseline,band_mix,0.045,,134,0.7802
beta_8,8.0,high_outside,primary_baseline,band_mix,0.045,,135,0.7814
beta_8,8.0,high_outside,primary_baseline,band_mix,0.045,,136,0.783
beta_8,8.0,high_outside,primary_baseline,band_mix,0.045,,137,0.7842
beta_8,8.0,high_outside,primary_baseline,band_mix,0.045,,138,0.7862
beta_8,8.0,high_outside,primary_baseline,band_mix,0.045,,139,0.7886
beta_8,8.0,high_outside,primary_baseline,band_mix,0.045,,140,0.7898
beta_8,8.0,high_outside,primary_baseline,band_mix,0.045,,141,0.7908
beta_8,8.0,high_outside,primary_baseline,band_mix,0.045,,142,0.791
beta_8,8.0,high_outside,primary_baseline,band_mix,0.045,,143,0.792
beta_8,8.0,high_outside,primary_baseline,band_mix,0.045,,144,0.7926
beta_8,8.0,high_outside,primary_baseline,band_mix,0.045,,145,0.793
beta_8,8.0,high_outside,primary_baseline,band_mix,0.045,,146,0.7938
beta_8,8.0,high_outside,primary_baseline,band_mix,0.045,,147,0.7952
beta_8,8.0,high_outside,primary_baseline,band_mix,0.045,,148,0.7964
beta_8,8.0,high_outside,primary_baseline,band_mix,0.045,,149,0.7984
beta_8,8.0,high_outside,primary_baseline,band_mix,0.045,,150,0.7998
beta_8,8.0,high_outside,primary_baseline,band_mix,0.045,,151,0.8008
beta_8,8.0,high_outside,primary_baseline,band_mix,0.045,,152,0.802
beta_8,8.0,high_outside,primary_baseline,band_mix,0.045,,153,0.8034
beta_8,8.0,high_outside,primary_baseline,band_mix,0.045,,154,0.8036
beta_8,8.0,high_outside,primary_baseline,band_mix,0.045,,155,0.8048
beta_8,8.0,high_outside,primary_baseline,band_mix,0.045,,156,0.8058
beta_8,8.0,high_outside,primary_baseline,band_mix,0.045,,157,0.8062
beta_8,8.0,high_outside,primary_baseline,band_mix,0.045,,158,0.807
beta_8,8.0,high_outside,primary_baseline,band_mix,0.045,,159,0.8074
beta_8,8.0,high_outside,primary_baseline,band_mix,0.045,,160,0.809
beta_8,8.0,high_outside,primary_baseline,band_mix,0.045,,161,0.8102
beta_8,8.0,high_outside,primary_baseline,band_mix,0.045,,162,0.8112
beta_8,8.0,high_outside,primary_baseline,band_mix,0.045,,163,0.8122
beta_8,8.0,high_outside,primary_baseline,band_mix,0.045,,164,0.8132
beta_8,8.0,high_outside,primary_baseline,band_mix,0.045,,165,0.8134
beta_8,8.0,high_outside,primary_baseline,band_mix,0.045,,166,0.814
beta_8,8.0,high_outside,primary_baseline,band_mix,0.045,,167,0.815
beta_8,8.0,high_outside,primary_baseline,band_mix,0.045,,168,0.8154
beta_8,8.0,high_outside,primary_baseline,band_mix,0.045,,169,0.8164
beta_8,8.0,high_outside,primary_baseline,band_mix,0.045,,170,0.817
beta_8,8.0,high_outside,primary_baseline,band_mix,0.045,,171,0.8178
beta_8,8.0,high_outside,primary_baseline,band_mix,0.045,,172,0.8188
beta_8,8.0,high_outside,primary_baseline,band_mix,0.045,,173,0.819
beta_8,8.0,high_outside,primary_baseline,band_mix,0.045,,174,0.8196
beta_8,8.0,high_outside,primary_baseline,band_mix,0.045,,175,0.8214
beta_8,8.0,high_outside,primary_baseline,band_mix,0.045,,176,0.8224
beta_8,8.0,high_outside,primary_baseline,band_mix,0.045,,177,0.8232
beta_8,8.0,high_outside,primary_baseline,band_mix,0.045,,178,0.8238
beta_8,8.0,high_outside,primary_baseline,band_mix,0.045,,179,0.8246
beta_8,8.0,high_outside,primary_baseline,band_mix,0.045,,180,0.8248
beta_8,8.0,high_outside,primary_baseline,band_mix,0.045,,181,0.8252
beta_8,8.0,high_outside,primary_baseline,band_mix,0.045,,182,0.8256
beta_8,8.0,high_outside,primary_baseline,band_mix,0.045,,183,0.826
beta_8,8.0,high_outside,primary_baseline,band_mix,0.045,,184,0.8264
beta_8,8.0,high_outside,primary_baseline,band_mix,0.045,,185,0.8266
beta_8,8.0,high_outside,primary_baseline,band_mix,0.045,,186,0.827
beta_8,8.0,high_outside,primary_baseline,band_mix,0.045,,187,0.8276
beta_8,8.0,high_outside,primary_baseline,band_mix,0.045,,188,0.8286
beta_8,8.0,high_outside,primary_baseline,band_mix,0.045,,189,0.8294
beta_8,8.0,high_outside,primary_baseline,band_mix,0.045,,190,0.8302
beta_8,8.0,high_outside,primary_baseline,band_mix,0.045,,191,0.831
beta_8,8.0,high_outside,primary_baseline,band_mix,0.045,,192,0.831
beta_8,8.0,high_outside,primary_baseline,band_mix,0.045,,193,0.8316
beta_8,8.0,high_outside,primary_baseline,band_mix,0.045,,194,0.8318
beta_8,8.0,high_outside,primary_baseline,band_mix,0.045,,195,0.832
beta_8,8.0,high_outside,primary_baseline,band_mix,0.045,,196,0.833
beta_8,8.0,high_outside,primary_baseline,band_mix,0.045,,197,0.8338
beta_8,8.0,high_outside,primary_baseline,band_mix,0.045,,198,0.8342
beta_8,8.0,high_outside,primary_baseline,band_mix,0.045,,199,0.835
beta_8,8.0,high_outside,primary_baseline,band_mix,0.045,,200,0.8362
beta_8,8.0,high_outside,best_grid_T200,band_mix,0.045,,1,0.0
beta_8,8.0,high_outside,best_grid_T200,band_mix,0.045,,2,0.0
beta_8,8.0,high_outside,best_grid_T200,band_mix,0.045,,3,0.0
beta_8,8.0,high_outside,best_grid_T200,band_mix,0.045,,4,0.0
beta_8,8.0,high_outside,best_grid_T200,band_mix,0.045,,5,0.0
beta_8,8.0,high_outside,best_grid_T200,band_mix,0.045,,6,0.0
beta_8,8.0,high_outside,best_grid_T200,band_mix,0.045,,7,0.0
beta_8,8.0,high_outside,best_grid_T200,band_mix,0.045,,8,0.0
beta_8,8.0,high_outside,best_grid_T200,band_mix,0.045,,9,0.0
beta_8,8.0,high_outside,best_grid_T200,band_mix,0.045,,10,0.0
beta_8,8.0,high_outside,best_grid_T200,band_mix,0.045,,11,0.0
beta_8,8.0,high_outside,best_grid_T200,band_mix,0.045,,12,0.0
beta_8,8.0,high_outside,best_grid_T200,band_mix,0.045,,13,0.0
beta_8,8.0,high_outside,best_grid_T200,band_mix,0.045,,14,0.0
beta_8,8.0,high_outside,best_grid_T200,band_mix,0.045,,15,0.0
beta_8,8.0,high_outside,best_grid_T200,band_mix,0.045,,16,0.0
beta_8,8.0,high_outside,best_grid_T200,band_mix,0.045,,17,0.0
beta_8,8.0,high_outside,best_grid_T200,band_mix,0.045,,18,0.0
beta_8,8.0,high_outside,best_grid_T200,band_mix,0.045,,19,0.0
beta_8,8.0,high_outside,best_grid_T200,band_mix,0.045,,20,0.0
beta_8,8.0,high_outside,best_grid_T200,band_mix,0.045,,21,0.0
beta_8,8.0,high_outside,best_grid_T200,band_mix,0.045,,22,0.0
beta_8,8.0,high_outside,best_grid_T200,band_mix,0.045,,23,0.0
beta_8,8.0,high_outside,best_grid_T200,band_mix,0.045,,24,0.0002
beta_8,8.0,high_outside,best_grid_T200,band_mix,0.045,,25,0.0022
beta_8,8.0,high_outside,best_grid_T200,band_mix,0.045,,26,0.0068
beta_8,8.0,high_outside,best_grid_T200,band_mix,0.045,,27,0.0124
beta_8,8.0,high_outside,best_grid_T200,band_mix,0.045,,28,0.0216
beta_8,8.0,high_outside,best_grid_T200,band_mix,0.045,,29,0.0316
beta_8,8.0,high_outside,best_grid_T200,band_mix,0.045,,30,0.0456
beta_8,8.0,high_outside,best_grid_T200,band_mix,0.045,,31,0.0604
beta_8,8.0,high_outside,best_grid_T200,band_mix,0.045,,32,0.0788
beta_8,8.0,high_outside,best_grid_T200,band_mix,0.045,,33,0.0988
beta_8,8.0,high_outside,best_grid_T200,band_mix,0.045,,34,0.112
beta_8,8.0,high_outside,best_grid_T200,band_mix,0.045,,35,0.1256
beta_8,8.0,high_outside,best_grid_T200,band_mix,0.045,,36,0.1422
beta_8,8.0,high_outside,best_grid_T200,band_mix,0.045,,37,0.1604
beta_8,8.0,high_outside,best_grid_T200,band_mix,0.045,,38,0.1808
beta_8,8.0,high_outside,best_grid_T200,band_mix,0.045,,39,0.1988
beta_8,8.0,high_outside,best_grid_T200,band_mix,0.045,,40,0.2196
beta_8,8.0,high_outside,best_grid_T200,band_mix,0.045,,41,0.2376
beta_8,8.0,high_outside,best_grid_T200,band_mix,0.045,,42,0.2566
beta_8,8.0,high_outside,best_grid_T200,band_mix,0.045,,43,0.2748
beta_8,8.0,high_outside,best_grid_T200,band_mix,0.045,,44,0.2914
beta_8,8.0,high_outside,best_grid_T200,band_mix,0.045,,45,0.3074
beta_8,8.0,high_outside,best_grid_T200,band_mix,0.045,,46,0.3246
beta_8,8.0,high_outside,best_grid_T200,band_mix,0.045,,47,0.34
beta_8,8.0,high_outside,best_grid_T200,band_mix,0.045,,48,0.3524
beta_8,8.0,high_outside,best_grid_T200,band_mix,0.045,,49,0.3694
beta_8,8.0,high_outside,best_grid_T200,band_mix,0.045,,50,0.3864
beta_8,8.0,high_outside,best_grid_T200,band_mix,0.045,,51,0.4
beta_8,8.0,high_outside,best_grid_T200,band_mix,0.045,,52,0.4156
beta_8,8.0,high_outside,best_grid_T200,band_mix,0.045,,53,0.4282
beta_8,8.0,high_outside,best_grid_T200,band_mix,0.045,,54,0.4418
beta_8,8.0,high_outside,best_grid_T200,band_mix,0.045,,55,0.4556
beta_8,8.0,high_outside,best_grid_T200,band_mix,0.045,,56,0.4644
beta_8,8.0,high_outside,best_grid_T200,band_mix,0.045,,57,0.4738
beta_8,8.0,high_outside,best_grid_T200,band_mix,0.045,,58,0.4838
beta_8,8.0,high_outside,best_grid_T200,band_mix,0.045,,59,0.4924
beta_8,8.0,high_outside,best_grid_T200,band_mix,0.045,,60,0.504
beta_8,8.0,high_outside,best_grid_T200,band_mix,0.045,,61,0.5124
beta_8,8.0,high_outside,best_grid_T200,band_mix,0.045,,62,0.5224
beta_8,8.0,high_outside,best_grid_T200,band_mix,0.045,,63,0.5296
beta_8,8.0,high_outside,best_grid_T200,band_mix,0.045,,64,0.541
beta_8,8.0,high_outside,best_grid_T200,band_mix,0.045,,65,0.5484
beta_8,8.0,high_outside,best_grid_T200,band_mix,0.045,,66,0.5556
beta_8,8.0,high_outside,best_grid_T200,band_mix,0.045,,67,0.5648
beta_8,8.0,high_outside,best_grid_T200,band_mix,0.045,,68,0.5734
beta_8,8.0,high_outside,best_grid_T200,band_mix,0.045,,69,0.5822
beta_8,8.0,high_outside,best_grid_T200,band_mix,0.045,,70,0.5906
beta_8,8.0,high_outside,best_grid_T200,band_mix,0.045,,71,0.5966
beta_8,8.0,high_outside,best_grid_T200,band_mix,0.045,,72,0.6036
beta_8,8.0,high_outside,best_grid_T200,band_mix,0.045,,73,0.6102
beta_8,8.0,high_outside,best_grid_T200,band_mix,0.045,,74,0.616
beta_8,8.0,high_outside,best_grid_T200,band_mix,0.045,,75,0.6212
beta_8,8.0,high_outside,best_grid_T200,band_mix,0.045,,76,0.6248
beta_8,8.0,high_outside,best_grid_T200,band_mix,0.045,,77,0.6286
beta_8,8.0,high_outside,best_grid_T200,band_mix,0.045,,78,0.6336
beta_8,8.0,high_outside,best_grid_T200,band_mix,0.045,,79,0.6414
beta_8,8.0,high_outside,best_grid_T200,band_mix,0.045,,80,0.6458
beta_8,8.0,high_outside,best_grid_T200,band_mix,0.045,,81,0.6526
beta_8,8.0,high_outside,best_grid_T200,band_mix,0.045,,82,0.6578
beta_8,8.0,high_outside,best_grid_T200,band_mix,0.045,,83,0.6638
beta_8,8.0,high_outside,best_grid_T200,band_mix,0.045,,84,0.6682
beta_8,8.0,high_outside,best_grid_T200,band_mix,0.045,,85,0.6726
beta_8,8.0,high_outside,best_grid_T200,band_mix,0.045,,86,0.677
beta_8,8.0,high_outside,best_grid_T200,band_mix,0.045,,87,0.6796
beta_8,8.0,high_outside,best_grid_T200,band_mix,0.045,,88,0.6846
beta_8,8.0,high_outside,best_grid_T200,band_mix,0.045,,89,0.6872
beta_8,8.0,high_outside,best_grid_T200,band_mix,0.045,,90,0.6902
beta_8,8.0,high_outside,best_grid_T200,band_mix,0.045,,91,0.693
beta_8,8.0,high_outside,best_grid_T200,band_mix,0.045,,92,0.6958
beta_8,8.0,high_outside,best_grid_T200,band_mix,0.045,,93,0.6988
beta_8,8.0,high_outside,best_grid_T200,band_mix,0.045,,94,0.7022
beta_8,8.0,high_outside,best_grid_T200,band_mix,0.045,,95,0.7056
beta_8,8.0,high_outside,best_grid_T200,band_mix,0.045,,96,0.7082
beta_8,8.0,high_outside,best_grid_T200,band_mix,0.045,,97,0.7102
beta_8,8.0,high_outside,best_grid_T200,band_mix,0.045,,98,0.7124
beta_8,8.0,high_outside,best_grid_T200,band_mix,0.045,,99,0.7156
beta_8,8.0,high_outside,best_grid_T200,band_mix,0.045,,100,0.719
beta_8,8.0,high_outside,best_grid_T200,band_mix,0.045,,101,0.7218
beta_8,8.0,high_outside,best_grid_T200,band_mix,0.045,,102,0.7244
beta_8,8.0,high_outside,best_grid_T200,band_mix,0.045,,103,0.7258
beta_8,8.0,high_outside,best_grid_T200,band_mix,0.045,,104,0.7278
beta_8,8.0,high_outside,best_grid_T200,band_mix,0.045,,105,0.7314
beta_8,8.0,high_outside,best_grid_T200,band_mix,0.045,,106,0.7342
beta_8,8.0,high_outside,best_grid_T200,band_mix,0.045,,107,0.7372
beta_8,8.0,high_outside,best_grid_T200,band_mix,0.045,,108,0.7412
beta_8,8.0,high_outside,best_grid_T200,band_mix,0.045,,109,0.7424
beta_8,8.0,high_outside,best_grid_T200,band_mix,0.045,,110,0.745
beta_8,8.0,high_outside,best_grid_T200,band_mix,0.045,,111,0.7476
beta_8,8.0,high_outside,best_grid_T200,band_mix,0.045,,112,0.7488
beta_8,8.0,high_outside,best_grid_T200,band_mix,0.045,,113,0.7508
beta_8,8.0,high_outside,best_grid_T200,band_mix,0.045,,114,0.7534
beta_8,8.0,high_outside,best_grid_T200,band_mix,0.045,,115,0.7554
beta_8,8.0,high_outside,best_grid_T200,band_mix,0.045,,116,0.758
beta_8,8.0,high_outside,best_grid_T200,band_mix,0.045,,117,0.7596
beta_8,8.0,high_outside,best_grid_T200,band_mix,0.045,,118,0.762
beta_8,8.0,high_outside,best_grid_T200,band_mix,0.045,,119,0.7632
beta_8,8.0,high_outside,best_grid_T200,band_mix,0.045,,120,0.765
beta_8,8.0,high_outside,best_grid_T200,band_mix,0.045,,121,0.7662
beta_8,8.0,high_outside,best_grid_T200,band_mix,0.045,,122,0.7672
beta_8,8.0,high_outside,best_grid_T200,band_mix,0.045,,123,0.768
beta_8,8.0,high_outside,best_grid_T200,band_mix,0.045,,124,0.7696
beta_8,8.0,high_outside,best_grid_T200,band_mix,0.045,,125,0.7712
beta_8,8.0,high_outside,best_grid_T200,band_mix,0.045,,126,0.7724
beta_8,8.0,high_outside,best_grid_T200,band_mix,0.045,,127,0.7734
beta_8,8.0,high_outside,best_grid_T200,band_mix,0.045,,128,0.774
beta_8,8.0,high_outside,best_grid_T200,band_mix,0.045,,129,0.7748
beta_8,8.0,high_outside,best_grid_T200,band_mix,0.045,,130,0.775
beta_8,8.0,high_outside,best_grid_T200,band_mix,0.045,,131,0.7766
beta_8,8.0,high_outside,best_grid_T200,band_mix,0.045,,132,0.7774
beta_8,8.0,high_outside,best_grid_T200,band_mix,0.045,,133,0.7788
beta_8,8.0,high_outside,best_grid_T200,band_mix,0.045,,134,0.7802
beta_8,8.0,high_outside,best_grid_T200,band_mix,0.045,,135,0.7814
beta_8,8.0,high_outside,best_grid_T200,band_mix,0.045,,136,0.783
beta_8,8.0,high_outside,best_grid_T200,band_mix,0.045,,137,0.7842
beta_8,8.0,high_outside,best_grid_T200,band_mix,0.045,,138,0.7862
beta_8,8.0,high_outside,best_grid_T200,band_mix,0.045,,139,0.7886
beta_8,8.0,high_outside,best_grid_T200,band_mix,0.045,,140,0.7898
beta_8,8.0,high_outside,best_grid_T200,band_mix,0.045,,141,0.7908
beta_8,8.0,high_outside,best_grid_T200,band_mix,0.045,,142,0.791
beta_8,8.0,high_outside,best_grid_T200,band_mix,0.045,,143,0.792
beta_8,8.0,high_outside,best_grid_T200,band_mix,0.045,,144,0.7926
beta_8,8.0,high_outside,best_grid_T200,band_mix,0.045,,145,0.793
beta_8,8.0,high_outside,best_grid_T200,band_mix,0.045,,146,0.7938
beta_8,8.0,high_outside,best_grid_T200,band_mix,0.045,,147,0.7952
beta_8,8.0,high_outside,best_grid_T200,band_mix,0.045,,148,0.7964
beta_8,8.0,high_outside,best_grid_T200,band_mix,0.045,,149,0.7984
beta_8,8.0,high_outside,best_grid_T200,band_mix,0.045,,150,0.7998
beta_8,8.0,high_outside,best_grid_T200,band_mix,0.045,,151,0.8008
beta_8,8.0,high_outside,best_grid_T200,band_mix,0.045,,152,0.802
beta_8,8.0,high_outside,best_grid_T200,band_mix,0.045,,153,0.8034
beta_8,8.0,high_outside,best_grid_T200,band_mix,0.045,,154,0.8036
beta_8,8.0,high_outside,best_grid_T200,band_mix,0.045,,155,0.8048
beta_8,8.0,high_outside,best_grid_T200,band_mix,0.045,,156,0.8058
beta_8,8.0,high_outside,best_grid_T200,band_mix,0.045,,157,0.8062
beta_8,8.0,high_outside,best_grid_T200,band_mix,0.045,,158,0.807
beta_8,8.0,high_outside,best_grid_T200,band_mix,0.045,,159,0.8074
beta_8,8.0,high_outside,best_grid_T200,band_mix,0.045,,160,0.809
beta_8,8.0,high_outside,best_grid_T200,band_mix,0.045,,161,0.8102
beta_8,8.0,high_outside,best_grid_T200,band_mix,0.045,,162,0.8112
beta_8,8.0,high_outside,best_grid_T200,band_mix,0.045,,163,0.8122
beta_8,8.0,high_outside,best_grid_T200,band_mix,0.045,,164,0.8132
beta_8,8.0,high_outside,best_grid_T200,band_mix,0.045,,165,0.8134
beta_8,8.0,high_outside,best_grid_T200,band_mix,0.045,,166,0.814
beta_8,8.0,high_outside,best_grid_T200,band_mix,0.045,,167,0.815
beta_8,8.0,high_outside,best_grid_T200,band_mix,0.045,,168,0.8154
beta_8,8.0,high_outside,best_grid_T200,band_mix,0.045,,169,0.8164
beta_8,8.0,high_outside,best_grid_T200,band_mix,0.045,,170,0.817
beta_8,8.0,high_outside,best_grid_T200,band_mix,0.045,,171,0.8178
beta_8,8.0,high_outside,best_grid_T200,band_mix,0.045,,172,0.8188
beta_8,8.0,high_outside,best_grid_T200,band_mix,0.045,,173,0.819
beta_8,8.0,high_outside,best_grid_T200,band_mix,0.045,,174,0.8196
beta_8,8.0,high_outside,best_grid_T200,band_mix,0.045,,175,0.8214
beta_8,8.0,high_outside,best_grid_T200,band_mix,0.045,,176,0.8224
beta_8,8.0,high_outside,best_grid_T200,band_mix,0.045,,177,0.8232
beta_8,8.0,high_outside,best_grid_T200,band_mix,0.045,,178,0.8238
beta_8,8.0,high_outside,best_grid_T200,band_mix,0.045,,179,0.8246
beta_8,8.0,high_outside,best_grid_T200,band_mix,0.045,,180,0.8248
beta_8,8.0,high_outside,best_grid_T200,band_mix,0.045,,181,0.8252
beta_8,8.0,high_outside,best_grid_T200,band_mix,0.045,,182,0.8256
beta_8,8.0,high_outside,best_grid_T200,band_mix,0.045,,183,0.826
beta_8,8.0,high_outside,best_grid_T200,band_mix,0.045,,184,0.8264
beta_8,8.0,high_outside,best_grid_T200,band_mix,0.045,,185,0.8266
beta_8,8.0,high_outside,best_grid_T200,band_mix,0.045,,186,0.827
beta_8,8.0,high_outside,best_grid_T200,band_mix,0.045,,187,0.8276
beta_8,8.0,high_outside,best_grid_T200,band_mix,0.045,,188,0.8286
beta_8,8.0,high_outside,best_grid_T200,band_mix,0.045,,189,0.8294
beta_8,8.0,high_outside,best_grid_T200,band_mix,0.045,,190,0.8302
beta_8,8.0,high_outside,best_grid_T200,band_mix,0.045,,191,0.831
beta_8,8.0,high_outside,best_grid_T200,band_mix,0.045,,192,0.831
beta_8,8.0,high_outside,best_grid_T200,band_mix,0.045,,193,0.8316
beta_8,8.0,high_outside,best_grid_T200,band_mix,0.045,,194,0.8318
beta_8,8.0,high_outside,best_grid_T200,band_mix,0.045,,195,0.832
beta_8,8.0,high_outside,best_grid_T200,band_mix,0.045,,196,0.833
beta_8,8.0,high_outside,best_grid_T200,band_mix,0.045,,197,0.8338
beta_8,8.0,high_outside,best_grid_T200,band_mix,0.045,,198,0.8342
beta_8,8.0,high_outside,best_grid_T200,band_mix,0.045,,199,0.835
beta_8,8.0,high_outside,best_grid_T200,band_mix,0.045,,200,0.8362
beta_8,8.0,high_outside,oracle,oracle,,,1,0.0
beta_8,8.0,high_outside,oracle,oracle,,,2,0.0
beta_8,8.0,high_outside,oracle,oracle,,,3,0.2056
beta_8,8.0,high_outside,oracle,oracle,,,4,0.5072
beta_8,8.0,high_outside,oracle,oracle,,,5,0.688
beta_8,8.0,high_outside,oracle,oracle,,,6,0.8018
beta_8,8.0,high_outside,oracle,oracle,,,7,0.8734
beta_8,8.0,high_outside,oracle,oracle,,,8,0.9202
beta_8,8.0,high_outside,oracle,oracle,,,9,0.946
beta_8,8.0,high_outside,oracle,oracle,,,10,0.9644
beta_8,8.0,high_outside,oracle,oracle,,,11,0.975
beta_8,8.0,high_outside,oracle,oracle,,,12,0.9816
beta_8,8.0,high_outside,oracle,oracle,,,13,0.9864
beta_8,8.0,high_outside,oracle,oracle,,,14,0.9894
beta_8,8.0,high_outside,oracle,oracle,,,15,0.991
beta_8,8.0,high_outside,oracle,oracle,,,16,0.9928
beta_8,8.0,high_outside,oracle,oracle,,,17,0.9942
beta_8,8.0,high_outside,oracle,oracle,,,18,0.9954
beta_8,8.0,high_outside,oracle,oracle,,,19,0.996
beta_8,8.0,high_outside,oracle,oracle,,,20,0.9974
beta_8,8.0,high_outside,oracle,oracle,,,21,0.9974
beta_8,8.0,high_outside,oracle,oracle,,,22,0.9982
beta_8,8.0,high_outside,oracle,oracle,,,23,0.9984
beta_8,8.0,high_outside,oracle,oracle,,,24,0.9986
beta_8,8.0,high_outside,oracle,oracle,,,25,0.9986
beta_8,8.0,high_outside,oracle,oracle,,,26,0.9986
beta_8,8.0,high_outside,oracle,oracle,,,27,0.9986
beta_8,8.0,high_outside,oracle,oracle,,,28,0.9986
beta_8,8.0,high_outside,oracle,oracle,,,29,0.9988
beta_8,8.0,high_outside,oracle,oracle,,,30,0.999
beta_8,8.0,high_outside,oracle,oracle,,,31,0.9992
beta_8,8.0,high_outside,oracle,oracle,,,32,0.9996
beta_8,8.0,high_outside,oracle,oracle,,,33,0.9996
beta_8,8.0,high_outside,oracle,oracle,,,34,0.9996
beta_8,8.0,high_outside,oracle,oracle,,,35,0.9996
beta_8,8.0,high_outside,oracle,oracle,,,36,0.9996
beta_8,8.0,high_outside,oracle,oracle,,,37,0.9996
beta_8,8.0,high_outside,oracle,oracle,,,38,0.9996
beta_8,8.0,high_outside,oracle,oracle,,,39,0.9996
beta_8,8.0,high_outside,oracle,oracle,,,40,0.9996
beta_8,8.0,high_outside,oracle,oracle,,,41,0.9996
beta_8,8.0,high_outside,oracle,oracle,,,42,0.9996
beta_8,8.0,high_outside,oracle,oracle,,,43,0.9996
beta_8,8.0,high_outside,oracle,oracle,,,44,0.9996
beta_8,8.0,high_outside,oracle,oracle,,,45,0.9996
beta_8,8.0,high_outside,oracle,oracle,,,46,0.9996
beta_8,8.0,high_outside,oracle,oracle,,,47,0.9996
beta_8,8.0,high_outside,oracle,oracle,,,48,0.9996
beta_8,8.0,high_outside,oracle,oracle,,,49,0.9996
beta_8,8.0,high_outside,oracle,oracle,,,50,0.9996
beta_8,8.0,high_outside,oracle,oracle,,,51,0.9996
beta_8,8.0,high_outside,oracle,oracle,,,52,0.9996
beta_8,8.0,high_outside,oracle,oracle,,,53,0.9996
beta_8,8.0,high_outside,oracle,oracle,,,54,0.9996
beta_8,8.0,high_outside,oracle,oracle,,,55,0.9996
beta_8,8.0,high_outside,oracle,oracle,,,56,0.9996
beta_8,8.0,high_outside,oracle,oracle,,,57,0.9996
beta_8,8.0,high_outside,oracle,oracle,,,58,0.9996
beta_8,8.0,high_outside,oracle,oracle,,,59,0.9996
beta_8,8.0,high_outside,oracle,oracle,,,60,0.9996
beta_8,8.0,high_outside,oracle,oracle,,,61,0.9996
beta_8,8.0,high_outside,oracle,oracle,,,62,0.9996
beta_8,8.0,high_outside,oracle,oracle,,,63,0.9996
beta_8,8.0,high_outside,oracle,oracle,,,64,0.9998
beta_8,8.0,high_outside,oracle,oracle,,,65,0.9998
beta_8,8.0,high_outside,oracle,oracle,,,66,0.9998
beta_8,8.0,high_outside,oracle,oracle,,,67,0.9998
beta_8,8.0,high_outside,oracle,oracle,,,68,0.9998
beta_8,8.0,high_outside,oracle,oracle,,,69,0.9998
beta_8,8.0,high_outside,oracle,oracle,,,70,0.9998
beta_8,8.0,high_outside,oracle,oracle,,,71,0.9998
beta_8,8.0,high_outside,oracle,oracle,,,72,0.9998
beta_8,8.0,high_outside,oracle,oracle,,,73,0.9998
beta_8,8.0,high_outside,oracle,oracle,,,74,0.9998
beta_8,8.0,high_outside,oracle,oracle,,,75,0.9998
beta_8,8.0,high_outside,oracle,oracle,,,76,0.9998
beta_8,8.0,high_outside,oracle,oracle,,,77,0.9998
beta_8,8.0,high_outside,oracle,oracle,,,78,0.9998
beta_8,8.0,high_outside,oracle,oracle,,,79,0.9998
beta_8,8.0,high_outside,oracle,oracle,,,80,0.9998
beta_8,8.0,high_outside,oracle,oracle,,,81,0.9998
beta_8,8.0,high_outside,oracle,oracle,,,82,0.9998
beta_8,8.0,high_outside,oracle,oracle,,,83,0.9998
beta_8,8.0,high_outside,oracle,oracle,,,84,0.9998
beta_8,8.0,high_outside,oracle,oracle,,,85,0.9998
beta_8,8.0,high_outside,oracle,oracle,,,86,0.9998
beta_8,8.0,high_outside,oracle,oracle,,,87,0.9998
beta_8,8.0,high_outside,oracle,oracle,,,88,0.9998
beta_8,8.0,high_outside,oracle,oracle,,,89,0.9998
beta_8,8.0,high_outside,oracle,oracle,,,90,0.9998
beta_8,8.0,high_outside,oracle,oracle,,,91,0.9998
beta_8,8.0,high_outside,oracle,oracle,,,92,0.9998
beta_8,8.0,high_outside,oracle,oracle,,,93,0.9998
beta_8,8.0,high_outside,oracle,oracle,,,94,1.0
beta_8,8.0,high_outside,oracle,oracle,,,95,1.0
beta_8,8.0,high_outside,oracle,oracle,,,96,1.0
beta_8,8.0,high_outside,oracle,oracle,,,97,1.0
beta_8,8.0,high_outside,oracle,oracle,,,98,1.0
beta_8,8.0,high_outside,oracle,oracle,,,99,1.0
beta_8,8.0,high_outside,oracle,oracle,,,100,1.0
beta_8,8.0,high_outside,oracle,oracle,,,101,1.0
beta_8,8.0,high_outside,oracle,oracle,,,102,1.0
beta_8,8.0,high_outside,oracle,oracle,,,103,1.0
beta_8,8.0,high_outside,oracle,oracle,,,104,1.0
beta_8,8.0,high_outside,oracle,oracle,,,105,1.0
beta_8,8.0,high_outside,oracle,oracle,,,106,1.0
beta_8,8.0,high_outside,oracle,oracle,,,107,1.0
beta_8,8.0,high_outside,oracle,oracle,,,108,1.0
beta_8,8.0,high_outside,oracle,oracle,,,109,1.0
beta_8,8.0,high_outside,oracle,oracle,,,110,1.0
beta_8,8.0,high_outside,oracle,oracle,,,111,1.0
beta_8,8.0,high_outside,oracle,oracle,,,112,1.0
beta_8,8.0,high_outside,oracle,oracle,,,113,1.0
beta_8,8.0,high_outside,oracle,oracle,,,114,1.0
beta_8,8.0,high_outside,oracle,oracle,,,115,1.0
beta_8,8.0,high_outside,oracle,oracle,,,116,1.0
beta_8,8.0,high_outside,oracle,oracle,,,117,1.0
beta_8,8.0,high_outside,oracle,oracle,,,118,1.0
beta_8,8.0,high_outside,oracle,oracle,,,119,1.0
beta_8,8.0,high_outside,oracle,oracle,,,120,1.0
beta_8,8.0,high_outside,oracle,oracle,,,121,1.0
beta_8,8.0,high_outside,oracle,oracle,,,122,1.0
beta_8,8.0,high_outside,oracle,oracle,,,123,1.0
beta_8,8.0,high_outside,oracle,oracle,,,124,1.0
beta_8,8.0,high_outside,oracle,oracle,,,125,1.0
beta_8,8.0,high_outside,oracle,oracle,,,126,1.0
beta_8,8.0,high_outside,oracle,oracle,,,127,1.0
beta_8,8.0,high_outside,oracle,oracle,,,128,1.0
beta_8,8.0,high_outside,oracle,oracle,,,129,1.0
beta_8,8.0,high_outside,oracle,oracle,,,130,1.0
beta_8,8.0,high_outside,oracle,oracle,,,131,1.0
beta_8,8.0,high_outside,oracle,oracle,,,132,1.0
beta_8,8.0,high_outside,oracle,oracle,,,133,1.0
beta_8,8.0,high_outside,oracle,oracle,,,134,1.0
beta_8,8.0,high_outside,oracle,oracle,,,135,1.0
beta_8,8.0,high_outside,oracle,oracle,,,136,1.0
beta_8,8.0,high_outside,oracle,oracle,,,137,1.0
beta_8,8.0,high_outside,oracle,oracle,,,138,1.0
beta_8,8.0,high_outside,oracle,oracle,,,139,1.0
beta_8,8.0,high_outside,oracle,oracle,,,140,1.0
beta_8,8.0,high_outside,oracle,oracle,,,141,1.0
beta_8,8.0,high_outside,oracle,oracle,,,142,1.0
beta_8,8.0,high_outside,oracle,oracle,,,143,1.0
beta_8,8.0,high_outside,oracle,oracle,,,144,1.0
beta_8,8.0,high_outside,oracle,oracle,,,145,1.0
beta_8,8.0,high_outside,oracle,oracle,,,146,1.0
beta_8,8.0,high_outside,oracle,oracle,,,147,1.0
beta_8,8.0,high_outside,oracle,oracle,,,148,1.0
beta_8,8.0,high_outside,oracle,oracle,,,149,1.0
beta_8,8.0,high_outside,oracle,oracle,,,150,1.0
beta_8,8.0,high_outside,oracle,oracle,,,151,1.0
beta_8,8.0,high_outside,oracle,oracle,,,152,1.0
beta_8,8.0,high_outside,oracle,oracle,,,153,1.0
beta_8,8.0,high_outside,oracle,oracle,,,154,1.0
beta_8,8.0,high_outside,oracle,oracle,,,155,1.0
beta_8,8.0,high_outside,oracle,oracle,,,156,1.0
beta_8,8.0,high_outside,oracle,oracle,,,157,1.0
beta_8,8.0,high_outside,oracle,oracle,,,158,1.0
beta_8,8.0,high_outside,oracle,oracle,,,159,1.0
beta_8,8.0,high_outside,oracle,oracle,,,160,1.0
beta_8,8.0,high_outside,oracle,oracle,,,161,1.0
beta_8,8.0,high_outside,oracle,oracle,,,162,1.0
beta_8,8.0,high_outside,oracle,oracle,,,163,1.0
beta_8,8.0,high_outside,oracle,oracle,,,164,1.0
beta_8,8.0,high_outside,oracle,oracle,,,165,1.0
beta_8,8.0,high_outside,oracle,oracle,,,166,1.0
beta_8,8.0,high_outside,oracle,oracle,,,167,1.0
beta_8,8.0,high_outside,oracle,oracle,,,168,1.0
beta_8,8.0,high_outside,oracle,oracle,,,169,1.0
beta_8,8.0,high_outside,oracle,oracle,,,170,1.0
beta_8,8.0,high_outside,oracle,oracle,,,171,1.0
beta_8,8.0,high_outside,oracle,oracle,,,172,1.0
beta_8,8.0,high_outside,oracle,oracle,,,173,1.0
beta_8,8.0,high_outside,oracle,oracle,,,174,1.0
beta_8,8.0,high_outside,oracle,oracle,,,175,1.0
beta_8,8.0,high_outside,oracle,oracle,,,176,1.0
beta_8,8.0,high_outside,oracle,oracle,,,177,1.0
beta_8,8.0,high_outside,oracle,oracle,,,178,1.0
beta_8,8.0,high_outside,oracle,oracle,,,179,1.0
beta_8,8.0,high_outside,oracle,oracle,,,180,1.0
beta_8,8.0,high_outside,oracle,oracle,,,181,1.0
beta_8,8.0,high_outside,oracle,oracle,,,182,1.0
beta_8,8.0,high_outside,oracle,oracle,,,183,1.0
beta_8,8.0,high_outside,oracle,oracle,,,184,1.0
beta_8,8.0,high_outside,oracle,oracle,,,185,1.0
beta_8,8.0,high_outside,oracle,oracle,,,186,1.0
beta_8,8.0,high_outside,oracle,oracle,,,187,1.0
beta_8,8.0,high_outside,oracle,oracle,,,188,1.0
beta_8,8.0,high_outside,oracle,oracle,,,189,1.0
beta_8,8.0,high_outside,oracle,oracle,,,190,1.0
beta_8,8.0,high_outside,oracle,oracle,,,191,1.0
beta_8,8.0,high_outside,oracle,oracle,,,192,1.0
beta_8,8.0,high_outside,oracle,oracle,,,193,1.0
beta_8,8.0,high_outside,oracle,oracle,,,194,1.0
beta_8,8.0,high_outside,oracle,oracle,,,195,1.0
beta_8,8.0,high_outside,oracle,oracle,,,196,1.0
beta_8,8.0,high_outside,oracle,oracle,,,197,1.0
beta_8,8.0,high_outside,oracle,oracle,,,198,1.0
beta_8,8.0,high_outside,oracle,oracle,,,199,1.0
beta_8,8.0,high_outside,oracle,oracle,,,200,1.0
beta_8,8.0,upper_inside,static,static,,,1,0.0
beta_8,8.0,upper_inside,static,static,,,2,0.0
beta_8,8.0,upper_inside,static,static,,,3,0.1174
beta_8,8.0,upper_inside,static,static,,,4,0.3378
beta_8,8.0,upper_inside,static,static,,,5,0.5
beta_8,8.0,upper_inside,static,static,,,6,0.6426
beta_8,8.0,upper_inside,static,static,,,7,0.7324
beta_8,8.0,upper_inside,static,static,,,8,0.8036
beta_8,8.0,upper_inside,static,static,,,9,0.8574
beta_8,8.0,upper_inside,static,static,,,10,0.8928
beta_8,8.0,upper_inside,static,static,,,11,0.9202
beta_8,8.0,upper_inside,static,static,,,12,0.9374
beta_8,8.0,upper_inside,static,static,,,13,0.9498
beta_8,8.0,upper_inside,static,static,,,14,0.9612
beta_8,8.0,upper_inside,static,static,,,15,0.9672
beta_8,8.0,upper_inside,static,static,,,16,0.9718
beta_8,8.0,upper_inside,static,static,,,17,0.976
beta_8,8.0,upper_inside,static,static,,,18,0.9794
beta_8,8.0,upper_inside,static,static,,,19,0.9814
beta_8,8.0,upper_inside,static,static,,,20,0.9836
beta_8,8.0,upper_inside,static,static,,,21,0.9852
beta_8,8.0,upper_inside,static,static,,,22,0.987
beta_8,8.0,upper_inside,static,static,,,23,0.9886
beta_8,8.0,upper_inside,static,static,,,24,0.9896
beta_8,8.0,upper_inside,static,static,,,25,0.9898
beta_8,8.0,upper_inside,static,static,,,26,0.9908
beta_8,8.0,upper_inside,static,static,,,27,0.991
beta_8,8.0,upper_inside,static,static,,,28,0.9914
beta_8,8.0,upper_inside,static,static,,,29,0.9924
beta_8,8.0,upper_inside,static,static,,,30,0.9928
beta_8,8.0,upper_inside,static,static,,,31,0.9934
beta_8,8.0,upper_inside,static,static,,,32,0.994
beta_8,8.0,upper_inside,static,static,,,33,0.995
beta_8,8.0,upper_inside,static,static,,,34,0.9952
beta_8,8.0,upper_inside,static,static,,,35,0.9952
beta_8,8.0,upper_inside,static,static,,,36,0.9954
beta_8,8.0,upper_inside,static,static,,,37,0.996
beta_8,8.0,upper_inside,static,static,,,38,0.9962
beta_8,8.0,upper_inside,static,static,,,39,0.9962
beta_8,8.0,upper_inside,static,static,,,40,0.9964
beta_8,8.0,upper_inside,static,static,,,41,0.9966
beta_8,8.0,upper_inside,static,static,,,42,0.9966
beta_8,8.0,upper_inside,static,static,,,43,0.9966
beta_8,8.0,upper_inside,static,static,,,44,0.9966
beta_8,8.0,upper_inside,static,static,,,45,0.9966
beta_8,8.0,upper_inside,static,static,,,46,0.9968
beta_8,8.0,upper_inside,static,static,,,47,0.9968
beta_8,8.0,upper_inside,static,static,,,48,0.9968
beta_8,8.0,upper_inside,static,static,,,49,0.9968
beta_8,8.0,upper_inside,static,static,,,50,0.997
beta_8,8.0,upper_inside,static,static,,,51,0.9972
beta_8,8.0,upper_inside,static,static,,,52,0.9972
beta_8,8.0,upper_inside,static,static,,,53,0.9972
beta_8,8.0,upper_inside,static,static,,,54,0.9972
beta_8,8.0,upper_inside,static,static,,,55,0.9974
beta_8,8.0,upper_inside,static,static,,,56,0.9974
beta_8,8.0,upper_inside,static,static,,,57,0.9974
beta_8,8.0,upper_inside,static,static,,,58,0.9974
beta_8,8.0,upper_inside,static,static,,,59,0.9974
beta_8,8.0,upper_inside,static,static,,,60,0.9976
beta_8,8.0,upper_inside,static,static,,,61,0.9978
beta_8,8.0,upper_inside,static,static,,,62,0.9978
beta_8,8.0,upper_inside,static,static,,,63,0.9978
beta_8,8.0,upper_inside,static,static,,,64,0.9978
beta_8,8.0,upper_inside,static,static,,,65,0.9978
beta_8,8.0,upper_inside,static,static,,,66,0.998
beta_8,8.0,upper_inside,static,static,,,67,0.998
beta_8,8.0,upper_inside,static,static,,,68,0.9982
beta_8,8.0,upper_inside,static,static,,,69,0.9982
beta_8,8.0,upper_inside,static,static,,,70,0.9982
beta_8,8.0,upper_inside,static,static,,,71,0.9982
beta_8,8.0,upper_inside,static,static,,,72,0.9982
beta_8,8.0,upper_inside,static,static,,,73,0.9984
beta_8,8.0,upper_inside,static,static,,,74,0.9984
beta_8,8.0,upper_inside,static,static,,,75,0.9984
beta_8,8.0,upper_inside,static,static,,,76,0.9984
beta_8,8.0,upper_inside,static,static,,,77,0.9984
beta_8,8.0,upper_inside,static,static,,,78,0.9984
beta_8,8.0,upper_inside,static,static,,,79,0.9984
beta_8,8.0,upper_inside,static,static,,,80,0.9984
beta_8,8.0,upper_inside,static,static,,,81,0.9988
beta_8,8.0,upper_inside,static,static,,,82,0.9988
beta_8,8.0,upper_inside,static,static,,,83,0.9988
beta_8,8.0,upper_inside,static,static,,,84,0.9988
beta_8,8.0,upper_inside,static,static,,,85,0.9988
beta_8,8.0,upper_inside,static,static,,,86,0.9988
beta_8,8.0,upper_inside,static,static,,,87,0.9988
beta_8,8.0,upper_inside,static,static,,,88,0.9988
beta_8,8.0,upper_inside,static,static,,,89,0.999
beta_8,8.0,upper_inside,static,static,,,90,0.999
beta_8,8.0,upper_inside,static,static,,,91,0.999
beta_8,8.0,upper_inside,static,static,,,92,0.999
beta_8,8.0,upper_inside,static,static,,,93,0.999
beta_8,8.0,upper_inside,static,static,,,94,0.999
beta_8,8.0,upper_inside,static,static,,,95,0.999
beta_8,8.0,upper_inside,static,static,,,96,0.999
beta_8,8.0,upper_inside,static,static,,,97,0.9992
beta_8,8.0,upper_inside,static,static,,,98,0.9992
beta_8,8.0,upper_inside,static,static,,,99,0.9992
beta_8,8.0,upper_inside,static,static,,,100,0.9992
beta_8,8.0,upper_inside,static,static,,,101,0.9992
beta_8,8.0,upper_inside,static,static,,,102,0.9992
beta_8,8.0,upper_inside,static,static,,,103,0.9992
beta_8,8.0,upper_inside,static,static,,,104,0.9992
beta_8,8.0,upper_inside,static,static,,,105,0.9992
beta_8,8.0,upper_inside,static,static,,,106,0.9992
beta_8,8.0,upper_inside,static,static,,,107,0.9992
beta_8,8.0,upper_inside,static,static,,,108,0.9994
beta_8,8.0,upper_inside,static,static,,,109,0.9994
beta_8,8.0,upper_inside,static,static,,,110,0.9994
beta_8,8.0,upper_inside,static,static,,,111,0.9994
beta_8,8.0,upper_inside,static,static,,,112,0.9994
beta_8,8.0,upper_inside,static,static,,,113,0.9994
beta_8,8.0,upper_inside,static,static,,,114,0.9994
beta_8,8.0,upper_inside,static,static,,,115,0.9994
beta_8,8.0,upper_inside,static,static,,,116,0.9994
beta_8,8.0,upper_inside,static,static,,,117,0.9994
beta_8,8.0,upper_inside,static,static,,,118,0.9994
beta_8,8.0,upper_inside,static,static,,,119,0.9994
beta_8,8.0,upper_inside,static,static,,,120,0.9994
beta_8,8.0,upper_inside,static,static,,,121,0.9994
beta_8,8.0,upper_inside,static,static,,,122,0.9994
beta_8,8.0,upper_inside,static,static,,,123,0.9994
beta_8,8.0,upper_inside,static,static,,,124,0.9994
beta_8,8.0,upper_inside,static,static,,,125,0.9994
beta_8,8.0,upper_inside,static,static,,,126,0.9994
beta_8,8.0,upper_inside,static,static,,,127,0.9994
beta_8,8.0,upper_inside,static,static,,,128,0.9994
beta_8,8.0,upper_inside,static,static,,,129,0.9994
beta_8,8.0,upper_inside,static,static,,,130,0.9994
beta_8,8.0,upper_inside,static,static,,,131,0.9994
beta_8,8.0,upper_inside,static,static,,,132,0.9994
beta_8,8.0,upper_inside,static,static,,,133,0.9994
beta_8,8.0,upper_inside,static,static,,,134,0.9994
beta_8,8.0,upper_inside,static,static,,,135,0.9994
beta_8,8.0,upper_inside,static,static,,,136,0.9996
beta_8,8.0,upper_inside,static,static,,,137,0.9996
beta_8,8.0,upper_inside,static,static,,,138,0.9996
beta_8,8.0,upper_inside,static,static,,,139,0.9996
beta_8,8.0,upper_inside,static,static,,,140,0.9996
beta_8,8.0,upper_inside,static,static,,,141,0.9996
beta_8,8.0,upper_inside,static,static,,,142,0.9996
beta_8,8.0,upper_inside,static,static,,,143,0.9996
beta_8,8.0,upper_inside,static,static,,,144,0.9996
beta_8,8.0,upper_inside,static,static,,,145,0.9996
beta_8,8.0,upper_inside,static,static,,,146,0.9996
beta_8,8.0,upper_inside,static,static,,,147,0.9996
beta_8,8.0,upper_inside,static,static,,,148,0.9996
beta_8,8.0,upper_inside,static,static,,,149,0.9996
beta_8,8.0,upper_inside,static,static,,,150,0.9996
beta_8,8.0,upper_inside,static,static,,,151,0.9996
beta_8,8.0,upper_inside,static,static,,,152,0.9996
beta_8,8.0,upper_inside,static,static,,,153,0.9996
beta_8,8.0,upper_inside,static,static,,,154,0.9996
beta_8,8.0,upper_inside,static,static,,,155,0.9996
beta_8,8.0,upper_inside,static,static,,,156,0.9996
beta_8,8.0,upper_inside,static,static,,,157,0.9996
beta_8,8.0,upper_inside,static,static,,,158,0.9996
beta_8,8.0,upper_inside,static,static,,,159,0.9996
beta_8,8.0,upper_inside,static,static,,,160,0.9996
beta_8,8.0,upper_inside,static,static,,,161,0.9996
beta_8,8.0,upper_inside,static,static,,,162,0.9996
beta_8,8.0,upper_inside,static,static,,,163,0.9996
beta_8,8.0,upper_inside,static,static,,,164,0.9996
beta_8,8.0,upper_inside,static,static,,,165,0.9996
beta_8,8.0,upper_inside,static,static,,,166,0.9996
beta_8,8.0,upper_inside,static,static,,,167,0.9996
beta_8,8.0,upper_inside,static,static,,,168,0.9996
beta_8,8.0,upper_inside,static,static,,,169,0.9996
beta_8,8.0,upper_inside,static,static,,,170,0.9996
beta_8,8.0,upper_inside,static,static,,,171,0.9996
beta_8,8.0,upper_inside,static,static,,,172,0.9996
beta_8,8.0,upper_inside,static,static,,,173,0.9996
beta_8,8.0,upper_inside,static,static,,,174,0.9996
beta_8,8.0,upper_inside,static,static,,,175,0.9996
beta_8,8.0,upper_inside,static,static,,,176,0.9996
beta_8,8.0,upper_inside,static,static,,,177,0.9996
beta_8,8.0,upper_inside,static,static,,,178,0.9996
beta_8,8.0,upper_inside,static,static,,,179,0.9996
beta_8,8.0,upper_inside,static,static,,,180,0.9996
beta_8,8.0,upper_inside,static,static,,,181,0.9996
beta_8,8.0,upper_inside,static,static,,,182,0.9996
beta_8,8.0,upper_inside,static,static,,,183,0.9996
beta_8,8.0,upper_inside,static,static,,,184,0.9996
beta_8,8.0,upper_inside,static,static,,,185,0.9996
beta_8,8.0,upper_inside,static,static,,,186,0.9996
beta_8,8.0,upper_inside,static,static,,,187,0.9996
beta_8,8.0,upper_inside,static,static,,,188,0.9996
beta_8,8.0,upper_inside,static,static,,,189,0.9996
beta_8,8.0,upper_inside,static,static,,,190,0.9996
beta_8,8.0,upper_inside,static,static,,,191,0.9996
beta_8,8.0,upper_inside,static,static,,,192,0.9996
beta_8,8.0,upper_inside,static,static,,,193,0.9996
beta_8,8.0,upper_inside,static,static,,,194,0.9996
beta_8,8.0,upper_inside,static,static,,,195,0.9996
beta_8,8.0,upper_inside,static,static,,,196,0.9996
beta_8,8.0,upper_inside,static,static,,,197,0.9996
beta_8,8.0,upper_inside,static,static,,,198,0.9996
beta_8,8.0,upper_inside,static,static,,,199,0.9996
beta_8,8.0,upper_inside,static,static,,,200,0.9996
beta_8,8.0,upper_inside,primary_baseline,band_mix,0.045,,1,0.0
beta_8,8.0,upper_inside,primary_baseline,band_mix,0.045,,2,0.0
beta_8,8.0,upper_inside,primary_baseline,band_mix,0.045,,3,0.0
beta_8,8.0,upper_inside,primary_baseline,band_mix,0.045,,4,0.0
beta_8,8.0,upper_inside,primary_baseline,band_mix,0.045,,5,0.0
beta_8,8.0,upper_inside,primary_baseline,band_mix,0.045,,6,0.0
beta_8,8.0,upper_inside,primary_baseline,band_mix,0.045,,7,0.0
beta_8,8.0,upper_inside,primary_baseline,band_mix,0.045,,8,0.0
beta_8,8.0,upper_inside,primary_baseline,band_mix,0.045,,9,0.0
beta_8,8.0,upper_inside,primary_baseline,band_mix,0.045,,10,0.0
beta_8,8.0,upper_inside,primary_baseline,band_mix,0.045,,11,0.0
beta_8,8.0,upper_inside,primary_baseline,band_mix,0.045,,12,0.0
beta_8,8.0,upper_inside,primary_baseline,band_mix,0.045,,13,0.0
beta_8,8.0,upper_inside,primary_baseline,band_mix,0.045,,14,0.0
beta_8,8.0,upper_inside,primary_baseline,band_mix,0.045,,15,0.0
beta_8,8.0,upper_inside,primary_baseline,band_mix,0.045,,16,0.0
beta_8,8.0,upper_inside,primary_baseline,band_mix,0.045,,17,0.0
beta_8,8.0,upper_inside,primary_baseline,band_mix,0.045,,18,0.0
beta_8,8.0,upper_inside,primary_baseline,band_mix,0.045,,19,0.0
beta_8,8.0,upper_inside,primary_baseline,band_mix,0.045,,20,0.001
beta_8,8.0,upper_inside,primary_baseline,band_mix,0.045,,21,0.0054
beta_8,8.0,upper_inside,primary_baseline,band_mix,0.045,,22,0.0168
beta_8,8.0,upper_inside,primary_baseline,band_mix,0.045,,23,0.0286
beta_8,8.0,upper_inside,primary_baseline,band_mix,0.045,,24,0.0468
beta_8,8.0,upper_inside,primary_baseline,band_mix,0.045,,25,0.0706
beta_8,8.0,upper_inside,primary_baseline,band_mix,0.045,,26,0.0984
beta_8,8.0,upper_inside,primary_baseline,band_mix,0.045,,27,0.126
beta_8,8.0,upper_inside,primary_baseline,band_mix,0.045,,28,0.15
beta_8,8.0,upper_inside,primary_baseline,band_mix,0.045,,29,0.178
beta_8,8.0,upper_inside,primary_baseline,band_mix,0.045,,30,0.2086
beta_8,8.0,upper_inside,primary_baseline,band_mix,0.045,,31,0.24
beta_8,8.0,upper_inside,primary_baseline,band_mix,0.045,,32,0.2724
beta_8,8.0,upper_inside,primary_baseline,band_mix,0.045,,33,0.3068
beta_8,8.0,upper_inside,primary_baseline,band_mix,0.045,,34,0.3382
beta_8,8.0,upper_inside,primary_baseline,band_mix,0.045,,35,0.3688
beta_8,8.0,upper_inside,primary_baseline,band_mix,0.045,,36,0.3944
beta_8,8.0,upper_inside,primary_baseline,band_mix,0.045,,37,0.4174
beta_8,8.0,upper_inside,primary_baseline,band_mix,0.045,,38,0.4432
beta_8,8.0,upper_inside,primary_baseline,band_mix,0.045,,39,0.4668
beta_8,8.0,upper_inside,primary_baseline,band_mix,0.045,,40,0.4916
beta_8,8.0,upper_inside,primary_baseline,band_mix,0.045,,41,0.5106
beta_8,8.0,upper_inside,primary_baseline,band_mix,0.045,,42,0.5298
beta_8,8.0,upper_inside,primary_baseline,band_mix,0.045,,43,0.5498
beta_8,8.0,upper_inside,primary_baseline,band_mix,0.045,,44,0.566
beta_8,8.0,upper_inside,primary_baseline,band_mix,0.045,,45,0.583
beta_8,8.0,upper_inside,primary_baseline,band_mix,0.045,,46,0.599
beta_8,8.0,upper_inside,primary_baseline,band_mix,0.045,,47,0.6144
beta_8,8.0,upper_inside,primary_baseline,band_mix,0.045,,48,0.6238
beta_8,8.0,upper_inside,primary_baseline,band_mix,0.045,,49,0.6388
beta_8,8.0,upper_inside,primary_baseline,band_mix,0.045,,50,0.6516
beta_8,8.0,upper_inside,primary_baseline,band_mix,0.045,,51,0.6632
beta_8,8.0,upper_inside,primary_baseline,band_mix,0.045,,52,0.6716
beta_8,8.0,upper_inside,primary_baseline,band_mix,0.045,,53,0.6832
beta_8,8.0,upper_inside,primary_baseline,band_mix,0.045,,54,0.6926
beta_8,8.0,upper_inside,primary_baseline,band_mix,0.045,,55,0.7046
beta_8,8.0,upper_inside,primary_baseline,band_mix,0.045,,56,0.7138
beta_8,8.0,upper_inside,primary_baseline,band_mix,0.045,,57,0.7218
beta_8,8.0,upper_inside,primary_baseline,band_mix,0.045,,58,0.7308
beta_8,8.0,upper_inside,primary_baseline,band_mix,0.045,,59,0.738
beta_8,8.0,upper_inside,primary_baseline,band_mix,0.045,,60,0.7464
beta_8,8.0,upper_inside,primary_baseline,band_mix,0.045,,61,0.7526
beta_8,8.0,upper_inside,primary_baseline,band_mix,0.045,,62,0.7598
beta_8,8.0,upper_inside,primary_baseline,band_mix,0.045,,63,0.7672
beta_8,8.0,upper_inside,primary_baseline,band_mix,0.045,,64,0.7752
beta_8,8.0,upper_inside,primary_baseline,band_mix,0.045,,65,0.7826
beta_8,8.0,upper_inside,primary_baseline,band_mix,0.045,,66,0.789
beta_8,8.0,upper_inside,primary_baseline,band_mix,0.045,,67,0.7934
beta_8,8.0,upper_inside,primary_baseline,band_mix,0.045,,68,0.797
beta_8,8.0,upper_inside,primary_baseline,band_mix,0.045,,69,0.8004
beta_8,8.0,upper_inside,primary_baseline,band_mix,0.045,,70,0.807
beta_8,8.0,upper_inside,primary_baseline,band_mix,0.045,,71,0.811
beta_8,8.0,upper_inside,primary_baseline,band_mix,0.045,,72,0.8146
beta_8,8.0,upper_inside,primary_baseline,band_mix,0.045,,73,0.8178
beta_8,8.0,upper_inside,primary_baseline,band_mix,0.045,,74,0.822
beta_8,8.0,upper_inside,primary_baseline,band_mix,0.045,,75,0.8246
beta_8,8.0,upper_inside,primary_baseline,band_mix,0.045,,76,0.8284
beta_8,8.0,upper_inside,primary_baseline,band_mix,0.045,,77,0.8312
beta_8,8.0,upper_inside,primary_baseline,band_mix,0.045,,78,0.8338
beta_8,8.0,upper_inside,primary_baseline,band_mix,0.045,,79,0.8382
beta_8,8.0,upper_inside,primary_baseline,band_mix,0.045,,80,0.8412
beta_8,8.0,upper_inside,primary_baseline,band_mix,0.045,,81,0.8436
beta_8,8.0,upper_inside,primary_baseline,band_mix,0.045,,82,0.8464
beta_8,8.0,upper_inside,primary_baseline,band_mix,0.045,,83,0.8496
beta_8,8.0,upper_inside,primary_baseline,band_mix,0.045,,84,0.8524
beta_8,8.0,upper_inside,primary_baseline,band_mix,0.045,,85,0.8558
beta_8,8.0,upper_inside,primary_baseline,band_mix,0.045,,86,0.8588
beta_8,8.0,upper_inside,primary_baseline,band_mix,0.045,,87,0.8612
beta_8,8.0,upper_inside,primary_baseline,band_mix,0.045,,88,0.8632
beta_8,8.0,upper_inside,primary_baseline,band_mix,0.045,,89,0.8654
beta_8,8.0,upper_inside,primary_baseline,band_mix,0.045,,90,0.8666
beta_8,8.0,upper_inside,primary_baseline,band_mix,0.045,,91,0.869
beta_8,8.0,upper_inside,primary_baseline,band_mix,0.045,,92,0.871
beta_8,8.0,upper_inside,primary_baseline,band_mix,0.045,,93,0.8724
beta_8,8.0,upper_inside,primary_baseline,band_mix,0.045,,94,0.8732
beta_8,8.0,upper_inside,primary_baseline,band_mix,0.045,,95,0.8742
beta_8,8.0,upper_inside,primary_baseline,band_mix,0.045,,96,0.8764
beta_8,8.0,upper_inside,primary_baseline,band_mix,0.045,,97,0.878
beta_8,8.0,upper_inside,primary_baseline,band_mix,0.045,,98,0.8794
beta_8,8.0,upper_inside,primary_baseline,band_mix,0.045,,99,0.881
beta_8,8.0,upper_inside,primary_baseline,band_mix,0.045,,100,0.8832
beta_8,8.0,upper_inside,primary_baseline,band_mix,0.045,,101,0.8848
beta_8,8.0,upper_inside,primary_baseline,band_mix,0.045,,102,0.8856
beta_8,8.0,upper_inside,primary_baseline,band_mix,0.045,,103,0.887
beta_8,8.0,upper_inside,primary_baseline,band_mix,0.045,,104,0.8878
beta_8,8.0,upper_inside,primary_baseline,band_mix,0.045,,105,0.889
beta_8,8.0,upper_inside,primary_baseline,band_mix,0.045,,106,0.89
beta_8,8.0,upper_inside,primary_baseline,band_mix,0.045,,107,0.8914
beta_8,8.0,upper_inside,primary_baseline,band_mix,0.045,,108,0.893
beta_8,8.0,upper_inside,primary_baseline,band_mix,0.045,,109,0.894
beta_8,8.0,upper_inside,primary_baseline,band_mix,0.045,,110,0.8956
beta_8,8.0,upper_inside,primary_baseline,band_mix,0.045,,111,0.8968
beta_8,8.0,upper_inside,primary_baseline,band_mix,0.045,,112,0.8984
beta_8,8.0,upper_inside,primary_baseline,band_mix,0.045,,113,0.8998
beta_8,8.0,upper_inside,primary_baseline,band_mix,0.045,,114,0.901
beta_8,8.0,upper_inside,primary_baseline,band_mix,0.045,,115,0.9016
beta_8,8.0,upper_inside,primary_baseline,band_mix,0.045,,116,0.903
beta_8,8.0,upper_inside,primary_baseline,band_mix,0.045,,117,0.904
beta_8,8.0,upper_inside,primary_baseline,band_mix,0.045,,118,0.9048
beta_8,8.0,upper_inside,primary_baseline,band_mix,0.045,,119,0.9056
beta_8,8.0,upper_inside,primary_baseline,band_mix,0.045,,120,0.908
beta_8,8.0,upper_inside,primary_baseline,band_mix,0.045,,121,0.9084
beta_8,8.0,upper_inside,primary_baseline,band_mix,0.045,,122,0.9094
beta_8,8.0,upper_inside,primary_baseline,band_mix,0.045,,123,0.9104
beta_8,8.0,upper_inside,primary_baseline,band_mix,0.045,,124,0.9116
beta_8,8.0,upper_inside,primary_baseline,band_mix,0.045,,125,0.9124
beta_8,8.0,upper_inside,primary_baseline,band_mix,0.045,,126,0.9134
beta_8,8.0,upper_inside,primary_baseline,band_mix,0.045,,127,0.9142
beta_8,8.0,upper_inside,primary_baseline,band_mix,0.045,,128,0.9146
beta_8,8.0,upper_inside,primary_baseline,band_mix,0.045,,129,0.915
beta_8,8.0,upper_inside,primary_baseline,band_mix,0.045,,130,0.9164
beta_8,8.0,upper_inside,primary_baseline,band_mix,0.045,,131,0.9166
beta_8,8.0,upper_inside,primary_baseline,band_mix,0.045,,132,0.9172
beta_8,8.0,upper_inside,primary_baseline,band_mix,0.045,,133,0.9186
beta_8,8.0,upper_inside,primary_baseline,band_mix,0.045,,134,0.9192
beta_8,8.0,upper_inside,primary_baseline,band_mix,0.045,,135,0.92
beta_8,8.0,upper_inside,primary_baseline,band_mix,0.045,,136,0.9202
beta_8,8.0,upper_inside,primary_baseline,band_mix,0.045,,137,0.9204
beta_8,8.0,upper_inside,primary_baseline,band_mix,0.045,,138,0.9216
beta_8,8.0,upper_inside,primary_baseline,band_mix,0.045,,139,0.922
beta_8,8.0,upper_inside,primary_baseline,band_mix,0.045,,140,0.9222
beta_8,8.0,upper_inside,primary_baseline,band_mix,0.045,,141,0.9228
beta_8,8.0,upper_inside,primary_baseline,band_mix,0.045,,142,0.9232
beta_8,8.0,upper_inside,primary_baseline,band_mix,0.045,,143,0.9244
beta_8,8.0,upper_inside,primary_baseline,band_mix,0.045,,144,0.9254
beta_8,8.0,upper_inside,primary_baseline,band_mix,0.045,,145,0.926
beta_8,8.0,upper_inside,primary_baseline,band_mix,0.045,,146,0.9266
beta_8,8.0,upper_inside,primary_baseline,band_mix,0.045,,147,0.9268
beta_8,8.0,upper_inside,primary_baseline,band_mix,0.045,,148,0.9272
beta_8,8.0,upper_inside,primary_baseline,band_mix,0.045,,149,0.9274
beta_8,8.0,upper_inside,primary_baseline,band_mix,0.045,,150,0.9282
beta_8,8.0,upper_inside,primary_baseline,band_mix,0.045,,151,0.9284
beta_8,8.0,upper_inside,primary_baseline,band_mix,0.045,,152,0.9286
beta_8,8.0,upper_inside,primary_baseline,band_mix,0.045,,153,0.9296
beta_8,8.0,upper_inside,primary_baseline,band_mix,0.045,,154,0.9298
beta_8,8.0,upper_inside,primary_baseline,band_mix,0.045,,155,0.9298
beta_8,8.0,upper_inside,primary_baseline,band_mix,0.045,,156,0.9304
beta_8,8.0,upper_inside,primary_baseline,band_mix,0.045,,157,0.931
beta_8,8.0,upper_inside,primary_baseline,band_mix,0.045,,158,0.931
beta_8,8.0,upper_inside,primary_baseline,band_mix,0.045,,159,0.9314
beta_8,8.0,upper_inside,primary_baseline,band_mix,0.045,,160,0.9314
beta_8,8.0,upper_inside,primary_baseline,band_mix,0.045,,161,0.9318
beta_8,8.0,upper_inside,primary_baseline,band_mix,0.045,,162,0.932
beta_8,8.0,upper_inside,primary_baseline,band_mix,0.045,,163,0.9324
beta_8,8.0,upper_inside,primary_baseline,band_mix,0.045,,164,0.9324
beta_8,8.0,upper_inside,primary_baseline,band_mix,0.045,,165,0.933
beta_8,8.0,upper_inside,primary_baseline,band_mix,0.045,,166,0.9334
beta_8,8.0,upper_inside,primary_baseline,band_mix,0.045,,167,0.9338
beta_8,8.0,upper_inside,primary_baseline,band_mix,0.045,,168,0.9342
beta_8,8.0,upper_inside,primary_baseline,band_mix,0.045,,169,0.9346
beta_8,8.0,upper_inside,primary_baseline,band_mix,0.045,,170,0.9348
beta_8,8.0,upper_inside,primary_baseline,band_mix,0.045,,171,0.935
beta_8,8.0,upper_inside,primary_baseline,band_mix,0.045,,172,0.9354
beta_8,8.0,upper_inside,primary_baseline,band_mix,0.045,,173,0.9358
beta_8,8.0,upper_inside,primary_baseline,band_mix,0.045,,174,0.9364
beta_8,8.0,upper_inside,primary_baseline,band_mix,0.045,,175,0.9368
beta_8,8.0,upper_inside,primary_baseline,band_mix,0.045,,176,0.937
beta_8,8.0,upper_inside,primary_baseline,band_mix,0.045,,177,0.9372
beta_8,8.0,upper_inside,primary_baseline,band_mix,0.045,,178,0.9376
beta_8,8.0,upper_inside,primary_baseline,band_mix,0.045,,179,0.9378
beta_8,8.0,upper_inside,primary_baseline,band_mix,0.045,,180,0.9382
beta_8,8.0,upper_inside,primary_baseline,band_mix,0.045,,181,0.9386
beta_8,8.0,upper_inside,primary_baseline,band_mix,0.045,,182,0.9394
beta_8,8.0,upper_inside,primary_baseline,band_mix,0.045,,183,0.9396
beta_8,8.0,upper_inside,primary_baseline,band_mix,0.045,,184,0.94
beta_8,8.0,upper_inside,primary_baseline,band_mix,0.045,,185,0.9402
beta_8,8.0,upper_inside,primary_baseline,band_mix,0.045,,186,0.9402
beta_8,8.0,upper_inside,primary_baseline,band_mix,0.045,,187,0.9406
beta_8,8.0,upper_inside,primary_baseline,band_mix,0.045,,188,0.9408
beta_8,8.0,upper_inside,primary_baseline,band_mix,0.045,,189,0.941
beta_8,8.0,upper_inside,primary_baseline,band_mix,0.045,,190,0.9412
beta_8,8.0,upper_inside,primary_baseline,band_mix,0.045,,191,0.9414
beta_8,8.0,upper_inside,primary_baseline,band_mix,0.045,,192,0.9414
beta_8,8.0,upper_inside,primary_baseline,band_mix,0.045,,193,0.9424
beta_8,8.0,upper_inside,primary_baseline,band_mix,0.045,,194,0.9426
beta_8,8.0,upper_inside,primary_baseline,band_mix,0.045,,195,0.9426
beta_8,8.0,upper_inside,primary_baseline,band_mix,0.045,,196,0.943
beta_8,8.0,upper_inside,primary_baseline,band_mix,0.045,,197,0.9434
beta_8,8.0,upper_inside,primary_baseline,band_mix,0.045,,198,0.9436
beta_8,8.0,upper_inside,primary_baseline,band_mix,0.045,,199,0.9438
beta_8,8.0,upper_inside,primary_baseline,band_mix,0.045,,200,0.944
beta_8,8.0,upper_inside,best_grid_T200,band_mix,0.045,,1,0.0
beta_8,8.0,upper_inside,best_grid_T200,band_mix,0.045,,2,0.0
beta_8,8.0,upper_inside,best_grid_T200,band_mix,0.045,,3,0.0
beta_8,8.0,upper_inside,best_grid_T200,band_mix,0.045,,4,0.0
beta_8,8.0,upper_inside,best_grid_T200,band_mix,0.045,,5,0.0
beta_8,8.0,upper_inside,best_grid_T200,band_mix,0.045,,6,0.0
beta_8,8.0,upper_inside,best_grid_T200,band_mix,0.045,,7,0.0
beta_8,8.0,upper_inside,best_grid_T200,band_mix,0.045,,8,0.0
beta_8,8.0,upper_inside,best_grid_T200,band_mix,0.045,,9,0.0
beta_8,8.0,upper_inside,best_grid_T200,band_mix,0.045,,10,0.0
beta_8,8.0,upper_inside,best_grid_T200,band_mix,0.045,,11,0.0
beta_8,8.0,upper_inside,best_grid_T200,band_mix,0.045,,12,0.0
beta_8,8.0,upper_inside,best_grid_T200,band_mix,0.045,,13,0.0
beta_8,8.0,upper_inside,best_grid_T200,band_mix,0.045,,14,0.0
beta_8,8.0,upper_inside,best_grid_T200,band_mix,0.045,,15,0.0
beta_8,8.0,upper_inside,best_grid_T200,band_mix,0.045,,16,0.0
beta_8,8.0,upper_inside,best_grid_T200,band_mix,0.045,,17,0.0
beta_8,8.0,upper_inside,best_grid_T200,band_mix,0.045,,18,0.0
beta_8,8.0,upper_inside,best_grid_T200,band_mix,0.045,,19,0.0
beta_8,8.0,upper_inside,best_grid_T200,band_mix,0.045,,20,0.001
beta_8,8.0,upper_inside,best_grid_T200,band_mix,0.045,,21,0.0054
beta_8,8.0,upper_inside,best_grid_T200,band_mix,0.045,,22,0.0168
beta_8,8.0,upper_inside,best_grid_T200,band_mix,0.045,,23,0.0286
beta_8,8.0,upper_inside,best_grid_T200,band_mix,0.045,,24,0.0468
beta_8,8.0,upper_inside,best_grid_T200,band_mix,0.045,,25,0.0706
beta_8,8.0,upper_inside,best_grid_T200,band_mix,0.045,,26,0.0984
beta_8,8.0,upper_inside,best_grid_T200,band_mix,0.045,,27,0.126
beta_8,8.0,upper_inside,best_grid_T200,band_mix,0.045,,28,0.15
beta_8,8.0,upper_inside,best_grid_T200,band_mix,0.045,,29,0.178
beta_8,8.0,upper_inside,best_grid_T200,band_mix,0.045,,30,0.2086
beta_8,8.0,upper_inside,best_grid_T200,band_mix,0.045,,31,0.24
beta_8,8.0,upper_inside,best_grid_T200,band_mix,0.045,,32,0.2724
beta_8,8.0,upper_inside,best_grid_T200,band_mix,0.045,,33,0.3068
beta_8,8.0,upper_inside,best_grid_T200,band_mix,0.045,,34,0.3382
beta_8,8.0,upper_inside,best_grid_T200,band_mix,0.045,,35,0.3688
beta_8,8.0,upper_inside,best_grid_T200,band_mix,0.045,,36,0.3944
beta_8,8.0,upper_inside,best_grid_T200,band_mix,0.045,,37,0.4174
beta_8,8.0,upper_inside,best_grid_T200,band_mix,0.045,,38,0.4432
beta_8,8.0,upper_inside,best_grid_T200,band_mix,0.045,,39,0.4668
beta_8,8.0,upper_inside,best_grid_T200,band_mix,0.045,,40,0.4916
beta_8,8.0,upper_inside,best_grid_T200,band_mix,0.045,,41,0.5106
beta_8,8.0,upper_inside,best_grid_T200,band_mix,0.045,,42,0.5298
beta_8,8.0,upper_inside,best_grid_T200,band_mix,0.045,,43,0.5498
beta_8,8.0,upper_inside,best_grid_T200,band_mix,0.045,,44,0.566
beta_8,8.0,upper_inside,best_grid_T200,band_mix,0.045,,45,0.583
beta_8,8.0,upper_inside,best_grid_T200,band_mix,0.045,,46,0.599
beta_8,8.0,upper_inside,best_grid_T200,band_mix,0.045,,47,0.6144
beta_8,8.0,upper_inside,best_grid_T200,band_mix,0.045,,48,0.6238
beta_8,8.0,upper_inside,best_grid_T200,band_mix,0.045,,49,0.6388
beta_8,8.0,upper_inside,best_grid_T200,band_mix,0.045,,50,0.6516
beta_8,8.0,upper_inside,best_grid_T200,band_mix,0.045,,51,0.6632
beta_8,8.0,upper_inside,best_grid_T200,band_mix,0.045,,52,0.6716
beta_8,8.0,upper_inside,best_grid_T200,band_mix,0.045,,53,0.6832
beta_8,8.0,upper_inside,best_grid_T200,band_mix,0.045,,54,0.6926
beta_8,8.0,upper_inside,best_grid_T200,band_mix,0.045,,55,0.7046
beta_8,8.0,upper_inside,best_grid_T200,band_mix,0.045,,56,0.7138
beta_8,8.0,upper_inside,best_grid_T200,band_mix,0.045,,57,0.7218
beta_8,8.0,upper_inside,best_grid_T200,band_mix,0.045,,58,0.7308
beta_8,8.0,upper_inside,best_grid_T200,band_mix,0.045,,59,0.738
beta_8,8.0,upper_inside,best_grid_T200,band_mix,0.045,,60,0.7464
beta_8,8.0,upper_inside,best_grid_T200,band_mix,0.045,,61,0.7526
beta_8,8.0,upper_inside,best_grid_T200,band_mix,0.045,,62,0.7598
beta_8,8.0,upper_inside,best_grid_T200,band_mix,0.045,,63,0.7672
beta_8,8.0,upper_inside,best_grid_T200,band_mix,0.045,,64,0.7752
beta_8,8.0,upper_inside,best_grid_T200,band_mix,0.045,,65,0.7826
beta_8,8.0,upper_inside,best_grid_T200,band_mix,0.045,,66,0.789
beta_8,8.0,upper_inside,best_grid_T200,band_mix,0.045,,67,0.7934
beta_8,8.0,upper_inside,best_grid_T200,band_mix,0.045,,68,0.797
beta_8,8.0,upper_inside,best_grid_T200,band_mix,0.045,,69,0.8004
beta_8,8.0,upper_inside,best_grid_T200,band_mix,0.045,,70,0.807
beta_8,8.0,upper_inside,best_grid_T200,band_mix,0.045,,71,0.811
beta_8,8.0,upper_inside,best_grid_T200,band_mix,0.045,,72,0.8146
beta_8,8.0,upper_inside,best_grid_T200,band_mix,0.045,,73,0.8178
beta_8,8.0,upper_inside,best_grid_T200,band_mix,0.045,,74,0.822
beta_8,8.0,upper_inside,best_grid_T200,band_mix,0.045,,75,0.8246
beta_8,8.0,upper_inside,best_grid_T200,band_mix,0.045,,76,0.8284
beta_8,8.0,upper_inside,best_grid_T200,band_mix,0.045,,77,0.8312
beta_8,8.0,upper_inside,best_grid_T200,band_mix,0.045,,78,0.8338
beta_8,8.0,upper_inside,best_grid_T200,band_mix,0.045,,79,0.8382
beta_8,8.0,upper_inside,best_grid_T200,band_mix,0.045,,80,0.8412
beta_8,8.0,upper_inside,best_grid_T200,band_mix,0.045,,81,0.8436
beta_8,8.0,upper_inside,best_grid_T200,band_mix,0.045,,82,0.8464
beta_8,8.0,upper_inside,best_grid_T200,band_mix,0.045,,83,0.8496
beta_8,8.0,upper_inside,best_grid_T200,band_mix,0.045,,84,0.8524
beta_8,8.0,upper_inside,best_grid_T200,band_mix,0.045,,85,0.8558
beta_8,8.0,upper_inside,best_grid_T200,band_mix,0.045,,86,0.8588
beta_8,8.0,upper_inside,best_grid_T200,band_mix,0.045,,87,0.8612
beta_8,8.0,upper_inside,best_grid_T200,band_mix,0.045,,88,0.8632
beta_8,8.0,upper_inside,best_grid_T200,band_mix,0.045,,89,0.8654
beta_8,8.0,upper_inside,best_grid_T200,band_mix,0.045,,90,0.8666
beta_8,8.0,upper_inside,best_grid_T200,band_mix,0.045,,91,0.869
beta_8,8.0,upper_inside,best_grid_T200,band_mix,0.045,,92,0.871
beta_8,8.0,upper_inside,best_grid_T200,band_mix,0.045,,93,0.8724
beta_8,8.0,upper_inside,best_grid_T200,band_mix,0.045,,94,0.8732
beta_8,8.0,upper_inside,best_grid_T200,band_mix,0.045,,95,0.8742
beta_8,8.0,upper_inside,best_grid_T200,band_mix,0.045,,96,0.8764
beta_8,8.0,upper_inside,best_grid_T200,band_mix,0.045,,97,0.878
beta_8,8.0,upper_inside,best_grid_T200,band_mix,0.045,,98,0.8794
beta_8,8.0,upper_inside,best_grid_T200,band_mix,0.045,,99,0.881
beta_8,8.0,upper_inside,best_grid_T200,band_mix,0.045,,100,0.8832
beta_8,8.0,upper_inside,best_grid_T200,band_mix,0.045,,101,0.8848
beta_8,8.0,upper_inside,best_grid_T200,band_mix,0.045,,102,0.8856
beta_8,8.0,upper_inside,best_grid_T200,band_mix,0.045,,103,0.887
beta_8,8.0,upper_inside,best_grid_T200,band_mix,0.045,,104,0.8878
beta_8,8.0,upper_inside,best_grid_T200,band_mix,0.045,,105,0.889
beta_8,8.0,upper_inside,best_grid_T200,band_mix,0.045,,106,0.89
beta_8,8.0,upper_inside,best_grid_T200,band_mix,0.045,,107,0.8914
beta_8,8.0,upper_inside,best_grid_T200,band_mix,0.045,,108,0.893
beta_8,8.0,upper_inside,best_grid_T200,band_mix,0.045,,109,0.894
beta_8,8.0,upper_inside,best_grid_T200,band_mix,0.045,,110,0.8956
beta_8,8.0,upper_inside,best_grid_T200,band_mix,0.045,,111,0.8968
beta_8,8.0,upper_inside,best_grid_T200,band_mix,0.045,,112,0.8984
beta_8,8.0,upper_inside,best_grid_T200,band_mix,0.045,,113,0.8998
beta_8,8.0,upper_inside,best_grid_T200,band_mix,0.045,,114,0.901
beta_8,8.0,upper_inside,best_grid_T200,band_mix,0.045,,115,0.9016
beta_8,8.0,upper_inside,best_grid_T200,band_mix,0.045,,116,0.903
beta_8,8.0,upper_inside,best_grid_T200,band_mix,0.045,,117,0.904
beta_8,8.0,upper_inside,best_grid_T200,band_mix,0.045,,118,0.9048
beta_8,8.0,upper_inside,best_grid_T200,band_mix,0.045,,119,0.9056
beta_8,8.0,upper_inside,best_grid_T200,band_mix,0.045,,120,0.908
beta_8,8.0,upper_inside,best_grid_T200,band_mix,0.045,,121,0.9084
beta_8,8.0,upper_inside,best_grid_T200,band_mix,0.045,,122,0.9094
beta_8,8.0,upper_inside,best_grid_T200,band_mix,0.045,,123,0.9104
beta_8,8.0,upper_inside,best_grid_T200,band_mix,0.045,,124,0.9116
beta_8,8.0,upper_inside,best_grid_T200,band_mix,0.045,,125,0.9124
beta_8,8.0,upper_inside,best_grid_T200,band_mix,0.045,,126,0.9134
beta_8,8.0,upper_inside,best_grid_T200,band_mix,0.045,,127,0.9142
beta_8,8.0,upper_inside,best_grid_T200,band_mix,0.045,,128,0.9146
beta_8,8.0,upper_inside,best_grid_T200,band_mix,0.045,,129,0.915
beta_8,8.0,upper_inside,best_grid_T200,band_mix,0.045,,130,0.9164
beta_8,8.0,upper_inside,best_grid_T200,band_mix,0.045,,131,0.9166
beta_8,8.0,upper_inside,best_grid_T200,band_mix,0.045,,132,0.9172
beta_8,8.0,upper_inside,best_grid_T200,band_mix,0.045,,133,0.9186
beta_8,8.0,upper_inside,best_grid_T200,band_mix,0.045,,134,0.9192
beta_8,8.0,upper_inside,best_grid_T200,band_mix,0.045,,135,0.92
beta_8,8.0,upper_inside,best_grid_T200,band_mix,0.045,,136,0.9202
beta_8,8.0,upper_inside,best_grid_T200,band_mix,0.045,,137,0.9204
beta_8,8.0,upper_inside,best_grid_T200,band_mix,0.045,,138,0.9216
beta_8,8.0,upper_inside,best_grid_T200,band_mix,0.045,,139,0.922
beta_8,8.0,upper_inside,best_grid_T200,band_mix,0.045,,140,0.9222
beta_8,8.0,upper_inside,best_grid_T200,band_mix,0.045,,141,0.9228
beta_8,8.0,upper_inside,best_grid_T200,band_mix,0.045,,142,0.9232
beta_8,8.0,upper_inside,best_grid_T200,band_mix,0.045,,143,0.9244
beta_8,8.0,upper_inside,best_grid_T200,band_mix,0.045,,144,0.9254
beta_8,8.0,upper_inside,best_grid_T200,band_mix,0.045,,145,0.926
beta_8,8.0,upper_inside,best_grid_T200,band_mix,0.045,,146,0.9266
beta_8,8.0,upper_inside,best_grid_T200,band_mix,0.045,,147,0.9268
beta_8,8.0,upper_inside,best_grid_T200,band_mix,0.045,,148,0.9272
beta_8,8.0,upper_inside,best_grid_T200,band_mix,0.045,,149,0.9274
beta_8,8.0,upper_inside,best_grid_T200,band_mix,0.045,,150,0.9282
beta_8,8.0,upper_inside,best_grid_T200,band_mix,0.045,,151,0.9284
beta_8,8.0,upper_inside,best_grid_T200,band_mix,0.045,,152,0.9286
beta_8,8.0,upper_inside,best_grid_T200,band_mix,0.045,,153,0.9296
beta_8,8.0,upper_inside,best_grid_T200,band_mix,0.045,,154,0.9298
beta_8,8.0,upper_inside,best_grid_T200,band_mix,0.045,,155,0.9298
beta_8,8.0,upper_inside,best_grid_T200,band_mix,0.045,,156,0.9304
beta_8,8.0,upper_inside,best_grid_T200,band_mix,0.045,,157,0.931
beta_8,8.0,upper_inside,best_grid_T200,band_mix,0.045,,158,0.931
beta_8,8.0,upper_inside,best_grid_T200,band_mix,0.045,,159,0.9314
beta_8,8.0,upper_inside,best_grid_T200,band_mix,0.045,,160,0.9314
beta_8,8.0,upper_inside,best_grid_T200,band_mix,0.045,,161,0.9318
beta_8,8.0,upper_inside,best_grid_T200,band_mix,0.045,,162,0.932
beta_8,8.0,upper_inside,best_grid_T200,band_mix,0.045,,163,0.9324
beta_8,8.0,upper_inside,best_grid_T200,band_mix,0.045,,164,0.9324
beta_8,8.0,upper_inside,best_grid_T200,band_mix,0.045,,165,0.933
beta_8,8.0,upper_inside,best_grid_T200,band_mix,0.045,,166,0.9334
beta_8,8.0,upper_inside,best_grid_T200,band_mix,0.045,,167,0.9338
beta_8,8.0,upper_inside,best_grid_T200,band_mix,0.045,,168,0.9342
beta_8,8.0,upper_inside,best_grid_T200,band_mix,0.045,,169,0.9346
beta_8,8.0,upper_inside,best_grid_T200,band_mix,0.045,,170,0.9348
beta_8,8.0,upper_inside,best_grid_T200,band_mix,0.045,,171,0.935
beta_8,8.0,upper_inside,best_grid_T200,band_mix,0.045,,172,0.9354
beta_8,8.0,upper_inside,best_grid_T200,band_mix,0.045,,173,0.9358
beta_8,8.0,upper_inside,best_grid_T200,band_mix,0.045,,174,0.9364
beta_8,8.0,upper_inside,best_grid_T200,band_mix,0.045,,175,0.9368
beta_8,8.0,upper_inside,best_grid_T200,band_mix,0.045,,176,0.937
beta_8,8.0,upper_inside,best_grid_T200,band_mix,0.045,,177,0.9372
beta_8,8.0,upper_inside,best_grid_T200,band_mix,0.045,,178,0.9376
beta_8,8.0,upper_inside,best_grid_T200,band_mix,0.045,,179,0.9378
beta_8,8.0,upper_inside,best_grid_T200,band_mix,0.045,,180,0.9382
beta_8,8.0,upper_inside,best_grid_T200,band_mix,0.045,,181,0.9386
beta_8,8.0,upper_inside,best_grid_T200,band_mix,0.045,,182,0.9394
beta_8,8.0,upper_inside,best_grid_T200,band_mix,0.045,,183,0.9396
beta_8,8.0,upper_inside,best_grid_T200,band_mix,0.045,,184,0.94
beta_8,8.0,upper_inside,best_grid_T200,band_mix,0.045,,185,0.9402
beta_8,8.0,upper_inside,best_grid_T200,band_mix,0.045,,186,0.9402
beta_8,8.0,upper_inside,best_grid_T200,band_mix,0.045,,187,0.9406
beta_8,8.0,upper_inside,best_grid_T200,band_mix,0.045,,188,0.9408
beta_8,8.0,upper_inside,best_grid_T200,band_mix,0.045,,189,0.941
beta_8,8.0,upper_inside,best_grid_T200,band_mix,0.045,,190,0.9412
beta_8,8.0,upper_inside,best_grid_T200,band_mix,0.045,,191,0.9414
beta_8,8.0,upper_inside,best_grid_T200,band_mix,0.045,,192,0.9414
beta_8,8.0,upper_inside,best_grid_T200,band_mix,0.045,,193,0.9424
beta_8,8.0,upper_inside,best_grid_T200,band_mix,0.045,,194,0.9426
beta_8,8.0,upper_inside,best_grid_T200,band_mix,0.045,,195,0.9426
beta_8,8.0,upper_inside,best_grid_T200,band_mix,0.045,,196,0.943
beta_8,8.0,upper_inside,best_grid_T200,band_mix,0.045,,197,0.9434
beta_8,8.0,upper_inside,best_grid_T200,band_mix,0.045,,198,0.9436
beta_8,8.0,upper_inside,best_grid_T200,band_mix,0.045,,199,0.9438
beta_8,8.0,upper_inside,best_grid_T200,band_mix,0.045,,200,0.944
beta_8,8.0,upper_inside,oracle,oracle,,,1,0.0
beta_8,8.0,upper_inside,oracle,oracle,,,2,0.0
beta_8,8.0,upper_inside,oracle,oracle,,,3,0.2056
beta_8,8.0,upper_inside,oracle,oracle,,,4,0.5072
beta_8,8.0,upper_inside,oracle,oracle,,,5,0.688
beta_8,8.0,upper_inside,oracle,oracle,,,6,0.8018
beta_8,8.0,upper_inside,oracle,oracle,,,7,0.8734
beta_8,8.0,upper_inside,oracle,oracle,,,8,0.9202
beta_8,8.0,upper_inside,oracle,oracle,,,9,0.946
beta_8,8.0,upper_inside,oracle,oracle,,,10,0.9644
beta_8,8.0,upper_inside,oracle,oracle,,,11,0.975
beta_8,8.0,upper_inside,oracle,oracle,,,12,0.9816
beta_8,8.0,upper_inside,oracle,oracle,,,13,0.9864
beta_8,8.0,upper_inside,oracle,oracle,,,14,0.9894
beta_8,8.0,upper_inside,oracle,oracle,,,15,0.991
beta_8,8.0,upper_inside,oracle,oracle,,,16,0.9928
beta_8,8.0,upper_inside,oracle,oracle,,,17,0.9942
beta_8,8.0,upper_inside,oracle,oracle,,,18,0.9954
beta_8,8.0,upper_inside,oracle,oracle,,,19,0.996
beta_8,8.0,upper_inside,oracle,oracle,,,20,0.9974
beta_8,8.0,upper_inside,oracle,oracle,,,21,0.9974
beta_8,8.0,upper_inside,oracle,oracle,,,22,0.9982
beta_8,8.0,upper_inside,oracle,oracle,,,23,0.9984
beta_8,8.0,upper_inside,oracle,oracle,,,24,0.9986
beta_8,8.0,upper_inside,oracle,oracle,,,25,0.9986
beta_8,8.0,upper_inside,oracle,oracle,,,26,0.9986
beta_8,8.0,upper_inside,oracle,oracle,,,27,0.9986
beta_8,8.0,upper_inside,oracle,oracle,,,28,0.9986
beta_8,8.0,upper_inside,oracle,oracle,,,29,0.9988
beta_8,8.0,upper_inside,oracle,oracle,,,30,0.999
beta_8,8.0,upper_inside,oracle,oracle,,,31,0.9992
beta_8,8.0,upper_inside,oracle,oracle,,,32,0.9996
beta_8,8.0,upper_inside,oracle,oracle,,,33,0.9996
beta_8,8.0,upper_inside,oracle,oracle,,,34,0.9996
beta_8,8.0,upper_inside,oracle,oracle,,,35,0.9996
beta_8,8.0,upper_inside,oracle,oracle,,,36,0.9996
beta_8,8.0,upper_inside,oracle,oracle,,,37,0.9996
beta_8,8.0,upper_inside,oracle,oracle,,,38,0.9996
beta_8,8.0,upper_inside,oracle,oracle,,,39,0.9996
beta_8,8.0,upper_inside,oracle,oracle,,,40,0.9996
beta_8,8.0,upper_inside,oracle,oracle,,,41,0.9996
beta_8,8.0,upper_inside,oracle,oracle,,,42,0.9996
beta_8,8.0,upper_inside,oracle,oracle,,,43,0.9996
beta_8,8.0,upper_inside,oracle,oracle,,,44,0.9996
beta_8,8.0,upper_inside,oracle,oracle,,,45,0.9996
beta_8,8.0,upper_inside,oracle,oracle,,,46,0.9996
beta_8,8.0,upper_inside,oracle,oracle,,,47,0.9996
beta_8,8.0,upper_inside,oracle,oracle,,,48,0.9996
beta_8,8.0,upper_inside,oracle,oracle,,,49,0.9996
beta_8,8.0,upper_inside,oracle,oracle,,,50,0.9996
beta_8,8.0,upper_inside,oracle,oracle,,,51,0.9996
beta_8,8.0,upper_inside,oracle,oracle,,,52,0.9996
beta_8,8.0,upper_inside,oracle,oracle,,,53,0.9996
beta_8,8.0,upper_inside,oracle,oracle,,,54,0.9996
beta_8,8.0,upper_inside,oracle,oracle,,,55,0.9996
beta_8,8.0,upper_inside,oracle,oracle,,,56,0.9996
beta_8,8.0,upper_inside,oracle,oracle,,,57,0.9996
beta_8,8.0,upper_inside,oracle,oracle,,,58,0.9996
beta_8,8.0,upper_inside,oracle,oracle,,,59,0.9996
beta_8,8.0,upper_inside,oracle,oracle,,,60,0.9996
beta_8,8.0,upper_inside,oracle,oracle,,,61,0.9996
beta_8,8.0,upper_inside,oracle,oracle,,,62,0.9996
beta_8,8.0,upper_inside,oracle,oracle,,,63,0.9996
beta_8,8.0,upper_inside,oracle,oracle,,,64,0.9998
beta_8,8.0,upper_inside,oracle,oracle,,,65,0.9998
beta_8,8.0,upper_inside,oracle,oracle,,,66,0.9998
beta_8,8.0,upper_inside,oracle,oracle,,,67,0.9998
beta_8,8.0,upper_inside,oracle,oracle,,,68,0.9998
beta_8,8.0,upper_inside,oracle,oracle,,,69,0.9998
beta_8,8.0,upper_inside,oracle,oracle,,,70,0.9998
beta_8,8.0,upper_inside,oracle,oracle,,,71,0.9998
beta_8,8.0,upper_inside,oracle,oracle,,,72,0.9998
beta_8,8.0,upper_inside,oracle,oracle,,,73,0.9998
beta_8,8.0,upper_inside,oracle,oracle,,,74,0.9998
beta_8,8.0,upper_inside,oracle,oracle,,,75,0.9998
beta_8,8.0,upper_inside,oracle,oracle,,,76,0.9998
beta_8,8.0,upper_inside,oracle,oracle,,,77,0.9998
beta_8,8.0,upper_inside,oracle,oracle,,,78,0.9998
beta_8,8.0,upper_inside,oracle,oracle,,,79,0.9998
beta_8,8.0,upper_inside,oracle,oracle,,,80,0.9998
beta_8,8.0,upper_inside,oracle,oracle,,,81,0.9998
beta_8,8.0,upper_inside,oracle,oracle,,,82,0.9998
beta_8,8.0,upper_inside,oracle,oracle,,,83,0.9998
beta_8,8.0,upper_inside,oracle,oracle,,,84,0.9998
beta_8,8.0,upper_inside,oracle,oracle,,,85,0.9998
beta_8,8.0,upper_inside,oracle,oracle,,,86,0.9998
beta_8,8.0,upper_inside,oracle,oracle,,,87,0.9998
beta_8,8.0,upper_inside,oracle,oracle,,,88,0.9998
beta_8,8.0,upper_inside,oracle,oracle,,,89,0.9998
beta_8,8.0,upper_inside,oracle,oracle,,,90,0.9998
beta_8,8.0,upper_inside,oracle,oracle,,,91,0.9998
beta_8,8.0,upper_inside,oracle,oracle,,,92,0.9998
beta_8,8.0,upper_inside,oracle,oracle,,,93,0.9998
beta_8,8.0,upper_inside,oracle,oracle,,,94,1.0
beta_8,8.0,upper_inside,oracle,oracle,,,95,1.0
beta_8,8.0,upper_inside,oracle,oracle,,,96,1.0
beta_8,8.0,upper_inside,oracle,oracle,,,97,1.0
beta_8,8.0,upper_inside,oracle,oracle,,,98,1.0
beta_8,8.0,upper_inside,oracle,oracle,,,99,1.0
beta_8,8.0,upper_inside,oracle,oracle,,,100,1.0
beta_8,8.0,upper_inside,oracle,oracle,,,101,1.0
beta_8,8.0,upper_inside,oracle,oracle,,,102,1.0
beta_8,8.0,upper_inside,oracle,oracle,,,103,1.0
beta_8,8.0,upper_inside,oracle,oracle,,,104,1.0
beta_8,8.0,upper_inside,oracle,oracle,,,105,1.0
beta_8,8.0,upper_inside,oracle,oracle,,,106,1.0
beta_8,8.0,upper_inside,oracle,oracle,,,107,1.0
beta_8,8.0,upper_inside,oracle,oracle,,,108,1.0
beta_8,8.0,upper_inside,oracle,oracle,,,109,1.0
beta_8,8.0,upper_inside,oracle,oracle,,,110,1.0
beta_8,8.0,upper_inside,oracle,oracle,,,111,1.0
beta_8,8.0,upper_inside,oracle,oracle,,,112,1.0
beta_8,8.0,upper_inside,oracle,oracle,,,113,1.0
beta_8,8.0,upper_inside,oracle,oracle,,,114,1.0
beta_8,8.0,upper_inside,oracle,oracle,,,115,1.0
beta_8,8.0,upper_inside,oracle,oracle,,,116,1.0
beta_8,8.0,upper_inside,oracle,oracle,,,117,1.0
beta_8,8.0,upper_inside,oracle,oracle,,,118,1.0
beta_8,8.0,upper_inside,oracle,oracle,,,119,1.0
beta_8,8.0,upper_inside,oracle,oracle,,,120,1.0
beta_8,8.0,upper_inside,oracle,oracle,,,121,1.0
beta_8,8.0,upper_inside,oracle,oracle,,,122,1.0
beta_8,8.0,upper_inside,oracle,oracle,,,123,1.0
beta_8,8.0,upper_inside,oracle,oracle,,,124,1.0
beta_8,8.0,upper_inside,oracle,oracle,,,125,1.0
beta_8,8.0,upper_inside,oracle,oracle,,,126,1.0
beta_8,8.0,upper_inside,oracle,oracle,,,127,1.0
beta_8,8.0,upper_inside,oracle,oracle,,,128,1.0
beta_8,8.0,upper_inside,oracle,oracle,,,129,1.0
beta_8,8.0,upper_inside,oracle,oracle,,,130,1.0
beta_8,8.0,upper_inside,oracle,oracle,,,131,1.0
beta_8,8.0,upper_inside,oracle,oracle,,,132,1.0
beta_8,8.0,upper_inside,oracle,oracle,,,133,1.0
beta_8,8.0,upper_inside,oracle,oracle,,,134,1.0
beta_8,8.0,upper_inside,oracle,oracle,,,135,1.0
beta_8,8.0,upper_inside,oracle,oracle,,,136,1.0
beta_8,8.0,upper_inside,oracle,oracle,,,137,1.0
beta_8,8.0,upper_inside,oracle,oracle,,,138,1.0
beta_8,8.0,upper_inside,oracle,oracle,,,139,1.0
beta_8,8.0,upper_inside,oracle,oracle,,,140,1.0
beta_8,8.0,upper_inside,oracle,oracle,,,141,1.0
beta_8,8.0,upper_inside,oracle,oracle,,,142,1.0
beta_8,8.0,upper_inside,oracle,oracle,,,143,1.0
beta_8,8.0,upper_inside,oracle,oracle,,,144,1.0
beta_8,8.0,upper_inside,oracle,oracle,,,145,1.0
beta_8,8.0,upper_inside,oracle,oracle,,,146,1.0
beta_8,8.0,upper_inside,oracle,oracle,,,147,1.0
beta_8,8.0,upper_inside,oracle,oracle,,,148,1.0
beta_8,8.0,upper_inside,oracle,oracle,,,149,1.0
beta_8,8.0,upper_inside,oracle,oracle,,,150,1.0
beta_8,8.0,upper_inside,oracle,oracle,,,151,1.0
beta_8,8.0,upper_inside,oracle,oracle,,,152,1.0
beta_8,8.0,upper_inside,oracle,oracle,,,153,1.0
beta_8,8.0,upper_inside,oracle,oracle,,,154,1.0
beta_8,8.0,upper_inside,oracle,oracle,,,155,1.0
beta_8,8.0,upper_inside,oracle,oracle,,,156,1.0
beta_8,8.0,upper_inside,oracle,oracle,,,157,1.0
beta_8,8.0,upper_inside,oracle,oracle,,,158,1.0
beta_8,8.0,upper_inside,oracle,oracle,,,159,1.0
beta_8,8.0,upper_inside,oracle,oracle,,,160,1.0
beta_8,8.0,upper_inside,oracle,oracle,,,161,1.0
beta_8,8.0,upper_inside,oracle,oracle,,,162,1.0
beta_8,8.0,upper_inside,oracle,oracle,,,163,1.0
beta_8,8.0,upper_inside,oracle,oracle,,,164,1.0
beta_8,8.0,upper_inside,oracle,oracle,,,165,1.0
beta_8,8.0,upper_inside,oracle,oracle,,,166,1.0
beta_8,8.0,upper_inside,oracle,oracle,,,167,1.0
beta_8,8.0,upper_inside,oracle,oracle,,,168,1.0
beta_8,8.0,upper_inside,oracle,oracle,,,169,1.0
beta_8,8.0,upper_inside,oracle,oracle,,,170,1.0
beta_8,8.0,upper_inside,oracle,oracle,,,171,1.0
beta_8,8.0,upper_inside,oracle,oracle,,,172,1.0
beta_8,8.0,upper_inside,oracle,oracle,,,173,1.0
beta_8,8.0,upper_inside,oracle,oracle,,,174,1.0
beta_8,8.0,upper_inside,oracle,oracle,,,175,1.0
beta_8,8.0,upper_inside,oracle,oracle,,,176,1.0
beta_8,8.0,upper_inside,oracle,oracle,,,177,1.0
beta_8,8.0,upper_inside,oracle,oracle,,,178,1.0
beta_8,8.0,upper_inside,oracle,oracle,,,179,1.0
beta_8,8.0,upper_inside,oracle,oracle,,,180,1.0
beta_8,8.0,upper_inside,oracle,oracle,,,181,1.0
beta_8,8.0,upper_inside,oracle,oracle,,,182,1.0
beta_8,8.0,upper_inside,oracle,oracle,,,183,1.0
beta_8,8.0,upper_inside,oracle,oracle,,,184,1.0
beta_8,8.0,upper_inside,oracle,oracle,,,185,1.0
beta_8,8.0,upper_inside,oracle,oracle,,,186,1.0
beta_8,8.0,upper_inside,oracle,oracle,,,187,1.0
beta_8,8.0,upper_inside,oracle,oracle,,,188,1.0
beta_8,8.0,upper_inside,oracle,oracle,,,189,1.0
beta_8,8.0,upper_inside,oracle,oracle,,,190,1.0
beta_8,8.0,upper_inside,oracle,oracle,,,191,1.0
beta_8,8.0,upper_inside,oracle,oracle,,,192,1.0
beta_8,8.0,upper_inside,oracle,oracle,,,193,1.0
beta_8,8.0,upper_inside,oracle,oracle,,,194,1.0
beta_8,8.0,upper_inside,oracle,oracle,,,195,1.0
beta_8,8.0,upper_inside,oracle,oracle,,,196,1.0
beta_8,8.0,upper_inside,oracle,oracle,,,197,1.0
beta_8,8.0,upper_inside,oracle,oracle,,,198,1.0
beta_8,8.0,upper_inside,oracle,oracle,,,199,1.0
beta_8,8.0,upper_inside,oracle,oracle,,,200,1.0
beta_8,8.0,mixed_inside,static,static,,,1,0.0
beta_8,8.0,mixed_inside,static,static,,,2,0.0
beta_8,8.0,mixed_inside,static,static,,,3,0.1554
beta_8,8.0,mixed_inside,static,static,,,4,0.413
beta_8,8.0,mixed_inside,static,static,,,5,0.5866
beta_8,8.0,mixed_inside,static,static,,,6,0.7244
beta_8,8.0,mixed_inside,static,static,,,7,0.8068
beta_8,8.0,mixed_inside,static,static,,,8,0.8738
beta_8,8.0,mixed_inside,static,static,,,9,0.9118
beta_8,8.0,mixed_inside,static,static,,,10,0.9348
beta_8,8.0,mixed_inside,static,static,,,11,0.951
beta_8,8.0,mixed_inside,static,static,,,12,0.9642
beta_8,8.0,mixed_inside,static,static,,,13,0.9722
beta_8,8.0,mixed_inside,static,static,,,14,0.9776
beta_8,8.0,mixed_inside,static,static,,,15,0.982
beta_8,8.0,mixed_inside,static,static,,,16,0.986
beta_8,8.0,mixed_inside,static,static,,,17,0.9878
beta_8,8.0,mixed_inside,static,static,,,18,0.9888
beta_8,8.0,mixed_inside,static,static,,,19,0.9898
beta_8,8.0,mixed_inside,static,static,,,20,0.9906
beta_8,8.0,mixed_inside,static,static,,,21,0.9924
beta_8,8.0,mixed_inside,static,static,,,22,0.9928
beta_8,8.0,mixed_inside,static,static,,,23,0.9938
beta_8,8.0,mixed_inside,static,static,,,24,0.9948
beta_8,8.0,mixed_inside,static,static,,,25,0.9954
beta_8,8.0,mixed_inside,static,static,,,26,0.996
beta_8,8.0,mixed_inside,static,static,,,27,0.9964
beta_8,8.0,mixed_inside,static,static,,,28,0.997
beta_8,8.0,mixed_inside,static,static,,,29,0.997
beta_8,8.0,mixed_inside,static,static,,,30,0.9974
beta_8,8.0,mixed_inside,static,static,,,31,0.9974
beta_8,8.0,mixed_inside,static,static,,,32,0.9974
beta_8,8.0,mixed_inside,static,static,,,33,0.9974
beta_8,8.0,mixed_inside,static,static,,,34,0.9976
beta_8,8.0,mixed_inside,static,static,,,35,0.9978
beta_8,8.0,mixed_inside,static,static,,,36,0.9978
beta_8,8.0,mixed_inside,static,static,,,37,0.998
beta_8,8.0,mixed_inside,static,static,,,38,0.998
beta_8,8.0,mixed_inside,static,static,,,39,0.9982
beta_8,8.0,mixed_inside,static,static,,,40,0.9982
beta_8,8.0,mixed_inside,static,static,,,41,0.9986
beta_8,8.0,mixed_inside,static,static,,,42,0.9986
beta_8,8.0,mixed_inside,static,static,,,43,0.9986
beta_8,8.0,mixed_inside,static,static,,,44,0.9988
beta_8,8.0,mixed_inside,static,static,,,45,0.9988
beta_8,8.0,mixed_inside,static,static,,,46,0.999
beta_8,8.0,mixed_inside,static,static,,,47,0.999
beta_8,8.0,mixed_inside,static,static,,,48,0.999
beta_8,8.0,mixed_inside,static,static,,,49,0.999
beta_8,8.0,mixed_inside,static,static,,,50,0.999
beta_8,8.0,mixed_inside,static,static,,,51,0.999
beta_8,8.0,mixed_inside,static,static,,,52,0.999
beta_8,8.0,mixed_inside,static,static,,,53,0.999
beta_8,8.0,mixed_inside,static,static,,,54,0.999
beta_8,8.0,mixed_inside,static,static,,,55,0.999
beta_8,8.0,mixed_inside,static,static,,,56,0.999
beta_8,8.0,mixed_inside,static,static,,,57,0.999
beta_8,8.0,mixed_inside,static,static,,,58,0.999
beta_8,8.0,mixed_inside,static,static,,,59,0.999
beta_8,8.0,mixed_inside,static,static,,,60,0.999
beta_8,8.0,mixed_inside,static,static,,,61,0.999
beta_8,8.0,mixed_inside,static,static,,,62,0.999
beta_8,8.0,mixed_inside,static,static,,,63,0.9992
beta_8,8.0,mixed_inside,static,static,,,64,0.9992
beta_8,8.0,mixed_inside,static,static,,,65,0.9992
beta_8,8.0,mixed_inside,static,static,,,66,0.9992
beta_8,8.0,mixed_inside,static,static,,,67,0.9992
beta_8,8.0,mixed_inside,static,static,,,68,0.9992
beta_8,8.0,mixed_inside,static,static,,,69,0.9992
beta_8,8.0,mixed_inside,static,static,,,70,0.9992
beta_8,8.0,mixed_inside,static,static,,,71,0.9992
beta_8,8.0,mixed_inside,static,static,,,72,0.9992
beta_8,8.0,mixed_inside,static,static,,,73,0.9992
beta_8,8.0,mixed_inside,static,static,,,74,0.9992
beta_8,8.0,mixed_inside,static,static,,,75,0.9992
beta_8,8.0,mixed_inside,static,static,,,76,0.9992
beta_8,8.0,mixed_inside,static,static,,,77,0.9992
beta_8,8.0,mixed_inside,static,static,,,78,0.9992
beta_8,8.0,mixed_inside,static,static,,,79,0.9992
beta_8,8.0,mixed_inside,static,static,,,80,0.9992
beta_8,8.0,mixed_inside,static,static,,,81,0.9992
beta_8,8.0,mixed_inside,static,static,,,82,0.9992
beta_8,8.0,mixed_inside,static,static,,,83,0.9992
beta_8,8.0,mixed_inside,static,static,,,84,0.9992
beta_8,8.0,mixed_inside,static,static,,,85,0.9994
beta_8,8.0,mixed_inside,static,static,,,86,0.9994
beta_8,8.0,mixed_inside,static,static,,,87,0.9994
beta_8,8.0,mixed_inside,static,static,,,88,0.9994
beta_8,8.0,mixed_inside,static,static,,,89,0.9994
beta_8,8.0,mixed_inside,static,static,,,90,0.9994
beta_8,8.0,mixed_inside,static,static,,,91,0.9994
beta_8,8.0,mixed_inside,static,static,,,92,0.9994
beta_8,8.0,mixed_inside,static,static,,,93,0.9994
beta_8,8.0,mixed_inside,static,static,,,94,0.9994
beta_8,8.0,mixed_inside,static,static,,,95,0.9994
beta_8,8.0,mixed_inside,static,static,,,96,0.9994
beta_8,8.0,mixed_inside,static,static,,,97,0.9994
beta_8,8.0,mixed_inside,static,static,,,98,0.9994
beta_8,8.0,mixed_inside,static,static,,,99,0.9994
beta_8,8.0,mixed_inside,static,static,,,100,0.9994
beta_8,8.0,mixed_inside,static,static,,,101,0.9994
beta_8,8.0,mixed_inside,static,static,,,102,0.9994
beta_8,8.0,mixed_inside,static,static,,,103,0.9994
beta_8,8.0,mixed_inside,static,static,,,104,0.9994
beta_8,8.0,mixed_inside,static,static,,,105,0.9994
beta_8,8.0,mixed_inside,static,static,,,106,0.9994
beta_8,8.0,mixed_inside,static,static,,,107,0.9994
beta_8,8.0,mixed_inside,static,static,,,108,0.9994
beta_8,8.0,mixed_inside,static,static,,,109,0.9994
beta_8,8.0,mixed_inside,static,static,,,110,0.9994
beta_8,8.0,mixed_inside,static,static,,,111,0.9994
beta_8,8.0,mixed_inside,static,static,,,112,0.9994
beta_8,8.0,mixed_inside,static,static,,,113,0.9994
beta_8,8.0,mixed_inside,static,static,,,114,0.9994
beta_8,8.0,mixed_inside,static,static,,,115,0.9994
beta_8,8.0,mixed_inside,static,static,,,116,0.9994
beta_8,8.0,mixed_inside,static,static,,,117,0.9994
beta_8,8.0,mixed_inside,static,static,,,118,0.9994
beta_8,8.0,mixed_inside,static,static,,,119,0.9994
beta_8,8.0,mixed_inside,static,static,,,120,0.9994
beta_8,8.0,mixed_inside,static,static,,,121,0.9994
beta_8,8.0,mixed_inside,static,static,,,122,0.9994
beta_8,8.0,mixed_inside,static,static,,,123,0.9994
beta_8,8.0,mixed_inside,static,static,,,124,0.9994
beta_8,8.0,mixed_inside,static,static,,,125,0.9994
beta_8,8.0,mixed_inside,static,static,,,126,0.9994
beta_8,8.0,mixed_inside,static,static,,,127,0.9994
beta_8,8.0,mixed_inside,static,static,,,128,0.9994
beta_8,8.0,mixed_inside,static,static,,,129,0.9994
beta_8,8.0,mixed_inside,static,static,,,130,0.9994
beta_8,8.0,mixed_inside,static,static,,,131,0.9994
beta_8,8.0,mixed_inside,static,static,,,132,0.9994
beta_8,8.0,mixed_inside,static,static,,,133,0.9994
beta_8,8.0,mixed_inside,static,static,,,134,0.9994
beta_8,8.0,mixed_inside,static,static,,,135,0.9994
beta_8,8.0,mixed_inside,static,static,,,136,0.9994
beta_8,8.0,mixed_inside,static,static,,,137,0.9994
beta_8,8.0,mixed_inside,static,static,,,138,0.9994
beta_8,8.0,mixed_inside,static,static,,,139,0.9994
beta_8,8.0,mixed_inside,static,static,,,140,0.9994
beta_8,8.0,mixed_inside,static,static,,,141,0.9994
beta_8,8.0,mixed_inside,static,static,,,142,0.9994
beta_8,8.0,mixed_inside,static,static,,,143,0.9994
beta_8,8.0,mixed_inside,static,static,,,144,0.9994
beta_8,8.0,mixed_inside,static,static,,,145,0.9994
beta_8,8.0,mixed_inside,static,static,,,146,0.9994
beta_8,8.0,mixed_inside,static,static,,,147,0.9994
beta_8,8.0,mixed_inside,static,static,,,148,0.9994
beta_8,8.0,mixed_inside,static,static,,,149,0.9994
beta_8,8.0,mixed_inside,static,static,,,150,0.9994
beta_8,8.0,mixed_inside,static,static,,,151,0.9996
beta_8,8.0,mixed_inside,static,static,,,152,0.9996
beta_8,8.0,mixed_inside,static,static,,,153,0.9996
beta_8,8.0,mixed_inside,static,static,,,154,0.9996
beta_8,8.0,mixed_inside,static,static,,,155,0.9998
beta_8,8.0,mixed_inside,static,static,,,156,0.9998
beta_8,8.0,mixed_inside,static,static,,,157,0.9998
beta_8,8.0,mixed_inside,static,static,,,158,0.9998
beta_8,8.0,mixed_inside,static,static,,,159,0.9998
beta_8,8.0,mixed_inside,static,static,,,160,0.9998
beta_8,8.0,mixed_inside,static,static,,,161,0.9998
beta_8,8.0,mixed_inside,static,static,,,162,0.9998
beta_8,8.0,mixed_inside,static,static,,,163,0.9998
beta_8,8.0,mixed_inside,static,static,,,164,0.9998
beta_8,8.0,mixed_inside,static,static,,,165,0.9998
beta_8,8.0,mixed_inside,static,static,,,166,0.9998
beta_8,8.0,mixed_inside,static,static,,,167,0.9998
beta_8,8.0,mixed_inside,static,static,,,168,0.9998
beta_8,8.0,mixed_inside,static,static,,,169,0.9998
beta_8,8.0,mixed_inside,static,static,,,170,0.9998
beta_8,8.0,mixed_inside,static,static,,,171,0.9998
beta_8,8.0,mixed_inside,static,static,,,172,0.9998
beta_8,8.0,mixed_inside,static,static,,,173,0.9998
beta_8,8.0,mixed_inside,static,static,,,174,0.9998
beta_8,8.0,mixed_inside,static,static,,,175,0.9998
beta_8,8.0,mixed_inside,static,static,,,176,0.9998
beta_8,8.0,mixed_inside,static,static,,,177,0.9998
beta_8,8.0,mixed_inside,static,static,,,178,0.9998
beta_8,8.0,mixed_inside,static,static,,,179,0.9998
beta_8,8.0,mixed_inside,static,static,,,180,0.9998
beta_8,8.0,mixed_inside,static,static,,,181,0.9998
beta_8,8.0,mixed_inside,static,static,,,182,0.9998
beta_8,8.0,mixed_inside,static,static,,,183,0.9998
beta_8,8.0,mixed_inside,static,static,,,184,0.9998
beta_8,8.0,mixed_inside,static,static,,,185,0.9998
beta_8,8.0,mixed_inside,static,static,,,186,0.9998
beta_8,8.0,mixed_inside,static,static,,,187,0.9998
beta_8,8.0,mixed_inside,static,static,,,188,0.9998
beta_8,8.0,mixed_inside,static,static,,,189,0.9998
beta_8,8.0,mixed_inside,static,static,,,190,0.9998
beta_8,8.0,mixed_inside,static,static,,,191,0.9998
beta_8,8.0,mixed_inside,static,static,,,192,0.9998
beta_8,8.0,mixed_inside,static,static,,,193,0.9998
beta_8,8.0,mixed_inside,static,static,,,194,0.9998
beta_8,8.0,mixed_inside,static,static,,,195,0.9998
beta_8,8.0,mixed_inside,static,static,,,196,0.9998
beta_8,8.0,mixed_inside,static,static,,,197,0.9998
beta_8,8.0,mixed_inside,static,static,,,198,0.9998
beta_8,8.0,mixed_inside,static,static,,,199,0.9998
beta_8,8.0,mixed_inside,static,static,,,200,0.9998
beta_8,8.0,mixed_inside,primary_baseline,band_mix,0.045,,1,0.0
beta_8,8.0,mixed_inside,primary_baseline,band_mix,0.045,,2,0.0
beta_8,8.0,mixed_inside,primary_baseline,band_mix,0.045,,3,0.0
beta_8,8.0,mixed_inside,primary_baseline,band_mix,0.045,,4,0.0
beta_8,8.0,mixed_inside,primary_baseline,band_mix,0.045,,5,0.0
beta_8,8.0,mixed_inside,primary_baseline,band_mix,0.045,,6,0.0
beta_8,8.0,mixed_inside,primary_baseline,band_mix,0.045,,7,0.0
beta_8,8.0,mixed_inside,primary_baseline,band_mix,0.045,,8,0.0
beta_8,8.0,mixed_inside,primary_baseline,band_mix,0.045,,9,0.0
beta_8,8.0,mixed_inside,primary_baseline,band_mix,0.045,,10,0.0
beta_8,8.0,mixed_inside,primary_baseline,band_mix,0.045,,11,0.0
beta_8,8.0,mixed_inside,primary_baseline,band_mix,0.045,,12,0.0
beta_8,8.0,mixed_inside,primary_baseline,band_mix,0.045,,13,0.0
beta_8,8.0,mixed_inside,primary_baseline,band_mix,0.045,,14,0.0
beta_8,8.0,mixed_inside,primary_baseline,band_mix,0.045,,15,0.0
beta_8,8.0,mixed_inside,primary_baseline,band_mix,0.045,,16,0.0
beta_8,8.0,mixed_inside,primary_baseline,band_mix,0.045,,17,0.0
beta_8,8.0,mixed_inside,primary_baseline,band_mix,0.045,,18,0.0
beta_8,8.0,mixed_inside,primary_baseline,band_mix,0.045,,19,0.0008
beta_8,8.0,mixed_inside,primary_baseline,band_mix,0.045,,20,0.009
beta_8,8.0,mixed_inside,primary_baseline,band_mix,0.045,,21,0.0242
beta_8,8.0,mixed_inside,primary_baseline,band_mix,0.045,,22,0.0436
beta_8,8.0,mixed_inside,primary_baseline,band_mix,0.045,,23,0.072
beta_8,8.0,mixed_inside,primary_baseline,band_mix,0.045,,24,0.1094
beta_8,8.0,mixed_inside,primary_baseline,band_mix,0.045,,25,0.1418
beta_8,8.0,mixed_inside,primary_baseline,band_mix,0.045,,26,0.1762
beta_8,8.0,mixed_inside,primary_baseline,band_mix,0.045,,27,0.2182
beta_8,8.0,mixed_inside,primary_baseline,band_mix,0.045,,28,0.2606
beta_8,8.0,mixed_inside,primary_baseline,band_mix,0.045,,29,0.3036
beta_8,8.0,mixed_inside,primary_baseline,band_mix,0.045,,30,0.346
beta_8,8.0,mixed_inside,primary_baseline,band_mix,0.045,,31,0.3872
beta_8,8.0,mixed_inside,primary_baseline,band_mix,0.045,,32,0.4192
beta_8,8.0,mixed_inside,primary_baseline,band_mix,0.045,,33,0.4536
beta_8,8.0,mixed_inside,primary_baseline,band_mix,0.045,,34,0.4864
beta_8,8.0,mixed_inside,primary_baseline,band_mix,0.045,,35,0.5174
beta_8,8.0,mixed_inside,primary_baseline,band_mix,0.045,,36,0.5432
beta_8,8.0,mixed_inside,primary_baseline,band_mix,0.045,,37,0.5678
beta_8,8.0,mixed_inside,primary_baseline,band_mix,0.045,,38,0.5928
beta_8,8.0,mixed_inside,primary_baseline,band_mix,0.045,,39,0.6152
beta_8,8.0,mixed_inside,primary_baseline,band_mix,0.045,,40,0.6352
beta_8,8.0,mixed_inside,primary_baseline,band_mix,0.045,,41,0.6548
beta_8,8.0,mixed_inside,primary_baseline,band_mix,0.045,,42,0.672
beta_8,8.0,mixed_inside,primary_baseline,band_mix,0.045,,43,0.6876
beta_8,8.0,mixed_inside,primary_baseline,band_mix,0.045,,44,0.7052
beta_8,8.0,mixed_inside,primary_baseline,band_mix,0.045,,45,0.7228
beta_8,8.0,mixed_inside,primary_baseline,band_mix,0.045,,46,0.7368
beta_8,8.0,mixed_inside,primary_baseline,band_mix,0.045,,47,0.7506
beta_8,8.0,mixed_inside,primary_baseline,band_mix,0.045,,48,0.762
beta_8,8.0,mixed_inside,primary_baseline,band_mix,0.045,,49,0.7708
beta_8,8.0,mixed_inside,primary_baseline,band_mix,0.045,,50,0.7806
beta_8,8.0,mixed_inside,primary_baseline,band_mix,0.045,,51,0.7904
beta_8,8.0,mixed_inside,primary_baseline,band_mix,0.045,,52,0.7998
beta_8,8.0,mixed_inside,primary_baseline,band_mix,0.045,,53,0.808
beta_8,8.0,mixed_inside,primary_baseline,band_mix,0.045,,54,0.8154
beta_8,8.0,mixed_inside,primary_baseline,band_mix,0.045,,55,0.8238
beta_8,8.0,mixed_inside,primary_baseline,band_mix,0.045,,56,0.8304
beta_8,8.0,mixed_inside,primary_baseline,band_mix,0.045,,57,0.8348
beta_8,8.0,mixed_inside,primary_baseline,band_mix,0.045,,58,0.8404
beta_8,8.0,mixed_inside,primary_baseline,band_mix,0.045,,59,0.8476
beta_8,8.0,mixed_inside,primary_baseline,band_mix,0.045,,60,0.853
beta_8,8.0,mixed_inside,primary_baseline,band_mix,0.045,,61,0.857
beta_8,8.0,mixed_inside,primary_baseline,band_mix,0.045,,62,0.8636
beta_8,8.0,mixed_inside,primary_baseline,band_mix,0.045,,63,0.8694
beta_8,8.0,mixed_inside,primary_baseline,band_mix,0.045,,64,0.8738
beta_8,8.0,mixed_inside,primary_baseline,band_mix,0.045,,65,0.8758
beta_8,8.0,mixed_inside,primary_baseline,band_mix,0.045,,66,0.8798
beta_8,8.0,mixed_inside,primary_baseline,band_mix,0.045,,67,0.8842
beta_8,8.0,mixed_inside,primary_baseline,band_mix,0.045,,68,0.8886
beta_8,8.0,mixed_inside,primary_baseline,band_mix,0.045,,69,0.8916
beta_8,8.0,mixed_inside,primary_baseline,band_mix,0.045,,70,0.894
beta_8,8.0,mixed_inside,primary_baseline,band_mix,0.045,,71,0.8964
beta_8,8.0,mixed_inside,primary_baseline,band_mix,0.045,,72,0.899
beta_8,8.0,mixed_inside,primary_baseline,band_mix,0.045,,73,0.902
beta_8,8.0,mixed_inside,primary_baseline,band_mix,0.045,,74,0.904
beta_8,8.0,mixed_inside,primary_baseline,band_mix,0.045,,75,0.9058
beta_8,8.0,mixed_inside,primary_baseline,band_mix,0.045,,76,0.9078
beta_8,8.0,mixed_inside,primary_baseline,band_mix,0.045,,77,0.9102
beta_8,8.0,mixed_inside,primary_baseline,band_mix,0.045,,78,0.9118
beta_8,8.0,mixed_inside,primary_baseline,band_mix,0.045,,79,0.9124
beta_8,8.0,mixed_inside,primary_baseline,band_mix,0.045,,80,0.9146
beta_8,8.0,mixed_inside,primary_baseline,band_mix,0.045,,81,0.9172
beta_8,8.0,mixed_inside,primary_baseline,band_mix,0.045,,82,0.9186
beta_8,8.0,mixed_inside,primary_baseline,band_mix,0.045,,83,0.92
beta_8,8.0,mixed_inside,primary_baseline,band_mix,0.045,,84,0.9216
beta_8,8.0,mixed_inside,primary_baseline,band_mix,0.045,,85,0.9228
beta_8,8.0,mixed_inside,primary_baseline,band_mix,0.045,,86,0.9242
beta_8,8.0,mixed_inside,primary_baseline,band_mix,0.045,,87,0.926
beta_8,8.0,mixed_inside,primary_baseline,band_mix,0.045,,88,0.9278
beta_8,8.0,mixed_inside,primary_baseline,band_mix,0.045,,89,0.9292
beta_8,8.0,mixed_inside,primary_baseline,band_mix,0.045,,90,0.9314
beta_8,8.0,mixed_inside,primary_baseline,band_mix,0.045,,91,0.932
beta_8,8.0,mixed_inside,primary_baseline,band_mix,0.045,,92,0.9328
beta_8,8.0,mixed_inside,primary_baseline,band_mix,0.045,,93,0.934
beta_8,8.0,mixed_inside,primary_baseline,band_mix,0.045,,94,0.9348
beta_8,8.0,mixed_inside,primary_baseline,band_mix,0.045,,95,0.9354
beta_8,8.0,mixed_inside,primary_baseline,band_mix,0.045,,96,0.9374
beta_8,8.0,mixed_inside,primary_baseline,band_mix,0.045,,97,0.9384
beta_8,8.0,mixed_inside,primary_baseline,band_mix,0.045,,98,0.9394
beta_8,8.0,mixed_inside,primary_baseline,band_mix,0.045,,99,0.9406
beta_8,8.0,mixed_inside,primary_baseline,band_mix,0.045,,100,0.9418
beta_8,8.0,mixed_inside,primary_baseline,band_mix,0.045,,101,0.9428
beta_8,8.0,mixed_inside,primary_baseline,band_mix,0.045,,102,0.9438
beta_8,8.0,mixed_inside,primary_baseline,band_mix,0.045,,103,0.9442
beta_8,8.0,mixed_inside,primary_baseline,band_mix,0.045,,104,0.9452
beta_8,8.0,mixed_inside,primary_baseline,band_mix,0.045,,105,0.9456
beta_8,8.0,mixed_inside,primary_baseline,band_mix,0.045,,106,0.9464
beta_8,8.0,mixed_inside,primary_baseline,band_mix,0.045,,107,0.9468
beta_8,8.0,mixed_inside,primary_baseline,band_mix,0.045,,108,0.9478
beta_8,8.0,mixed_inside,primary_baseline,band_mix,0.045,,109,0.948
beta_8,8.0,mixed_inside,primary_baseline,band_mix,0.045,,110,0.9484
beta_8,8.0,mixed_inside,primary_baseline,band_mix,0.045,,111,0.9494
beta_8,8.0,mixed_inside,primary_baseline,band_mix,0.045,,112,0.9502
beta_8,8.0,mixed_inside,primary_baseline,band_mix,0.045,,113,0.9504
beta_8,8.0,mixed_inside,primary_baseline,band_mix,0.045,,114,0.9506
beta_8,8.0,mixed_inside,primary_baseline,band_mix,0.045,,115,0.9516
beta_8,8.0,mixed_inside,primary_baseline,band_mix,0.045,,116,0.9522
beta_8,8.0,mixed_inside,primary_baseline,band_mix,0.045,,117,0.953
beta_8,8.0,mixed_inside,primary_baseline,band_mix,0.045,,118,0.9532
beta_8,8.0,mixed_inside,primary_baseline,band_mix,0.045,,119,0.9532
beta_8,8.0,mixed_inside,primary_baseline,band_mix,0.045,,120,0.9536
beta_8,8.0,mixed_inside,primary_baseline,band_mix,0.045,,121,0.954
beta_8,8.0,mixed_inside,primary_baseline,band_mix,0.045,,122,0.9548
beta_8,8.0,mixed_inside,primary_baseline,band_mix,0.045,,123,0.9556
beta_8,8.0,mixed_inside,primary_baseline,band_mix,0.045,,124,0.9558
beta_8,8.0,mixed_inside,primary_baseline,band_mix,0.045,,125,0.9558
beta_8,8.0,mixed_inside,primary_baseline,band_mix,0.045,,126,0.9562
beta_8,8.0,mixed_inside,primary_baseline,band_mix,0.045,,127,0.9566
beta_8,8.0,mixed_inside,primary_baseline,band_mix,0.045,,128,0.9568
beta_8,8.0,mixed_inside,primary_baseline,band_mix,0.045,,129,0.9568
beta_8,8.0,mixed_inside,primary_baseline,band_mix,0.045,,130,0.9572
beta_8,8.0,mixed_inside,primary_baseline,band_mix,0.045,,131,0.9584
beta_8,8.0,mixed_inside,primary_baseline,band_mix,0.045,,132,0.9586
beta_8,8.0,mixed_inside,primary_baseline,band_mix,0.045,,133,0.9588
beta_8,8.0,mixed_inside,primary_baseline,band_mix,0.045,,134,0.9588
beta_8,8.0,mixed_inside,primary_baseline,band_mix,0.045,,135,0.9588
beta_8,8.0,mixed_inside,primary_baseline,band_mix,0.045,,136,0.959
beta_8,8.0,mixed_inside,primary_baseline,band_mix,0.045,,137,0.959
beta_8,8.0,mixed_inside,primary_baseline,band_mix,0.045,,138,0.9592
beta_8,8.0,mixed_inside,primary_baseline,band_mix,0.045,,139,0.9592
beta_8,8.0,mixed_inside,primary_baseline,band_mix,0.045,,140,0.9598
beta_8,8.0,mixed_inside,primary_baseline,band_mix,0.045,,141,0.9604
beta_8,8.0,mixed_inside,primary_baseline,band_mix,0.045,,142,0.9604
beta_8,8.0,mixed_inside,primary_baseline,band_mix,0.045,,143,0.9608
beta_8,8.0,mixed_inside,primary_baseline,band_mix,0.045,,144,0.9612
beta_8,8.0,mixed_inside,primary_baseline,band_mix,0.045,,145,0.9612
beta_8,8.0,mixed_inside,primary_baseline,band_mix,0.045,,146,0.9612
beta_8,8.0,mixed_inside,primary_baseline,band_mix,0.045,,147,0.9616
beta_8,8.0,mixed_inside,primary_baseline,band_mix,0.045,,148,0.9616
beta_8,8.0,mixed_inside,primary_baseline,band_mix,0.045,,149,0.9618
beta_8,8.0,mixed_inside,primary_baseline,band_mix,0.045,,150,0.962
beta_8,8.0,mixed_inside,primary_baseline,band_mix,0.045,,151,0.962
beta_8,8.0,mixed_inside,primary_baseline,band_mix,0.045,,152,0.9622
beta_8,8.0,mixed_inside,primary_baseline,band_mix,0.045,,153,0.9628
beta_8,8.0,mixed_inside,primary_baseline,band_mix,0.045,,154,0.963
beta_8,8.0,mixed_inside,primary_baseline,band_mix,0.045,,155,0.963
beta_8,8.0,mixed_inside,primary_baseline,band_mix,0.045,,156,0.9636
beta_8,8.0,mixed_inside,primary_baseline,band_mix,0.045,,157,0.9636
beta_8,8.0,mixed_inside,primary_baseline,band_mix,0.045,,158,0.9636
beta_8,8.0,mixed_inside,primary_baseline,band_mix,0.045,,159,0.9638
beta_8,8.0,mixed_inside,primary_baseline,band_mix,0.045,,160,0.9642
beta_8,8.0,mixed_inside,primary_baseline,band_mix,0.045,,161,0.9642
beta_8,8.0,mixed_inside,primary_baseline,band_mix,0.045,,162,0.9642
beta_8,8.0,mixed_inside,primary_baseline,band_mix,0.045,,163,0.9644
beta_8,8.0,mixed_inside,primary_baseline,band_mix,0.045,,164,0.9644
beta_8,8.0,mixed_inside,primary_baseline,band_mix,0.045,,165,0.9644
beta_8,8.0,mixed_inside,primary_baseline,band_mix,0.045,,166,0.9646
beta_8,8.0,mixed_inside,primary_baseline,band_mix,0.045,,167,0.9648
beta_8,8.0,mixed_inside,primary_baseline,band_mix,0.045,,168,0.9648
beta_8,8.0,mixed_inside,primary_baseline,band_mix,0.045,,169,0.9648
beta_8,8.0,mixed_inside,primary_baseline,band_mix,0.045,,170,0.965
beta_8,8.0,mixed_inside,primary_baseline,band_mix,0.045,,171,0.9652
beta_8,8.0,mixed_inside,primary_baseline,band_mix,0.045,,172,0.9652
beta_8,8.0,mixed_inside,primary_baseline,band_mix,0.045,,173,0.9652
beta_8,8.0,mixed_inside,primary_baseline,band_mix,0.045,,174,0.9654
beta_8,8.0,mixed_inside,primary_baseline,band_mix,0.045,,175,0.9658
beta_8,8.0,mixed_inside,primary_baseline,band_mix,0.045,,176,0.9662
beta_8,8.0,mixed_inside,primary_baseline,band_mix,0.045,,177,0.9662
beta_8,8.0,mixed_inside,primary_baseline,band_mix,0.045,,178,0.9664
beta_8,8.0,mixed_inside,primary_baseline,band_mix,0.045,,179,0.9664
beta_8,8.0,mixed_inside,primary_baseline,band_mix,0.045,,180,0.9668
beta_8,8.0,mixed_inside,primary_baseline,band_mix,0.045,,181,0.967
beta_8,8.0,mixed_inside,primary_baseline,band_mix,0.045,,182,0.9674
beta_8,8.0,mixed_inside,primary_baseline,band_mix,0.045,,183,0.9678
beta_8,8.0,mixed_inside,primary_baseline,band_mix,0.045,,184,0.9682
beta_8,8.0,mixed_inside,primary_baseline,band_mix,0.045,,185,0.9684
beta_8,8.0,mixed_inside,primary_baseline,band_mix,0.045,,186,0.9684
beta_8,8.0,mixed_inside,primary_baseline,band_mix,0.045,,187,0.9684
beta_8,8.0,mixed_inside,primary_baseline,band_mix,0.045,,188,0.9684
beta_8,8.0,mixed_inside,primary_baseline,band_mix,0.045,,189,0.9684
beta_8,8.0,mixed_inside,primary_baseline,band_mix,0.045,,190,0.9684
beta_8,8.0,mixed_inside,primary_baseline,band_mix,0.045,,191,0.9686
beta_8,8.0,mixed_inside,primary_baseline,band_mix,0.045,,192,0.9686
beta_8,8.0,mixed_inside,primary_baseline,band_mix,0.045,,193,0.9686
beta_8,8.0,mixed_inside,primary_baseline,band_mix,0.045,,194,0.9686
beta_8,8.0,mixed_inside,primary_baseline,band_mix,0.045,,195,0.969
beta_8,8.0,mixed_inside,primary_baseline,band_mix,0.045,,196,0.9692
beta_8,8.0,mixed_inside,primary_baseline,band_mix,0.045,,197,0.9694
beta_8,8.0,mixed_inside,primary_baseline,band_mix,0.045,,198,0.9696
beta_8,8.0,mixed_inside,primary_baseline,band_mix,0.045,,199,0.9696
beta_8,8.0,mixed_inside,primary_baseline,band_mix,0.045,,200,0.9696
beta_8,8.0,mixed_inside,best_grid_T200,band_mix,0.045,,1,0.0
beta_8,8.0,mixed_inside,best_grid_T200,band_mix,0.045,,2,0.0
beta_8,8.0,mixed_inside,best_grid_T200,band_mix,0.045,,3,0.0
beta_8,8.0,mixed_inside,best_grid_T200,band_mix,0.045,,4,0.0
beta_8,8.0,mixed_inside,best_grid_T200,band_mix,0.045,,5,0.0
beta_8,8.0,mixed_inside,best_grid_T200,band_mix,0.045,,6,0.0
beta_8,8.0,mixed_inside,best_grid_T200,band_mix,0.045,,7,0.0
beta_8,8.0,mixed_inside,best_grid_T200,band_mix,0.045,,8,0.0
beta_8,8.0,mixed_inside,best_grid_T200,band_mix,0.045,,9,0.0
beta_8,8.0,mixed_inside,best_grid_T200,band_mix,0.045,,10,0.0
beta_8,8.0,mixed_inside,best_grid_T200,band_mix,0.045,,11,0.0
beta_8,8.0,mixed_inside,best_grid_T200,band_mix,0.045,,12,0.0
beta_8,8.0,mixed_inside,best_grid_T200,band_mix,0.045,,13,0.0
beta_8,8.0,mixed_inside,best_grid_T200,band_mix,0.045,,14,0.0
beta_8,8.0,mixed_inside,best_grid_T200,band_mix,0.045,,15,0.0
beta_8,8.0,mixed_inside,best_grid_T200,band_mix,0.045,,16,0.0
beta_8,8.0,mixed_inside,best_grid_T200,band_mix,0.045,,17,0.0
beta_8,8.0,mixed_inside,best_grid_T200,band_mix,0.045,,18,0.0
beta_8,8.0,mixed_inside,best_grid_T200,band_mix,0.045,,19,0.0008
beta_8,8.0,mixed_inside,best_grid_T200,band_mix,0.045,,20,0.009
beta_8,8.0,mixed_inside,best_grid_T200,band_mix,0.045,,21,0.0242
beta_8,8.0,mixed_inside,best_grid_T200,band_mix,0.045,,22,0.0436
beta_8,8.0,mixed_inside,best_grid_T200,band_mix,0.045,,23,0.072
beta_8,8.0,mixed_inside,best_grid_T200,band_mix,0.045,,24,0.1094
beta_8,8.0,mixed_inside,best_grid_T200,band_mix,0.045,,25,0.1418
beta_8,8.0,mixed_inside,best_grid_T200,band_mix,0.045,,26,0.1762
beta_8,8.0,mixed_inside,best_grid_T200,band_mix,0.045,,27,0.2182
beta_8,8.0,mixed_inside,best_grid_T200,band_mix,0.045,,28,0.2606
beta_8,8.0,mixed_inside,best_grid_T200,band_mix,0.045,,29,0.3036
beta_8,8.0,mixed_inside,best_grid_T200,band_mix,0.045,,30,0.346
beta_8,8.0,mixed_inside,best_grid_T200,band_mix,0.045,,31,0.3872
beta_8,8.0,mixed_inside,best_grid_T200,band_mix,0.045,,32,0.4192
beta_8,8.0,mixed_inside,best_grid_T200,band_mix,0.045,,33,0.4536
beta_8,8.0,mixed_inside,best_grid_T200,band_mix,0.045,,34,0.4864
beta_8,8.0,mixed_inside,best_grid_T200,band_mix,0.045,,35,0.5174
beta_8,8.0,mixed_inside,best_grid_T200,band_mix,0.045,,36,0.5432
beta_8,8.0,mixed_inside,best_grid_T200,band_mix,0.045,,37,0.5678
beta_8,8.0,mixed_inside,best_grid_T200,band_mix,0.045,,38,0.5928
beta_8,8.0,mixed_inside,best_grid_T200,band_mix,0.045,,39,0.6152
beta_8,8.0,mixed_inside,best_grid_T200,band_mix,0.045,,40,0.6352
beta_8,8.0,mixed_inside,best_grid_T200,band_mix,0.045,,41,0.6548
beta_8,8.0,mixed_inside,best_grid_T200,band_mix,0.045,,42,0.672
beta_8,8.0,mixed_inside,best_grid_T200,band_mix,0.045,,43,0.6876
beta_8,8.0,mixed_inside,best_grid_T200,band_mix,0.045,,44,0.7052
beta_8,8.0,mixed_inside,best_grid_T200,band_mix,0.045,,45,0.7228
beta_8,8.0,mixed_inside,best_grid_T200,band_mix,0.045,,46,0.7368
beta_8,8.0,mixed_inside,best_grid_T200,band_mix,0.045,,47,0.7506
beta_8,8.0,mixed_inside,best_grid_T200,band_mix,0.045,,48,0.762
beta_8,8.0,mixed_inside,best_grid_T200,band_mix,0.045,,49,0.7708
beta_8,8.0,mixed_inside,best_grid_T200,band_mix,0.045,,50,0.7806
beta_8,8.0,mixed_inside,best_grid_T200,band_mix,0.045,,51,0.7904
beta_8,8.0,mixed_inside,best_grid_T200,band_mix,0.045,,52,0.7998
beta_8,8.0,mixed_inside,best_grid_T200,band_mix,0.045,,53,0.808
beta_8,8.0,mixed_inside,best_grid_T200,band_mix,0.045,,54,0.8154
beta_8,8.0,mixed_inside,best_grid_T200,band_mix,0.045,,55,0.8238
beta_8,8.0,mixed_inside,best_grid_T200,band_mix,0.045,,56,0.8304
beta_8,8.0,mixed_inside,best_grid_T200,band_mix,0.045,,57,0.8348
beta_8,8.0,mixed_inside,best_grid_T200,band_mix,0.045,,58,0.8404
beta_8,8.0,mixed_inside,best_grid_T200,band_mix,0.045,,59,0.8476
beta_8,8.0,mixed_inside,best_grid_T200,band_mix,0.045,,60,0.853
beta_8,8.0,mixed_inside,best_grid_T200,band_mix,0.045,,61,0.857
beta_8,8.0,mixed_inside,best_grid_T200,band_mix,0.045,,62,0.8636
beta_8,8.0,mixed_inside,best_grid_T200,band_mix,0.045,,63,0.8694
beta_8,8.0,mixed_inside,best_grid_T200,band_mix,0.045,,64,0.8738
beta_8,8.0,mixed_inside,best_grid_T200,band_mix,0.045,,65,0.8758
beta_8,8.0,mixed_inside,best_grid_T200,band_mix,0.045,,66,0.8798
beta_8,8.0,mixed_inside,best_grid_T200,band_mix,0.045,,67,0.8842
beta_8,8.0,mixed_inside,best_grid_T200,band_mix,0.045,,68,0.8886
beta_8,8.0,mixed_inside,best_grid_T200,band_mix,0.045,,69,0.8916
beta_8,8.0,mixed_inside,best_grid_T200,band_mix,0.045,,70,0.894
beta_8,8.0,mixed_inside,best_grid_T200,band_mix,0.045,,71,0.8964
beta_8,8.0,mixed_inside,best_grid_T200,band_mix,0.045,,72,0.899
beta_8,8.0,mixed_inside,best_grid_T200,band_mix,0.045,,73,0.902
beta_8,8.0,mixed_inside,best_grid_T200,band_mix,0.045,,74,0.904
beta_8,8.0,mixed_inside,best_grid_T200,band_mix,0.045,,75,0.9058
beta_8,8.0,mixed_inside,best_grid_T200,band_mix,0.045,,76,0.9078
beta_8,8.0,mixed_inside,best_grid_T200,band_mix,0.045,,77,0.9102
beta_8,8.0,mixed_inside,best_grid_T200,band_mix,0.045,,78,0.9118
beta_8,8.0,mixed_inside,best_grid_T200,band_mix,0.045,,79,0.9124
beta_8,8.0,mixed_inside,best_grid_T200,band_mix,0.045,,80,0.9146
beta_8,8.0,mixed_inside,best_grid_T200,band_mix,0.045,,81,0.9172
beta_8,8.0,mixed_inside,best_grid_T200,band_mix,0.045,,82,0.9186
beta_8,8.0,mixed_inside,best_grid_T200,band_mix,0.045,,83,0.92
beta_8,8.0,mixed_inside,best_grid_T200,band_mix,0.045,,84,0.9216
beta_8,8.0,mixed_inside,best_grid_T200,band_mix,0.045,,85,0.9228
beta_8,8.0,mixed_inside,best_grid_T200,band_mix,0.045,,86,0.9242
beta_8,8.0,mixed_inside,best_grid_T200,band_mix,0.045,,87,0.926
beta_8,8.0,mixed_inside,best_grid_T200,band_mix,0.045,,88,0.9278
beta_8,8.0,mixed_inside,best_grid_T200,band_mix,0.045,,89,0.9292
beta_8,8.0,mixed_inside,best_grid_T200,band_mix,0.045,,90,0.9314
beta_8,8.0,mixed_inside,best_grid_T200,band_mix,0.045,,91,0.932
beta_8,8.0,mixed_inside,best_grid_T200,band_mix,0.045,,92,0.9328
beta_8,8.0,mixed_inside,best_grid_T200,band_mix,0.045,,93,0.934
beta_8,8.0,mixed_inside,best_grid_T200,band_mix,0.045,,94,0.9348
beta_8,8.0,mixed_inside,best_grid_T200,band_mix,0.045,,95,0.9354
beta_8,8.0,mixed_inside,best_grid_T200,band_mix,0.045,,96,0.9374
beta_8,8.0,mixed_inside,best_grid_T200,band_mix,0.045,,97,0.9384
beta_8,8.0,mixed_inside,best_grid_T200,band_mix,0.045,,98,0.9394
beta_8,8.0,mixed_inside,best_grid_T200,band_mix,0.045,,99,0.9406
beta_8,8.0,mixed_inside,best_grid_T200,band_mix,0.045,,100,0.9418
beta_8,8.0,mixed_inside,best_grid_T200,band_mix,0.045,,101,0.9428
beta_8,8.0,mixed_inside,best_grid_T200,band_mix,0.045,,102,0.9438
beta_8,8.0,mixed_inside,best_grid_T200,band_mix,0.045,,103,0.9442
beta_8,8.0,mixed_inside,best_grid_T200,band_mix,0.045,,104,0.9452
beta_8,8.0,mixed_inside,best_grid_T200,band_mix,0.045,,105,0.9456
beta_8,8.0,mixed_inside,best_grid_T200,band_mix,0.045,,106,0.9464
beta_8,8.0,mixed_inside,best_grid_T200,band_mix,0.045,,107,0.9468
beta_8,8.0,mixed_inside,best_grid_T200,band_mix,0.045,,108,0.9478
beta_8,8.0,mixed_inside,best_grid_T200,band_mix,0.045,,109,0.948
beta_8,8.0,mixed_inside,best_grid_T200,band_mix,0.045,,110,0.9484
beta_8,8.0,mixed_inside,best_grid_T200,band_mix,0.045,,111,0.9494
beta_8,8.0,mixed_inside,best_grid_T200,band_mix,0.045,,112,0.9502
beta_8,8.0,mixed_inside,best_grid_T200,band_mix,0.045,,113,0.9504
beta_8,8.0,mixed_inside,best_grid_T200,band_mix,0.045,,114,0.9506
beta_8,8.0,mixed_inside,best_grid_T200,band_mix,0.045,,115,0.9516
beta_8,8.0,mixed_inside,best_grid_T200,band_mix,0.045,,116,0.9522
beta_8,8.0,mixed_inside,best_grid_T200,band_mix,0.045,,117,0.953
beta_8,8.0,mixed_inside,best_grid_T200,band_mix,0.045,,118,0.9532
beta_8,8.0,mixed_inside,best_grid_T200,band_mix,0.045,,119,0.9532
beta_8,8.0,mixed_inside,best_grid_T200,band_mix,0.045,,120,0.9536
beta_8,8.0,mixed_inside,best_grid_T200,band_mix,0.045,,121,0.954
beta_8,8.0,mixed_inside,best_grid_T200,band_mix,0.045,,122,0.9548
beta_8,8.0,mixed_inside,best_grid_T200,band_mix,0.045,,123,0.9556
beta_8,8.0,mixed_inside,best_grid_T200,band_mix,0.045,,124,0.9558
beta_8,8.0,mixed_inside,best_grid_T200,band_mix,0.045,,125,0.9558
beta_8,8.0,mixed_inside,best_grid_T200,band_mix,0.045,,126,0.9562
beta_8,8.0,mixed_inside,best_grid_T200,band_mix,0.045,,127,0.9566
beta_8,8.0,mixed_inside,best_grid_T200,band_mix,0.045,,128,0.9568
beta_8,8.0,mixed_inside,best_grid_T200,band_mix,0.045,,129,0.9568
beta_8,8.0,mixed_inside,best_grid_T200,band_mix,0.045,,130,0.9572
beta_8,8.0,mixed_inside,best_grid_T200,band_mix,0.045,,131,0.9584
beta_8,8.0,mixed_inside,best_grid_T200,band_mix,0.045,,132,0.9586
beta_8,8.0,mixed_inside,best_grid_T200,band_mix,0.045,,133,0.9588
beta_8,8.0,mixed_inside,best_grid_T200,band_mix,0.045,,134,0.9588
beta_8,8.0,mixed_inside,best_grid_T200,band_mix,0.045,,135,0.9588
beta_8,8.0,mixed_inside,best_grid_T200,band_mix,0.045,,136,0.959
beta_8,8.0,mixed_inside,best_grid_T200,band_mix,0.045,,137,0.959
beta_8,8.0,mixed_inside,best_grid_T200,band_mix,0.045,,138,0.9592
beta_8,8.0,mixed_inside,best_grid_T200,band_mix,0.045,,139,0.9592
beta_8,8.0,mixed_inside,best_grid_T200,band_mix,0.045,,140,0.9598
beta_8,8.0,mixed_inside,best_grid_T200,band_mix,0.045,,141,0.9604
beta_8,8.0,mixed_inside,best_grid_T200,band_mix,0.045,,142,0.9604
beta_8,8.0,mixed_inside,best_grid_T200,band_mix,0.045,,143,0.9608
beta_8,8.0,mixed_inside,best_grid_T200,band_mix,0.045,,144,0.9612
beta_8,8.0,mixed_inside,best_grid_T200,band_mix,0.045,,145,0.9612
beta_8,8.0,mixed_inside,best_grid_T200,band_mix,0.045,,146,0.9612
beta_8,8.0,mixed_inside,best_grid_T200,band_mix,0.045,,147,0.9616
beta_8,8.0,mixed_inside,best_grid_T200,band_mix,0.045,,148,0.9616
beta_8,8.0,mixed_inside,best_grid_T200,band_mix,0.045,,149,0.9618
beta_8,8.0,mixed_inside,best_grid_T200,band_mix,0.045,,150,0.962
beta_8,8.0,mixed_inside,best_grid_T200,band_mix,0.045,,151,0.962
beta_8,8.0,mixed_inside,best_grid_T200,band_mix,0.045,,152,0.9622
beta_8,8.0,mixed_inside,best_grid_T200,band_mix,0.045,,153,0.9628
beta_8,8.0,mixed_inside,best_grid_T200,band_mix,0.045,,154,0.963
beta_8,8.0,mixed_inside,best_grid_T200,band_mix,0.045,,155,0.963
beta_8,8.0,mixed_inside,best_grid_T200,band_mix,0.045,,156,0.9636
beta_8,8.0,mixed_inside,best_grid_T200,band_mix,0.045,,157,0.9636
beta_8,8.0,mixed_inside,best_grid_T200,band_mix,0.045,,158,0.9636
beta_8,8.0,mixed_inside,best_grid_T200,band_mix,0.045,,159,0.9638
beta_8,8.0,mixed_inside,best_grid_T200,band_mix,0.045,,160,0.9642
beta_8,8.0,mixed_inside,best_grid_T200,band_mix,0.045,,161,0.9642
beta_8,8.0,mixed_inside,best_grid_T200,band_mix,0.045,,162,0.9642
beta_8,8.0,mixed_inside,best_grid_T200,band_mix,0.045,,163,0.9644
beta_8,8.0,mixed_inside,best_grid_T200,band_mix,0.045,,164,0.9644
beta_8,8.0,mixed_inside,best_grid_T200,band_mix,0.045,,165,0.9644
beta_8,8.0,mixed_inside,best_grid_T200,band_mix,0.045,,166,0.9646
beta_8,8.0,mixed_inside,best_grid_T200,band_mix,0.045,,167,0.9648
beta_8,8.0,mixed_inside,best_grid_T200,band_mix,0.045,,168,0.9648
beta_8,8.0,mixed_inside,best_grid_T200,band_mix,0.045,,169,0.9648
beta_8,8.0,mixed_inside,best_grid_T200,band_mix,0.045,,170,0.965
beta_8,8.0,mixed_inside,best_grid_T200,band_mix,0.045,,171,0.9652
beta_8,8.0,mixed_inside,best_grid_T200,band_mix,0.045,,172,0.9652
beta_8,8.0,mixed_inside,best_grid_T200,band_mix,0.045,,173,0.9652
beta_8,8.0,mixed_inside,best_grid_T200,band_mix,0.045,,174,0.9654
beta_8,8.0,mixed_inside,best_grid_T200,band_mix,0.045,,175,0.9658
beta_8,8.0,mixed_inside,best_grid_T200,band_mix,0.045,,176,0.9662
beta_8,8.0,mixed_inside,best_grid_T200,band_mix,0.045,,177,0.9662
beta_8,8.0,mixed_inside,best_grid_T200,band_mix,0.045,,178,0.9664
beta_8,8.0,mixed_inside,best_grid_T200,band_mix,0.045,,179,0.9664
beta_8,8.0,mixed_inside,best_grid_T200,band_mix,0.045,,180,0.9668
beta_8,8.0,mixed_inside,best_grid_T200,band_mix,0.045,,181,0.967
beta_8,8.0,mixed_inside,best_grid_T200,band_mix,0.045,,182,0.9674
beta_8,8.0,mixed_inside,best_grid_T200,band_mix,0.045,,183,0.9678
beta_8,8.0,mixed_inside,best_grid_T200,band_mix,0.045,,184,0.9682
beta_8,8.0,mixed_inside,best_grid_T200,band_mix,0.045,,185,0.9684
beta_8,8.0,mixed_inside,best_grid_T200,band_mix,0.045,,186,0.9684
beta_8,8.0,mixed_inside,best_grid_T200,band_mix,0.045,,187,0.9684
beta_8,8.0,mixed_inside,best_grid_T200,band_mix,0.045,,188,0.9684
beta_8,8.0,mixed_inside,best_grid_T200,band_mix,0.045,,189,0.9684
beta_8,8.0,mixed_inside,best_grid_T200,band_mix,0.045,,190,0.9684
beta_8,8.0,mixed_inside,best_grid_T200,band_mix,0.045,,191,0.9686
beta_8,8.0,mixed_inside,best_grid_T200,band_mix,0.045,,192,0.9686
beta_8,8.0,mixed_inside,best_grid_T200,band_mix,0.045,,193,0.9686
beta_8,8.0,mixed_inside,best_grid_T200,band_mix,0.045,,194,0.9686
beta_8,8.0,mixed_inside,best_grid_T200,band_mix,0.045,,195,0.969
beta_8,8.0,mixed_inside,best_grid_T200,band_mix,0.045,,196,0.9692
beta_8,8.0,mixed_inside,best_grid_T200,band_mix,0.045,,197,0.9694
beta_8,8.0,mixed_inside,best_grid_T200,band_mix,0.045,,198,0.9696
beta_8,8.0,mixed_inside,best_grid_T200,band_mix,0.045,,199,0.9696
beta_8,8.0,mixed_inside,best_grid_T200,band_mix,0.045,,200,0.9696
beta_8,8.0,mixed_inside,oracle,oracle,,,1,0.0
beta_8,8.0,mixed_inside,oracle,oracle,,,2,0.0
beta_8,8.0,mixed_inside,oracle,oracle,,,3,0.2056
beta_8,8.0,mixed_inside,oracle,oracle,,,4,0.5072
beta_8,8.0,mixed_inside,oracle,oracle,,,5,0.688
beta_8,8.0,mixed_inside,oracle,oracle,,,6,0.8018
beta_8,8.0,mixed_inside,oracle,oracle,,,7,0.8734
beta_8,8.0,mixed_inside,oracle,oracle,,,8,0.9202
beta_8,8.0,mixed_inside,oracle,oracle,,,9,0.946
beta_8,8.0,mixed_inside,oracle,oracle,,,10,0.9644
beta_8,8.0,mixed_inside,oracle,oracle,,,11,0.975
beta_8,8.0,mixed_inside,oracle,oracle,,,12,0.9816
beta_8,8.0,mixed_inside,oracle,oracle,,,13,0.9864
beta_8,8.0,mixed_inside,oracle,oracle,,,14,0.9894
beta_8,8.0,mixed_inside,oracle,oracle,,,15,0.991
beta_8,8.0,mixed_inside,oracle,oracle,,,16,0.9928
beta_8,8.0,mixed_inside,oracle,oracle,,,17,0.9942
beta_8,8.0,mixed_inside,oracle,oracle,,,18,0.9954
beta_8,8.0,mixed_inside,oracle,oracle,,,19,0.996
beta_8,8.0,mixed_inside,oracle,oracle,,,20,0.9974
beta_8,8.0,mixed_inside,oracle,oracle,,,21,0.9974
beta_8,8.0,mixed_inside,oracle,oracle,,,22,0.9982
beta_8,8.0,mixed_inside,oracle,oracle,,,23,0.9984
beta_8,8.0,mixed_inside,oracle,oracle,,,24,0.9986
beta_8,8.0,mixed_inside,oracle,oracle,,,25,0.9986
beta_8,8.0,mixed_inside,oracle,oracle,,,26,0.9986
beta_8,8.0,mixed_inside,oracle,oracle,,,27,0.9986
beta_8,8.0,mixed_inside,oracle,oracle,,,28,0.9986
beta_8,8.0,mixed_inside,oracle,oracle,,,29,0.9988
beta_8,8.0,mixed_inside,oracle,oracle,,,30,0.999
beta_8,8.0,mixed_inside,oracle,oracle,,,31,0.9992
beta_8,8.0,mixed_inside,oracle,oracle,,,32,0.9996
beta_8,8.0,mixed_inside,oracle,oracle,,,33,0.9996
beta_8,8.0,mixed_inside,oracle,oracle,,,34,0.9996
beta_8,8.0,mixed_inside,oracle,oracle,,,35,0.9996
beta_8,8.0,mixed_inside,oracle,oracle,,,36,0.9996
beta_8,8.0,mixed_inside,oracle,oracle,,,37,0.9996
beta_8,8.0,mixed_inside,oracle,oracle,,,38,0.9996
beta_8,8.0,mixed_inside,oracle,oracle,,,39,0.9996
beta_8,8.0,mixed_inside,oracle,oracle,,,40,0.9996
beta_8,8.0,mixed_inside,oracle,oracle,,,41,0.9996
beta_8,8.0,mixed_inside,oracle,oracle,,,42,0.9996
beta_8,8.0,mixed_inside,oracle,oracle,,,43,0.9996
beta_8,8.0,mixed_inside,oracle,oracle,,,44,0.9996
beta_8,8.0,mixed_inside,oracle,oracle,,,45,0.9996
beta_8,8.0,mixed_inside,oracle,oracle,,,46,0.9996
beta_8,8.0,mixed_inside,oracle,oracle,,,47,0.9996
beta_8,8.0,mixed_inside,oracle,oracle,,,48,0.9996
beta_8,8.0,mixed_inside,oracle,oracle,,,49,0.9996
beta_8,8.0,mixed_inside,oracle,oracle,,,50,0.9996
beta_8,8.0,mixed_inside,oracle,oracle,,,51,0.9996
beta_8,8.0,mixed_inside,oracle,oracle,,,52,0.9996
beta_8,8.0,mixed_inside,oracle,oracle,,,53,0.9996
beta_8,8.0,mixed_inside,oracle,oracle,,,54,0.9996
beta_8,8.0,mixed_inside,oracle,oracle,,,55,0.9996
beta_8,8.0,mixed_inside,oracle,oracle,,,56,0.9996
beta_8,8.0,mixed_inside,oracle,oracle,,,57,0.9996
beta_8,8.0,mixed_inside,oracle,oracle,,,58,0.9996
beta_8,8.0,mixed_inside,oracle,oracle,,,59,0.9996
beta_8,8.0,mixed_inside,oracle,oracle,,,60,0.9996
beta_8,8.0,mixed_inside,oracle,oracle,,,61,0.9996
beta_8,8.0,mixed_inside,oracle,oracle,,,62,0.9996
beta_8,8.0,mixed_inside,oracle,oracle,,,63,0.9996
beta_8,8.0,mixed_inside,oracle,oracle,,,64,0.9998
beta_8,8.0,mixed_inside,oracle,oracle,,,65,0.9998
beta_8,8.0,mixed_inside,oracle,oracle,,,66,0.9998
beta_8,8.0,mixed_inside,oracle,oracle,,,67,0.9998
beta_8,8.0,mixed_inside,oracle,oracle,,,68,0.9998
beta_8,8.0,mixed_inside,oracle,oracle,,,69,0.9998
beta_8,8.0,mixed_inside,oracle,oracle,,,70,0.9998
beta_8,8.0,mixed_inside,oracle,oracle,,,71,0.9998
beta_8,8.0,mixed_inside,oracle,oracle,,,72,0.9998
beta_8,8.0,mixed_inside,oracle,oracle,,,73,0.9998
beta_8,8.0,mixed_inside,oracle,oracle,,,74,0.9998
beta_8,8.0,mixed_inside,oracle,oracle,,,75,0.9998
beta_8,8.0,mixed_inside,oracle,oracle,,,76,0.9998
beta_8,8.0,mixed_inside,oracle,oracle,,,77,0.9998
beta_8,8.0,mixed_inside,oracle,oracle,,,78,0.9998
beta_8,8.0,mixed_inside,oracle,oracle,,,79,0.9998
beta_8,8.0,mixed_inside,oracle,oracle,,,80,0.9998
beta_8,8.0,mixed_inside,oracle,oracle,,,81,0.9998
beta_8,8.0,mixed_inside,oracle,oracle,,,82,0.9998
beta_8,8.0,mixed_inside,oracle,oracle,,,83,0.9998
beta_8,8.0,mixed_inside,oracle,oracle,,,84,0.9998
beta_8,8.0,mixed_inside,oracle,oracle,,,85,0.9998
beta_8,8.0,mixed_inside,oracle,oracle,,,86,0.9998
beta_8,8.0,mixed_inside,oracle,oracle,,,87,0.9998
beta_8,8.0,mixed_inside,oracle,oracle,,,88,0.9998
beta_8,8.0,mixed_inside,oracle,oracle,,,89,0.9998
beta_8,8.0,mixed_inside,oracle,oracle,,,90,0.9998
beta_8,8.0,mixed_inside,oracle,oracle,,,91,0.9998
beta_8,8.0,mixed_inside,oracle,oracle,,,92,0.9998
beta_8,8.0,mixed_inside,oracle,oracle,,,93,0.9998
beta_8,8.0,mixed_inside,oracle,oracle,,,94,1.0
beta_8,8.0,mixed_inside,oracle,oracle,,,95,1.0
beta_8,8.0,mixed_inside,oracle,oracle,,,96,1.0
beta_8,8.0,mixed_inside,oracle,oracle,,,97,1.0
beta_8,8.0,mixed_inside,oracle,oracle,,,98,1.0
beta_8,8.0,mixed_inside,oracle,oracle,,,99,1.0
beta_8,8.0,mixed_inside,oracle,oracle,,,100,1.0
beta_8,8.0,mixed_inside,oracle,oracle,,,101,1.0
beta_8,8.0,mixed_inside,oracle,oracle,,,102,1.0
beta_8,8.0,mixed_inside,oracle,oracle,,,103,1.0
beta_8,8.0,mixed_inside,oracle,oracle,,,104,1.0
beta_8,8.0,mixed_inside,oracle,oracle,,,105,1.0
beta_8,8.0,mixed_inside,oracle,oracle,,,106,1.0
beta_8,8.0,mixed_inside,oracle,oracle,,,107,1.0
beta_8,8.0,mixed_inside,oracle,oracle,,,108,1.0
beta_8,8.0,mixed_inside,oracle,oracle,,,109,1.0
beta_8,8.0,mixed_inside,oracle,oracle,,,110,1.0
beta_8,8.0,mixed_inside,oracle,oracle,,,111,1.0
beta_8,8.0,mixed_inside,oracle,oracle,,,112,1.0
beta_8,8.0,mixed_inside,oracle,oracle,,,113,1.0
beta_8,8.0,mixed_inside,oracle,oracle,,,114,1.0
beta_8,8.0,mixed_inside,oracle,oracle,,,115,1.0
beta_8,8.0,mixed_inside,oracle,oracle,,,116,1.0
beta_8,8.0,mixed_inside,oracle,oracle,,,117,1.0
beta_8,8.0,mixed_inside,oracle,oracle,,,118,1.0
beta_8,8.0,mixed_inside,oracle,oracle,,,119,1.0
beta_8,8.0,mixed_inside,oracle,oracle,,,120,1.0
beta_8,8.0,mixed_inside,oracle,oracle,,,121,1.0
beta_8,8.0,mixed_inside,oracle,oracle,,,122,1.0
beta_8,8.0,mixed_inside,oracle,oracle,,,123,1.0
beta_8,8.0,mixed_inside,oracle,oracle,,,124,1.0
beta_8,8.0,mixed_inside,oracle,oracle,,,125,1.0
beta_8,8.0,mixed_inside,oracle,oracle,,,126,1.0
beta_8,8.0,mixed_inside,oracle,oracle,,,127,1.0
beta_8,8.0,mixed_inside,oracle,oracle,,,128,1.0
beta_8,8.0,mixed_inside,oracle,oracle,,,129,1.0
beta_8,8.0,mixed_inside,oracle,oracle,,,130,1.0
beta_8,8.0,mixed_inside,oracle,oracle,,,131,1.0
beta_8,8.0,mixed_inside,oracle,oracle,,,132,1.0
beta_8,8.0,mixed_inside,oracle,oracle,,,133,1.0
beta_8,8.0,mixed_inside,oracle,oracle,,,134,1.0
beta_8,8.0,mixed_inside,oracle,oracle,,,135,1.0
beta_8,8.0,mixed_inside,oracle,oracle,,,136,1.0
beta_8,8.0,mixed_inside,oracle,oracle,,,137,1.0
beta_8,8.0,mixed_inside,oracle,oracle,,,138,1.0
beta_8,8.0,mixed_inside,oracle,oracle,,,139,1.0
beta_8,8.0,mixed_inside,oracle,oracle,,,140,1.0
beta_8,8.0,mixed_inside,oracle,oracle,,,141,1.0
beta_8,8.0,mixed_inside,oracle,oracle,,,142,1.0
beta_8,8.0,mixed_inside,oracle,oracle,,,143,1.0
beta_8,8.0,mixed_inside,oracle,oracle,,,144,1.0
beta_8,8.0,mixed_inside,oracle,oracle,,,145,1.0
beta_8,8.0,mixed_inside,oracle,oracle,,,146,1.0
beta_8,8.0,mixed_inside,oracle,oracle,,,147,1.0
beta_8,8.0,mixed_inside,oracle,oracle,,,148,1.0
beta_8,8.0,mixed_inside,oracle,oracle,,,149,1.0
beta_8,8.0,mixed_inside,oracle,oracle,,,150,1.0
beta_8,8.0,mixed_inside,oracle,oracle,,,151,1.0
beta_8,8.0,mixed_inside,oracle,oracle,,,152,1.0
beta_8,8.0,mixed_inside,oracle,oracle,,,153,1.0
beta_8,8.0,mixed_inside,oracle,oracle,,,154,1.0
beta_8,8.0,mixed_inside,oracle,oracle,,,155,1.0
beta_8,8.0,mixed_inside,oracle,oracle,,,156,1.0
beta_8,8.0,mixed_inside,oracle,oracle,,,157,1.0
beta_8,8.0,mixed_inside,oracle,oracle,,,158,1.0
beta_8,8.0,mixed_inside,oracle,oracle,,,159,1.0
beta_8,8.0,mixed_inside,oracle,oracle,,,160,1.0
beta_8,8.0,mixed_inside,oracle,oracle,,,161,1.0
beta_8,8.0,mixed_inside,oracle,oracle,,,162,1.0
beta_8,8.0,mixed_inside,oracle,oracle,,,163,1.0
beta_8,8.0,mixed_inside,oracle,oracle,,,164,1.0
beta_8,8.0,mixed_inside,oracle,oracle,,,165,1.0
beta_8,8.0,mixed_inside,oracle,oracle,,,166,1.0
beta_8,8.0,mixed_inside,oracle,oracle,,,167,1.0
beta_8,8.0,mixed_inside,oracle,oracle,,,168,1.0
beta_8,8.0,mixed_inside,oracle,oracle,,,169,1.0
beta_8,8.0,mixed_inside,oracle,oracle,,,170,1.0
beta_8,8.0,mixed_inside,oracle,oracle,,,171,1.0
beta_8,8.0,mixed_inside,oracle,oracle,,,172,1.0
beta_8,8.0,mixed_inside,oracle,oracle,,,173,1.0
beta_8,8.0,mixed_inside,oracle,oracle,,,174,1.0
beta_8,8.0,mixed_inside,oracle,oracle,,,175,1.0
beta_8,8.0,mixed_inside,oracle,oracle,,,176,1.0
beta_8,8.0,mixed_inside,oracle,oracle,,,177,1.0
beta_8,8.0,mixed_inside,oracle,oracle,,,178,1.0
beta_8,8.0,mixed_inside,oracle,oracle,,,179,1.0
beta_8,8.0,mixed_inside,oracle,oracle,,,180,1.0
beta_8,8.0,mixed_inside,oracle,oracle,,,181,1.0
beta_8,8.0,mixed_inside,oracle,oracle,,,182,1.0
beta_8,8.0,mixed_inside,oracle,oracle,,,183,1.0
beta_8,8.0,mixed_inside,oracle,oracle,,,184,1.0
beta_8,8.0,mixed_inside,oracle,oracle,,,185,1.0
beta_8,8.0,mixed_inside,oracle,oracle,,,186,1.0
beta_8,8.0,mixed_inside,oracle,oracle,,,187,1.0
beta_8,8.0,mixed_inside,oracle,oracle,,,188,1.0
beta_8,8.0,mixed_inside,oracle,oracle,,,189,1.0
beta_8,8.0,mixed_inside,oracle,oracle,,,190,1.0
beta_8,8.0,mixed_inside,oracle,oracle,,,191,1.0
beta_8,8.0,mixed_inside,oracle,oracle,,,192,1.0
beta_8,8.0,mixed_inside,oracle,oracle,,,193,1.0
beta_8,8.0,mixed_inside,oracle,oracle,,,194,1.0
beta_8,8.0,mixed_inside,oracle,oracle,,,195,1.0
beta_8,8.0,mixed_inside,oracle,oracle,,,196,1.0
beta_8,8.0,mixed_inside,oracle,oracle,,,197,1.0
beta_8,8.0,mixed_inside,oracle,oracle,,,198,1.0
beta_8,8.0,mixed_inside,oracle,oracle,,,199,1.0
beta_8,8.0,mixed_inside,oracle,oracle,,,200,1.0
beta_8,8.0,random_static_inside,static,static,,,1,0.0
beta_8,8.0,random_static_inside,static,static,,,2,0.0
beta_8,8.0,random_static_inside,static,static,,,3,0.1678
beta_8,8.0,random_static_inside,static,static,,,4,0.4332
beta_8,8.0,random_static_inside,static,static,,,5,0.6084
beta_8,8.0,random_static_inside,static,static,,,6,0.7352
beta_8,8.0,random_static_inside,static,static,,,7,0.8126
beta_8,8.0,random_static_inside,static,static,,,8,0.8746
beta_8,8.0,random_static_inside,static,static,,,9,0.9114
beta_8,8.0,random_static_inside,static,static,,,10,0.937
beta_8,8.0,random_static_inside,static,static,,,11,0.9512
beta_8,8.0,random_static_inside,static,static,,,12,0.9632
beta_8,8.0,random_static_inside,static,static,,,13,0.9694
beta_8,8.0,random_static_inside,static,static,,,14,0.9778
beta_8,8.0,random_static_inside,static,static,,,15,0.9822
beta_8,8.0,random_static_inside,static,static,,,16,0.9848
beta_8,8.0,random_static_inside,static,static,,,17,0.9874
beta_8,8.0,random_static_inside,static,static,,,18,0.9886
beta_8,8.0,random_static_inside,static,static,,,19,0.9896
beta_8,8.0,random_static_inside,static,static,,,20,0.991
beta_8,8.0,random_static_inside,static,static,,,21,0.9926
beta_8,8.0,random_static_inside,static,static,,,22,0.994
beta_8,8.0,random_static_inside,static,static,,,23,0.9948
beta_8,8.0,random_static_inside,static,static,,,24,0.995
beta_8,8.0,random_static_inside,static,static,,,25,0.9958
beta_8,8.0,random_static_inside,static,static,,,26,0.9964
beta_8,8.0,random_static_inside,static,static,,,27,0.9966
beta_8,8.0,random_static_inside,static,static,,,28,0.9968
beta_8,8.0,random_static_inside,static,static,,,29,0.9968
beta_8,8.0,random_static_inside,static,static,,,30,0.9968
beta_8,8.0,random_static_inside,static,static,,,31,0.997
beta_8,8.0,random_static_inside,static,static,,,32,0.9972
beta_8,8.0,random_static_inside,static,static,,,33,0.9972
beta_8,8.0,random_static_inside,static,static,,,34,0.9974
beta_8,8.0,random_static_inside,static,static,,,35,0.9976
beta_8,8.0,random_static_inside,static,static,,,36,0.9978
beta_8,8.0,random_static_inside,static,static,,,37,0.9978
beta_8,8.0,random_static_inside,static,static,,,38,0.998
beta_8,8.0,random_static_inside,static,static,,,39,0.998
beta_8,8.0,random_static_inside,static,static,,,40,0.998
beta_8,8.0,random_static_inside,static,static,,,41,0.998
beta_8,8.0,random_static_inside,static,static,,,42,0.9984
beta_8,8.0,random_static_inside,static,static,,,43,0.9986
beta_8,8.0,random_static_inside,static,static,,,44,0.9986
beta_8,8.0,random_static_inside,static,static,,,45,0.9988
beta_8,8.0,random_static_inside,static,static,,,46,0.9988
beta_8,8.0,random_static_inside,static,static,,,47,0.9988
beta_8,8.0,random_static_inside,static,static,,,48,0.9988
beta_8,8.0,random_static_inside,static,static,,,49,0.9988
beta_8,8.0,random_static_inside,static,static,,,50,0.999
beta_8,8.0,random_static_inside,static,static,,,51,0.999
beta_8,8.0,random_static_inside,static,static,,,52,0.999
beta_8,8.0,random_static_inside,static,static,,,53,0.999
beta_8,8.0,random_static_inside,static,static,,,54,0.999
beta_8,8.0,random_static_inside,static,static,,,55,0.999
beta_8,8.0,random_static_inside,static,static,,,56,0.999
beta_8,8.0,random_static_inside,static,static,,,57,0.999
beta_8,8.0,random_static_inside,static,static,,,58,0.999
beta_8,8.0,random_static_inside,static,static,,,59,0.999
beta_8,8.0,random_static_inside,static,static,,,60,0.9992
beta_8,8.0,random_static_inside,static,static,,,61,0.9992
beta_8,8.0,random_static_inside,static,static,,,62,0.9992
beta_8,8.0,random_static_inside,static,static,,,63,0.9992
beta_8,8.0,random_static_inside,static,static,,,64,0.9992
beta_8,8.0,random_static_inside,static,static,,,65,0.9992
beta_8,8.0,random_static_inside,static,static,,,66,0.9992
beta_8,8.0,random_static_inside,static,static,,,67,0.9992
beta_8,8.0,random_static_inside,static,static,,,68,0.9992
beta_8,8.0,random_static_inside,static,static,,,69,0.9992
beta_8,8.0,random_static_inside,static,static,,,70,0.9992
beta_8,8.0,random_static_inside,static,static,,,71,0.9992
beta_8,8.0,random_static_inside,static,static,,,72,0.9992
beta_8,8.0,random_static_inside,static,static,,,73,0.9992
beta_8,8.0,random_static_inside,static,static,,,74,0.9992
beta_8,8.0,random_static_inside,static,static,,,75,0.9992
beta_8,8.0,random_static_inside,static,static,,,76,0.9992
beta_8,8.0,random_static_inside,static,static,,,77,0.9992
beta_8,8.0,random_static_inside,static,static,,,78,0.9992
beta_8,8.0,random_static_inside,static,static,,,79,0.9992
beta_8,8.0,random_static_inside,static,static,,,80,0.9992
beta_8,8.0,random_static_inside,static,static,,,81,0.9992
beta_8,8.0,random_static_inside,static,static,,,82,0.9992
beta_8,8.0,random_static_inside,static,static,,,83,0.9992
beta_8,8.0,random_static_inside,static,static,,,84,0.9992
beta_8,8.0,random_static_inside,static,static,,,85,0.9992
beta_8,8.0,random_static_inside,static,static,,,86,0.9992
beta_8,8.0,random_static_inside,static,static,,,87,0.9992
beta_8,8.0,random_static_inside,static,static,,,88,0.9992
beta_8,8.0,random_static_inside,static,static,,,89,0.9992
beta_8,8.0,random_static_inside,static,static,,,90,0.9994
beta_8,8.0,random_static_inside,static,static,,,91,0.9994
beta_8,8.0,random_static_inside,static,static,,,92,0.9994
beta_8,8.0,random_static_inside,static,static,,,93,0.9994
beta_8,8.0,random_static_inside,static,static,,,94,0.9996
beta_8,8.0,random_static_inside,static,static,,,95,0.9996
beta_8,8.0,random_static_inside,static,static,,,96,0.9996
beta_8,8.0,random_static_inside,static,static,,,97,0.9996
beta_8,8.0,random_static_inside,static,static,,,98,0.9996
beta_8,8.0,random_static_inside,static,static,,,99,0.9996
beta_8,8.0,random_static_inside,static,static,,,100,0.9996
beta_8,8.0,random_static_inside,static,static,,,101,0.9996
beta_8,8.0,random_static_inside,static,static,,,102,0.9996
beta_8,8.0,random_static_inside,static,static,,,103,0.9996
beta_8,8.0,random_static_inside,static,static,,,104,0.9996
beta_8,8.0,random_static_inside,static,static,,,105,0.9996
beta_8,8.0,random_static_inside,static,static,,,106,0.9996
beta_8,8.0,random_static_inside,static,static,,,107,0.9996
beta_8,8.0,random_static_inside,static,static,,,108,0.9996
beta_8,8.0,random_static_inside,static,static,,,109,0.9996
beta_8,8.0,random_static_inside,static,static,,,110,0.9996
beta_8,8.0,random_static_inside,static,static,,,111,0.9996
beta_8,8.0,random_static_inside,static,static,,,112,0.9996
beta_8,8.0,random_static_inside,static,static,,,113,0.9996
beta_8,8.0,random_static_inside,static,static,,,114,0.9996
beta_8,8.0,random_static_inside,static,static,,,115,0.9996
beta_8,8.0,random_static_inside,static,static,,,116,0.9996
beta_8,8.0,random_static_inside,static,static,,,117,0.9996
beta_8,8.0,random_static_inside,static,static,,,118,0.9998
beta_8,8.0,random_static_inside,static,static,,,119,0.9998
beta_8,8.0,random_static_inside,static,static,,,120,0.9998
beta_8,8.0,random_static_inside,static,static,,,121,0.9998
beta_8,8.0,random_static_inside,static,static,,,122,0.9998
beta_8,8.0,random_static_inside,static,static,,,123,0.9998
beta_8,8.0,random_static_inside,static,static,,,124,0.9998
beta_8,8.0,random_static_inside,static,static,,,125,0.9998
beta_8,8.0,random_static_inside,static,static,,,126,0.9998
beta_8,8.0,random_static_inside,static,static,,,127,0.9998
beta_8,8.0,random_static_inside,static,static,,,128,0.9998
beta_8,8.0,random_static_inside,static,static,,,129,0.9998
beta_8,8.0,random_static_inside,static,static,,,130,0.9998
beta_8,8.0,random_static_inside,static,static,,,131,0.9998
beta_8,8.0,random_static_inside,static,static,,,132,0.9998
beta_8,8.0,random_static_inside,static,static,,,133,0.9998
beta_8,8.0,random_static_inside,static,static,,,134,0.9998
beta_8,8.0,random_static_inside,static,static,,,135,0.9998
beta_8,8.0,random_static_inside,static,static,,,136,0.9998
beta_8,8.0,random_static_inside,static,static,,,137,0.9998
beta_8,8.0,random_static_inside,static,static,,,138,0.9998
beta_8,8.0,random_static_inside,static,static,,,139,0.9998
beta_8,8.0,random_static_inside,static,static,,,140,0.9998
beta_8,8.0,random_static_inside,static,static,,,141,0.9998
beta_8,8.0,random_static_inside,static,static,,,142,0.9998
beta_8,8.0,random_static_inside,static,static,,,143,0.9998
beta_8,8.0,random_static_inside,static,static,,,144,0.9998
beta_8,8.0,random_static_inside,static,static,,,145,0.9998
beta_8,8.0,random_static_inside,static,static,,,146,0.9998
beta_8,8.0,random_static_inside,static,static,,,147,0.9998
beta_8,8.0,random_static_inside,static,static,,,148,0.9998
beta_8,8.0,random_static_inside,static,static,,,149,0.9998
beta_8,8.0,random_static_inside,static,static,,,150,0.9998
beta_8,8.0,random_static_inside,static,static,,,151,0.9998
beta_8,8.0,random_static_inside,static,static,,,152,0.9998
beta_8,8.0,random_static_inside,static,static,,,153,0.9998
beta_8,8.0,random_static_inside,static,static,,,154,0.9998
beta_8,8.0,random_static_inside,static,static,,,155,0.9998
beta_8,8.0,random_static_inside,static,static,,,156,0.9998
beta_8,8.0,random_static_inside,static,static,,,157,0.9998
beta_8,8.0,random_static_inside,static,static,,,158,0.9998
beta_8,8.0,random_static_inside,static,static,,,159,0.9998
beta_8,8.0,random_static_inside,static,static,,,160,0.9998
beta_8,8.0,random_static_inside,static,static,,,161,0.9998
beta_8,8.0,random_static_inside,static,static,,,162,0.9998
beta_8,8.0,random_static_inside,static,static,,,163,0.9998
beta_8,8.0,random_static_inside,static,static,,,164,0.9998
beta_8,8.0,random_static_inside,static,static,,,165,0.9998
beta_8,8.0,random_static_inside,static,static,,,166,0.9998
beta_8,8.0,random_static_inside,static,static,,,167,0.9998
beta_8,8.0,random_static_inside,static,static,,,168,0.9998
beta_8,8.0,random_static_inside,static,static,,,169,0.9998
beta_8,8.0,random_static_inside,static,static,,,170,0.9998
beta_8,8.0,random_static_inside,static,static,,,171,0.9998
beta_8,8.0,random_static_inside,static,static,,,172,0.9998
beta_8,8.0,random_static_inside,static,static,,,173,0.9998
beta_8,8.0,random_static_inside,static,static,,,174,0.9998
beta_8,8.0,random_static_inside,static,static,,,175,0.9998
beta_8,8.0,random_static_inside,static,static,,,176,0.9998
beta_8,8.0,random_static_inside,static,static,,,177,0.9998
beta_8,8.0,random_static_inside,static,static,,,178,0.9998
beta_8,8.0,random_static_inside,static,static,,,179,0.9998
beta_8,8.0,random_static_inside,static,static,,,180,0.9998
beta_8,8.0,random_static_inside,static,static,,,181,0.9998
beta_8,8.0,random_static_inside,static,static,,,182,0.9998
beta_8,8.0,random_static_inside,static,static,,,183,0.9998
beta_8,8.0,random_static_inside,static,static,,,184,0.9998
beta_8,8.0,random_static_inside,static,static,,,185,1.0
beta_8,8.0,random_static_inside,static,static,,,186,1.0
beta_8,8.0,random_static_inside,static,static,,,187,1.0
beta_8,8.0,random_static_inside,static,static,,,188,1.0
beta_8,8.0,random_static_inside,static,static,,,189,1.0
beta_8,8.0,random_static_inside,static,static,,,190,1.0
beta_8,8.0,random_static_inside,static,static,,,191,1.0
beta_8,8.0,random_static_inside,static,static,,,192,1.0
beta_8,8.0,random_static_inside,static,static,,,193,1.0
beta_8,8.0,random_static_inside,static,static,,,194,1.0
beta_8,8.0,random_static_inside,static,static,,,195,1.0
beta_8,8.0,random_static_inside,static,static,,,196,1.0
beta_8,8.0,random_static_inside,static,static,,,197,1.0
beta_8,8.0,random_static_inside,static,static,,,198,1.0
beta_8,8.0,random_static_inside,static,static,,,199,1.0
beta_8,8.0,random_static_inside,static,static,,,200,1.0
beta_8,8.0,random_static_inside,primary_baseline,band_mix,0.045,,1,0.0
beta_8,8.0,random_static_inside,primary_baseline,band_mix,0.045,,2,0.0
beta_8,8.0,random_static_inside,primary_baseline,band_mix,0.045,,3,0.0
beta_8,8.0,random_static_inside,primary_baseline,band_mix,0.045,,4,0.0
beta_8,8.0,random_static_inside,primary_baseline,band_mix,0.045,,5,0.0
beta_8,8.0,random_static_inside,primary_baseline,band_mix,0.045,,6,0.0
beta_8,8.0,random_static_inside,primary_baseline,band_mix,0.045,,7,0.0
beta_8,8.0,random_static_inside,primary_baseline,band_mix,0.045,,8,0.0
beta_8,8.0,random_static_inside,primary_baseline,band_mix,0.045,,9,0.0
beta_8,8.0,random_static_inside,primary_baseline,band_mix,0.045,,10,0.0
beta_8,8.0,random_static_inside,primary_baseline,band_mix,0.045,,11,0.0
beta_8,8.0,random_static_inside,primary_baseline,band_mix,0.045,,12,0.0
beta_8,8.0,random_static_inside,primary_baseline,band_mix,0.045,,13,0.0
beta_8,8.0,random_static_inside,primary_baseline,band_mix,0.045,,14,0.0
beta_8,8.0,random_static_inside,primary_baseline,band_mix,0.045,,15,0.0
beta_8,8.0,random_static_inside,primary_baseline,band_mix,0.045,,16,0.0
beta_8,8.0,random_static_inside,primary_baseline,band_mix,0.045,,17,0.0
beta_8,8.0,random_static_inside,primary_baseline,band_mix,0.045,,18,0.0004
beta_8,8.0,random_static_inside,primary_baseline,band_mix,0.045,,19,0.0046
beta_8,8.0,random_static_inside,primary_baseline,band_mix,0.045,,20,0.0144
beta_8,8.0,random_static_inside,primary_baseline,band_mix,0.045,,21,0.0302
beta_8,8.0,random_static_inside,primary_baseline,band_mix,0.045,,22,0.0584
beta_8,8.0,random_static_inside,primary_baseline,band_mix,0.045,,23,0.0896
beta_8,8.0,random_static_inside,primary_baseline,band_mix,0.045,,24,0.1236
beta_8,8.0,random_static_inside,primary_baseline,band_mix,0.045,,25,0.164
beta_8,8.0,random_static_inside,primary_baseline,band_mix,0.045,,26,0.2022
beta_8,8.0,random_static_inside,primary_baseline,band_mix,0.045,,27,0.2468
beta_8,8.0,random_static_inside,primary_baseline,band_mix,0.045,,28,0.2886
beta_8,8.0,random_static_inside,primary_baseline,band_mix,0.045,,29,0.3248
beta_8,8.0,random_static_inside,primary_baseline,band_mix,0.045,,30,0.366
beta_8,8.0,random_static_inside,primary_baseline,band_mix,0.045,,31,0.406
beta_8,8.0,random_static_inside,primary_baseline,band_mix,0.045,,32,0.4478
beta_8,8.0,random_static_inside,primary_baseline,band_mix,0.045,,33,0.4822
beta_8,8.0,random_static_inside,primary_baseline,band_mix,0.045,,34,0.5116
beta_8,8.0,random_static_inside,primary_baseline,band_mix,0.045,,35,0.5364
beta_8,8.0,random_static_inside,primary_baseline,band_mix,0.045,,36,0.5584
beta_8,8.0,random_static_inside,primary_baseline,band_mix,0.045,,37,0.578
beta_8,8.0,random_static_inside,primary_baseline,band_mix,0.045,,38,0.6044
beta_8,8.0,random_static_inside,primary_baseline,band_mix,0.045,,39,0.63
beta_8,8.0,random_static_inside,primary_baseline,band_mix,0.045,,40,0.648
beta_8,8.0,random_static_inside,primary_baseline,band_mix,0.045,,41,0.6644
beta_8,8.0,random_static_inside,primary_baseline,band_mix,0.045,,42,0.6816
beta_8,8.0,random_static_inside,primary_baseline,band_mix,0.045,,43,0.6988
beta_8,8.0,random_static_inside,primary_baseline,band_mix,0.045,,44,0.7122
beta_8,8.0,random_static_inside,primary_baseline,band_mix,0.045,,45,0.7274
beta_8,8.0,random_static_inside,primary_baseline,band_mix,0.045,,46,0.7408
beta_8,8.0,random_static_inside,primary_baseline,band_mix,0.045,,47,0.7532
beta_8,8.0,random_static_inside,primary_baseline,band_mix,0.045,,48,0.7628
beta_8,8.0,random_static_inside,primary_baseline,band_mix,0.045,,49,0.7734
beta_8,8.0,random_static_inside,primary_baseline,band_mix,0.045,,50,0.784
beta_8,8.0,random_static_inside,primary_baseline,band_mix,0.045,,51,0.7928
beta_8,8.0,random_static_inside,primary_baseline,band_mix,0.045,,52,0.8024
beta_8,8.0,random_static_inside,primary_baseline,band_mix,0.045,,53,0.8094
beta_8,8.0,random_static_inside,primary_baseline,band_mix,0.045,,54,0.8168
beta_8,8.0,random_static_inside,primary_baseline,band_mix,0.045,,55,0.8232
beta_8,8.0,random_static_inside,primary_baseline,band_mix,0.045,,56,0.8308
beta_8,8.0,random_static_inside,primary_baseline,band_mix,0.045,,57,0.8372
beta_8,8.0,random_static_inside,primary_baseline,band_mix,0.045,,58,0.8442
beta_8,8.0,random_static_inside,primary_baseline,band_mix,0.045,,59,0.85
beta_8,8.0,random_static_inside,primary_baseline,band_mix,0.045,,60,0.8544
beta_8,8.0,random_static_inside,primary_baseline,band_mix,0.045,,61,0.8592
beta_8,8.0,random_static_inside,primary_baseline,band_mix,0.045,,62,0.8616
beta_8,8.0,random_static_inside,primary_baseline,band_mix,0.045,,63,0.8648
beta_8,8.0,random_static_inside,primary_baseline,band_mix,0.045,,64,0.8694
beta_8,8.0,random_static_inside,primary_baseline,band_mix,0.045,,65,0.8748
beta_8,8.0,random_static_inside,primary_baseline,band_mix,0.045,,66,0.877
beta_8,8.0,random_static_inside,primary_baseline,band_mix,0.045,,67,0.88
beta_8,8.0,random_static_inside,primary_baseline,band_mix,0.045,,68,0.8822
beta_8,8.0,random_static_inside,primary_baseline,band_mix,0.045,,69,0.8858
beta_8,8.0,random_static_inside,primary_baseline,band_mix,0.045,,70,0.8888
beta_8,8.0,random_static_inside,primary_baseline,band_mix,0.045,,71,0.892
beta_8,8.0,random_static_inside,primary_baseline,band_mix,0.045,,72,0.8954
beta_8,8.0,random_static_inside,primary_baseline,band_mix,0.045,,73,0.8988
beta_8,8.0,random_static_inside,primary_baseline,band_mix,0.045,,74,0.901
beta_8,8.0,random_static_inside,primary_baseline,band_mix,0.045,,75,0.9028
beta_8,8.0,random_static_inside,primary_baseline,band_mix,0.045,,76,0.905
beta_8,8.0,random_static_inside,primary_baseline,band_mix,0.045,,77,0.9066
beta_8,8.0,random_static_inside,primary_baseline,band_mix,0.045,,78,0.9092
beta_8,8.0,random_static_inside,primary_baseline,band_mix,0.045,,79,0.9118
beta_8,8.0,random_static_inside,primary_baseline,band_mix,0.045,,80,0.9134
beta_8,8.0,random_static_inside,primary_baseline,band_mix,0.045,,81,0.9146
beta_8,8.0,random_static_inside,primary_baseline,band_mix,0.045,,82,0.9164
beta_8,8.0,random_static_inside,primary_baseline,band_mix,0.045,,83,0.9182
beta_8,8.0,random_static_inside,primary_baseline,band_mix,0.045,,84,0.9214
beta_8,8.0,random_static_inside,primary_baseline,band_mix,0.045,,85,0.9226
beta_8,8.0,random_static_inside,primary_baseline,band_mix,0.045,,86,0.9242
beta_8,8.0,random_static_inside,primary_baseline,band_mix,0.045,,87,0.9252
beta_8,8.0,random_static_inside,primary_baseline,band_mix,0.045,,88,0.926
beta_8,8.0,random_static_inside,primary_baseline,band_mix,0.045,,89,0.927
beta_8,8.0,random_static_inside,primary_baseline,band_mix,0.045,,90,0.9272
beta_8,8.0,random_static_inside,primary_baseline,band_mix,0.045,,91,0.9286
beta_8,8.0,random_static_inside,primary_baseline,band_mix,0.045,,92,0.9292
beta_8,8.0,random_static_inside,primary_baseline,band_mix,0.045,,93,0.93
beta_8,8.0,random_static_inside,primary_baseline,band_mix,0.045,,94,0.931
beta_8,8.0,random_static_inside,primary_baseline,band_mix,0.045,,95,0.9322
beta_8,8.0,random_static_inside,primary_baseline,band_mix,0.045,,96,0.9338
beta_8,8.0,random_static_inside,primary_baseline,band_mix,0.045,,97,0.935
beta_8,8.0,random_static_inside,primary_baseline,band_mix,0.045,,98,0.9358
beta_8,8.0,random_static_inside,primary_baseline,band_mix,0.045,,99,0.9368
beta_8,8.0,random_static_inside,primary_baseline,band_mix,0.045,,100,0.9382
beta_8,8.0,random_static_inside,primary_baseline,band_mix,0.045,,101,0.9386
beta_8,8.0,random_static_inside,primary_baseline,band_mix,0.045,,102,0.9392
beta_8,8.0,random_static_inside,primary_baseline,band_mix,0.045,,103,0.9402
beta_8,8.0,random_static_inside,primary_baseline,band_mix,0.045,,104,0.9406
beta_8,8.0,random_static_inside,primary_baseline,band_mix,0.045,,105,0.941
beta_8,8.0,random_static_inside,primary_baseline,band_mix,0.045,,106,0.941
beta_8,8.0,random_static_inside,primary_baseline,band_mix,0.045,,107,0.9412
beta_8,8.0,random_static_inside,primary_baseline,band_mix,0.045,,108,0.9424
beta_8,8.0,random_static_inside,primary_baseline,band_mix,0.045,,109,0.9438
beta_8,8.0,random_static_inside,primary_baseline,band_mix,0.045,,110,0.9444
beta_8,8.0,random_static_inside,primary_baseline,band_mix,0.045,,111,0.9448
beta_8,8.0,random_static_inside,primary_baseline,band_mix,0.045,,112,0.9452
beta_8,8.0,random_static_inside,primary_baseline,band_mix,0.045,,113,0.9456
beta_8,8.0,random_static_inside,primary_baseline,band_mix,0.045,,114,0.9464
beta_8,8.0,random_static_inside,primary_baseline,band_mix,0.045,,115,0.947
beta_8,8.0,random_static_inside,primary_baseline,band_mix,0.045,,116,0.9472
beta_8,8.0,random_static_inside,primary_baseline,band_mix,0.045,,117,0.9474
beta_8,8.0,random_static_inside,primary_baseline,band_mix,0.045,,118,0.9474
beta_8,8.0,random_static_inside,primary_baseline,band_mix,0.045,,119,0.9478
beta_8,8.0,random_static_inside,primary_baseline,band_mix,0.045,,120,0.9484
beta_8,8.0,random_static_inside,primary_baseline,band_mix,0.045,,121,0.9492
beta_8,8.0,random_static_inside,primary_baseline,band_mix,0.045,,122,0.9498
beta_8,8.0,random_static_inside,primary_baseline,band_mix,0.045,,123,0.951
beta_8,8.0,random_static_inside,primary_baseline,band_mix,0.045,,124,0.9512
beta_8,8.0,random_static_inside,primary_baseline,band_mix,0.045,,125,0.9514
beta_8,8.0,random_static_inside,primary_baseline,band_mix,0.045,,126,0.9518
beta_8,8.0,random_static_inside,primary_baseline,band_mix,0.045,,127,0.9524
beta_8,8.0,random_static_inside,primary_baseline,band_mix,0.045,,128,0.953
beta_8,8.0,random_static_inside,primary_baseline,band_mix,0.045,,129,0.953
beta_8,8.0,random_static_inside,primary_baseline,band_mix,0.045,,130,0.953
beta_8,8.0,random_static_inside,primary_baseline,band_mix,0.045,,131,0.9536
beta_8,8.0,random_static_inside,primary_baseline,band_mix,0.045,,132,0.9538
beta_8,8.0,random_static_inside,primary_baseline,band_mix,0.045,,133,0.9546
beta_8,8.0,random_static_inside,primary_baseline,band_mix,0.045,,134,0.9548
beta_8,8.0,random_static_inside,primary_baseline,band_mix,0.045,,135,0.955
beta_8,8.0,random_static_inside,primary_baseline,band_mix,0.045,,136,0.9552
beta_8,8.0,random_static_inside,primary_baseline,band_mix,0.045,,137,0.9558
beta_8,8.0,random_static_inside,primary_baseline,band_mix,0.045,,138,0.956
beta_8,8.0,random_static_inside,primary_baseline,band_mix,0.045,,139,0.956
beta_8,8.0,random_static_inside,primary_baseline,band_mix,0.045,,140,0.956
beta_8,8.0,random_static_inside,primary_baseline,band_mix,0.045,,141,0.9566
beta_8,8.0,random_static_inside,primary_baseline,band_mix,0.045,,142,0.9568
beta_8,8.0,random_static_inside,primary_baseline,band_mix,0.045,,143,0.9568
beta_8,8.0,random_static_inside,primary_baseline,band_mix,0.045,,144,0.9568
beta_8,8.0,random_static_inside,primary_baseline,band_mix,0.045,,145,0.9574
beta_8,8.0,random_static_inside,primary_baseline,band_mix,0.045,,146,0.958
beta_8,8.0,random_static_inside,primary_baseline,band_mix,0.045,,147,0.9582
beta_8,8.0,random_static_inside,primary_baseline,band_mix,0.045,,148,0.9586
beta_8,8.0,random_static_inside,primary_baseline,band_mix,0.045,,149,0.9588
beta_8,8.0,random_static_inside,primary_baseline,band_mix,0.045,,150,0.9598
beta_8,8.0,random_static_inside,primary_baseline,band_mix,0.045,,151,0.9602
beta_8,8.0,random_static_inside,primary_baseline,band_mix,0.045,,152,0.9602
beta_8,8.0,random_static_inside,primary_baseline,band_mix,0.045,,153,0.9604
beta_8,8.0,random_static_inside,primary_baseline,band_mix,0.045,,154,0.9606
beta_8,8.0,random_static_inside,primary_baseline,band_mix,0.045,,155,0.9608
beta_8,8.0,random_static_inside,primary_baseline,band_mix,0.045,,156,0.9608
beta_8,8.0,random_static_inside,primary_baseline,band_mix,0.045,,157,0.9614
beta_8,8.0,random_static_inside,primary_baseline,band_mix,0.045,,158,0.9616
beta_8,8.0,random_static_inside,primary_baseline,band_mix,0.045,,159,0.9618
beta_8,8.0,random_static_inside,primary_baseline,band_mix,0.045,,160,0.962
beta_8,8.0,random_static_inside,primary_baseline,band_mix,0.045,,161,0.9626
beta_8,8.0,random_static_inside,primary_baseline,band_mix,0.045,,162,0.9626
beta_8,8.0,random_static_inside,primary_baseline,band_mix,0.045,,163,0.9628
beta_8,8.0,random_static_inside,primary_baseline,band_mix,0.045,,164,0.9628
beta_8,8.0,random_static_inside,primary_baseline,band_mix,0.045,,165,0.9628
beta_8,8.0,random_static_inside,primary_baseline,band_mix,0.045,,166,0.9632
beta_8,8.0,random_static_inside,primary_baseline,band_mix,0.045,,167,0.9636
beta_8,8.0,random_static_inside,primary_baseline,band_mix,0.045,,168,0.9636
beta_8,8.0,random_static_inside,primary_baseline,band_mix,0.045,,169,0.9636
beta_8,8.0,random_static_inside,primary_baseline,band_mix,0.045,,170,0.9636
beta_8,8.0,random_static_inside,primary_baseline,band_mix,0.045,,171,0.9636
beta_8,8.0,random_static_inside,primary_baseline,band_mix,0.045,,172,0.9636
beta_8,8.0,random_static_inside,primary_baseline,band_mix,0.045,,173,0.9642
beta_8,8.0,random_static_inside,primary_baseline,band_mix,0.045,,174,0.9644
beta_8,8.0,random_static_inside,primary_baseline,band_mix,0.045,,175,0.9646
beta_8,8.0,random_static_inside,primary_baseline,band_mix,0.045,,176,0.9648
beta_8,8.0,random_static_inside,primary_baseline,band_mix,0.045,,177,0.9648
beta_8,8.0,random_static_inside,primary_baseline,band_mix,0.045,,178,0.9648
beta_8,8.0,random_static_inside,primary_baseline,band_mix,0.045,,179,0.9652
beta_8,8.0,random_static_inside,primary_baseline,band_mix,0.045,,180,0.9652
beta_8,8.0,random_static_inside,primary_baseline,band_mix,0.045,,181,0.9654
beta_8,8.0,random_static_inside,primary_baseline,band_mix,0.045,,182,0.9654
beta_8,8.0,random_static_inside,primary_baseline,band_mix,0.045,,183,0.9654
beta_8,8.0,random_static_inside,primary_baseline,band_mix,0.045,,184,0.9654
beta_8,8.0,random_static_inside,primary_baseline,band_mix,0.045,,185,0.9654
beta_8,8.0,random_static_inside,primary_baseline,band_mix,0.045,,186,0.966
beta_8,8.0,random_static_inside,primary_baseline,band_mix,0.045,,187,0.966
beta_8,8.0,random_static_inside,primary_baseline,band_mix,0.045,,188,0.966
beta_8,8.0,random_static_inside,primary_baseline,band_mix,0.045,,189,0.9662
beta_8,8.0,random_static_inside,primary_baseline,band_mix,0.045,,190,0.9664
beta_8,8.0,random_static_inside,primary_baseline,band_mix,0.045,,191,0.9664
beta_8,8.0,random_static_inside,primary_baseline,band_mix,0.045,,192,0.9666
beta_8,8.0,random_static_inside,primary_baseline,band_mix,0.045,,193,0.9668
beta_8,8.0,random_static_inside,primary_baseline,band_mix,0.045,,194,0.9668
beta_8,8.0,random_static_inside,primary_baseline,band_mix,0.045,,195,0.967
beta_8,8.0,random_static_inside,primary_baseline,band_mix,0.045,,196,0.967
beta_8,8.0,random_static_inside,primary_baseline,band_mix,0.045,,197,0.9672
beta_8,8.0,random_static_inside,primary_baseline,band_mix,0.045,,198,0.9674
beta_8,8.0,random_static_inside,primary_baseline,band_mix,0.045,,199,0.9674
beta_8,8.0,random_static_inside,primary_baseline,band_mix,0.045,,200,0.9678
beta_8,8.0,random_static_inside,best_grid_T200,band_mix,0.045,,1,0.0
beta_8,8.0,random_static_inside,best_grid_T200,band_mix,0.045,,2,0.0
beta_8,8.0,random_static_inside,best_grid_T200,band_mix,0.045,,3,0.0
beta_8,8.0,random_static_inside,best_grid_T200,band_mix,0.045,,4,0.0
beta_8,8.0,random_static_inside,best_grid_T200,band_mix,0.045,,5,0.0
beta_8,8.0,random_static_inside,best_grid_T200,band_mix,0.045,,6,0.0
beta_8,8.0,random_static_inside,best_grid_T200,band_mix,0.045,,7,0.0
beta_8,8.0,random_static_inside,best_grid_T200,band_mix,0.045,,8,0.0
beta_8,8.0,random_static_inside,best_grid_T200,band_mix,0.045,,9,0.0
beta_8,8.0,random_static_inside,best_grid_T200,band_mix,0.045,,10,0.0
beta_8,8.0,random_static_inside,best_grid_T200,band_mix,0.045,,11,0.0
beta_8,8.0,random_static_inside,best_grid_T200,band_mix,0.045,,12,0.0
beta_8,8.0,random_static_inside,best_grid_T200,band_mix,0.045,,13,0.0
beta_8,8.0,random_static_inside,best_grid_T200,band_mix,0.045,,14,0.0
beta_8,8.0,random_static_inside,best_grid_T200,band_mix,0.045,,15,0.0
beta_8,8.0,random_static_inside,best_grid_T200,band_mix,0.045,,16,0.0
beta_8,8.0,random_static_inside,best_grid_T200,band_mix,0.045,,17,0.0
beta_8,8.0,random_static_inside,best_grid_T200,band_mix,0.045,,18,0.0004
beta_8,8.0,random_static_inside,best_grid_T200,band_mix,0.045,,19,0.0046
beta_8,8.0,random_static_inside,best_grid_T200,band_mix,0.045,,20,0.0144
beta_8,8.0,random_static_inside,best_grid_T200,band_mix,0.045,,21,0.0302
beta_8,8.0,random_static_inside,best_grid_T200,band_mix,0.045,,22,0.0584
beta_8,8.0,random_static_inside,best_grid_T200,band_mix,0.045,,23,0.0896
beta_8,8.0,random_static_inside,best_grid_T200,band_mix,0.045,,24,0.1236
beta_8,8.0,random_static_inside,best_grid_T200,band_mix,0.045,,25,0.164
beta_8,8.0,random_static_inside,best_grid_T200,band_mix,0.045,,26,0.2022
beta_8,8.0,random_static_inside,best_grid_T200,band_mix,0.045,,27,0.2468
beta_8,8.0,random_static_inside,best_grid_T200,band_mix,0.045,,28,0.2886
beta_8,8.0,random_static_inside,best_grid_T200,band_mix,0.045,,29,0.3248
beta_8,8.0,random_static_inside,best_grid_T200,band_mix,0.045,,30,0.366
beta_8,8.0,random_static_inside,best_grid_T200,band_mix,0.045,,31,0.406
beta_8,8.0,random_static_inside,best_grid_T200,band_mix,0.045,,32,0.4478
beta_8,8.0,random_static_inside,best_grid_T200,band_mix,0.045,,33,0.4822
beta_8,8.0,random_static_inside,best_grid_T200,band_mix,0.045,,34,0.5116
beta_8,8.0,random_static_inside,best_grid_T200,band_mix,0.045,,35,0.5364
beta_8,8.0,random_static_inside,best_grid_T200,band_mix,0.045,,36,0.5584
beta_8,8.0,random_static_inside,best_grid_T200,band_mix,0.045,,37,0.578
beta_8,8.0,random_static_inside,best_grid_T200,band_mix,0.045,,38,0.6044
beta_8,8.0,random_static_inside,best_grid_T200,band_mix,0.045,,39,0.63
beta_8,8.0,random_static_inside,best_grid_T200,band_mix,0.045,,40,0.648
beta_8,8.0,random_static_inside,best_grid_T200,band_mix,0.045,,41,0.6644
beta_8,8.0,random_static_inside,best_grid_T200,band_mix,0.045,,42,0.6816
beta_8,8.0,random_static_inside,best_grid_T200,band_mix,0.045,,43,0.6988
beta_8,8.0,random_static_inside,best_grid_T200,band_mix,0.045,,44,0.7122
beta_8,8.0,random_static_inside,best_grid_T200,band_mix,0.045,,45,0.7274
beta_8,8.0,random_static_inside,best_grid_T200,band_mix,0.045,,46,0.7408
beta_8,8.0,random_static_inside,best_grid_T200,band_mix,0.045,,47,0.7532
beta_8,8.0,random_static_inside,best_grid_T200,band_mix,0.045,,48,0.7628
beta_8,8.0,random_static_inside,best_grid_T200,band_mix,0.045,,49,0.7734
beta_8,8.0,random_static_inside,best_grid_T200,band_mix,0.045,,50,0.784
beta_8,8.0,random_static_inside,best_grid_T200,band_mix,0.045,,51,0.7928
beta_8,8.0,random_static_inside,best_grid_T200,band_mix,0.045,,52,0.8024
beta_8,8.0,random_static_inside,best_grid_T200,band_mix,0.045,,53,0.8094
beta_8,8.0,random_static_inside,best_grid_T200,band_mix,0.045,,54,0.8168
beta_8,8.0,random_static_inside,best_grid_T200,band_mix,0.045,,55,0.8232
beta_8,8.0,random_static_inside,best_grid_T200,band_mix,0.045,,56,0.8308
beta_8,8.0,random_static_inside,best_grid_T200,band_mix,0.045,,57,0.8372
beta_8,8.0,random_static_inside,best_grid_T200,band_mix,0.045,,58,0.8442
beta_8,8.0,random_static_inside,best_grid_T200,band_mix,0.045,,59,0.85
beta_8,8.0,random_static_inside,best_grid_T200,band_mix,0.045,,60,0.8544
beta_8,8.0,random_static_inside,best_grid_T200,band_mix,0.045,,61,0.8592
beta_8,8.0,random_static_inside,best_grid_T200,band_mix,0.045,,62,0.8616
beta_8,8.0,random_static_inside,best_grid_T200,band_mix,0.045,,63,0.8648
beta_8,8.0,random_static_inside,best_grid_T200,band_mix,0.045,,64,0.8694
beta_8,8.0,random_static_inside,best_grid_T200,band_mix,0.045,,65,0.8748
beta_8,8.0,random_static_inside,best_grid_T200,band_mix,0.045,,66,0.877
beta_8,8.0,random_static_inside,best_grid_T200,band_mix,0.045,,67,0.88
beta_8,8.0,random_static_inside,best_grid_T200,band_mix,0.045,,68,0.8822
beta_8,8.0,random_static_inside,best_grid_T200,band_mix,0.045,,69,0.8858
beta_8,8.0,random_static_inside,best_grid_T200,band_mix,0.045,,70,0.8888
beta_8,8.0,random_static_inside,best_grid_T200,band_mix,0.045,,71,0.892
beta_8,8.0,random_static_inside,best_grid_T200,band_mix,0.045,,72,0.8954
beta_8,8.0,random_static_inside,best_grid_T200,band_mix,0.045,,73,0.8988
beta_8,8.0,random_static_inside,best_grid_T200,band_mix,0.045,,74,0.901
beta_8,8.0,random_static_inside,best_grid_T200,band_mix,0.045,,75,0.9028
beta_8,8.0,random_static_inside,best_grid_T200,band_mix,0.045,,76,0.905
beta_8,8.0,random_static_inside,best_grid_T200,band_mix,0.045,,77,0.9066
beta_8,8.0,random_static_inside,best_grid_T200,band_mix,0.045,,78,0.9092
beta_8,8.0,random_static_inside,best_grid_T200,band_mix,0.045,,79,0.9118
beta_8,8.0,random_static_inside,best_grid_T200,band_mix,0.045,,80,0.9134
beta_8,8.0,random_static_inside,best_grid_T200,band_mix,0.045,,81,0.9146
beta_8,8.0,random_static_inside,best_grid_T200,band_mix,0.045,,82,0.9164
beta_8,8.0,random_static_inside,best_grid_T200,band_mix,0.045,,83,0.9182
beta_8,8.0,random_static_inside,best_grid_T200,band_mix,0.045,,84,0.9214
beta_8,8.0,random_static_inside,best_grid_T200,band_mix,0.045,,85,0.9226
beta_8,8.0,random_static_inside,best_grid_T200,band_mix,0.045,,86,0.9242
beta_8,8.0,random_static_inside,best_grid_T200,band_mix,0.045,,87,0.9252
beta_8,8.0,random_static_inside,best_grid_T200,band_mix,0.045,,88,0.926
beta_8,8.0,random_static_inside,best_grid_T200,band_mix,0.045,,89,0.927
beta_8,8.0,random_static_inside,best_grid_T200,band_mix,0.045,,90,0.9272
beta_8,8.0,random_static_inside,best_grid_T200,band_mix,0.045,,91,0.9286
beta_8,8.0,random_static_inside,best_grid_T200,band_mix,0.045,,92,0.9292
beta_8,8.0,random_static_inside,best_grid_T200,band_mix,0.045,,93,0.93
beta_8,8.0,random_static_inside,best_grid_T200,band_mix,0.045,,94,0.931
beta_8,8.0,random_static_inside,best_grid_T200,band_mix,0.045,,95,0.9322
beta_8,8.0,random_static_inside,best_grid_T200,band_mix,0.045,,96,0.9338
beta_8,8.0,random_static_inside,best_grid_T200,band_mix,0.045,,97,0.935
beta_8,8.0,random_static_inside,best_grid_T200,band_mix,0.045,,98,0.9358
beta_8,8.0,random_static_inside,best_grid_T200,band_mix,0.045,,99,0.9368
beta_8,8.0,random_static_inside,best_grid_T200,band_mix,0.045,,100,0.9382
beta_8,8.0,random_static_inside,best_grid_T200,band_mix,0.045,,101,0.9386
beta_8,8.0,random_static_inside,best_grid_T200,band_mix,0.045,,102,0.9392
beta_8,8.0,random_static_inside,best_grid_T200,band_mix,0.045,,103,0.9402
beta_8,8.0,random_static_inside,best_grid_T200,band_mix,0.045,,104,0.9406
beta_8,8.0,random_static_inside,best_grid_T200,band_mix,0.045,,105,0.941
beta_8,8.0,random_static_inside,best_grid_T200,band_mix,0.045,,106,0.941
beta_8,8.0,random_static_inside,best_grid_T200,band_mix,0.045,,107,0.9412
beta_8,8.0,random_static_inside,best_grid_T200,band_mix,0.045,,108,0.9424
beta_8,8.0,random_static_inside,best_grid_T200,band_mix,0.045,,109,0.9438
beta_8,8.0,random_static_inside,best_grid_T200,band_mix,0.045,,110,0.9444
beta_8,8.0,random_static_inside,best_grid_T200,band_mix,0.045,,111,0.9448
beta_8,8.0,random_static_inside,best_grid_T200,band_mix,0.045,,112,0.9452
beta_8,8.0,random_static_inside,best_grid_T200,band_mix,0.045,,113,0.9456
beta_8,8.0,random_static_inside,best_grid_T200,band_mix,0.045,,114,0.9464
beta_8,8.0,random_static_inside,best_grid_T200,band_mix,0.045,,115,0.947
beta_8,8.0,random_static_inside,best_grid_T200,band_mix,0.045,,116,0.9472
beta_8,8.0,random_static_inside,best_grid_T200,band_mix,0.045,,117,0.9474
beta_8,8.0,random_static_inside,best_grid_T200,band_mix,0.045,,118,0.9474
beta_8,8.0,random_static_inside,best_grid_T200,band_mix,0.045,,119,0.9478
beta_8,8.0,random_static_inside,best_grid_T200,band_mix,0.045,,120,0.9484
beta_8,8.0,random_static_inside,best_grid_T200,band_mix,0.045,,121,0.9492
beta_8,8.0,random_static_inside,best_grid_T200,band_mix,0.045,,122,0.9498
beta_8,8.0,random_static_inside,best_grid_T200,band_mix,0.045,,123,0.951
beta_8,8.0,random_static_inside,best_grid_T200,band_mix,0.045,,124,0.9512
beta_8,8.0,random_static_inside,best_grid_T200,band_mix,0.045,,125,0.9514
beta_8,8.0,random_static_inside,best_grid_T200,band_mix,0.045,,126,0.9518
beta_8,8.0,random_static_inside,best_grid_T200,band_mix,0.045,,127,0.9524
beta_8,8.0,random_static_inside,best_grid_T200,band_mix,0.045,,128,0.953
beta_8,8.0,random_static_inside,best_grid_T200,band_mix,0.045,,129,0.953
beta_8,8.0,random_static_inside,best_grid_T200,band_mix,0.045,,130,0.953
beta_8,8.0,random_static_inside,best_grid_T200,band_mix,0.045,,131,0.9536
beta_8,8.0,random_static_inside,best_grid_T200,band_mix,0.045,,132,0.9538
beta_8,8.0,random_static_inside,best_grid_T200,band_mix,0.045,,133,0.9546
beta_8,8.0,random_static_inside,best_grid_T200,band_mix,0.045,,134,0.9548
beta_8,8.0,random_static_inside,best_grid_T200,band_mix,0.045,,135,0.955
beta_8,8.0,random_static_inside,best_grid_T200,band_mix,0.045,,136,0.9552
beta_8,8.0,random_static_inside,best_grid_T200,band_mix,0.045,,137,0.9558
beta_8,8.0,random_static_inside,best_grid_T200,band_mix,0.045,,138,0.956
beta_8,8.0,random_static_inside,best_grid_T200,band_mix,0.045,,139,0.956
beta_8,8.0,random_static_inside,best_grid_T200,band_mix,0.045,,140,0.956
beta_8,8.0,random_static_inside,best_grid_T200,band_mix,0.045,,141,0.9566
beta_8,8.0,random_static_inside,best_grid_T200,band_mix,0.045,,142,0.9568
beta_8,8.0,random_static_inside,best_grid_T200,band_mix,0.045,,143,0.9568
beta_8,8.0,random_static_inside,best_grid_T200,band_mix,0.045,,144,0.9568
beta_8,8.0,random_static_inside,best_grid_T200,band_mix,0.045,,145,0.9574
beta_8,8.0,random_static_inside,best_grid_T200,band_mix,0.045,,146,0.958
beta_8,8.0,random_static_inside,best_grid_T200,band_mix,0.045,,147,0.9582
beta_8,8.0,random_static_inside,best_grid_T200,band_mix,0.045,,148,0.9586
beta_8,8.0,random_static_inside,best_grid_T200,band_mix,0.045,,149,0.9588
beta_8,8.0,random_static_inside,best_grid_T200,band_mix,0.045,,150,0.9598
beta_8,8.0,random_static_inside,best_grid_T200,band_mix,0.045,,151,0.9602
beta_8,8.0,random_static_inside,best_grid_T200,band_mix,0.045,,152,0.9602
beta_8,8.0,random_static_inside,best_grid_T200,band_mix,0.045,,153,0.9604
beta_8,8.0,random_static_inside,best_grid_T200,band_mix,0.045,,154,0.9606
beta_8,8.0,random_static_inside,best_grid_T200,band_mix,0.045,,155,0.9608
beta_8,8.0,random_static_inside,best_grid_T200,band_mix,0.045,,156,0.9608
beta_8,8.0,random_static_inside,best_grid_T200,band_mix,0.045,,157,0.9614
beta_8,8.0,random_static_inside,best_grid_T200,band_mix,0.045,,158,0.9616
beta_8,8.0,random_static_inside,best_grid_T200,band_mix,0.045,,159,0.9618
beta_8,8.0,random_static_inside,best_grid_T200,band_mix,0.045,,160,0.962
beta_8,8.0,random_static_inside,best_grid_T200,band_mix,0.045,,161,0.9626
beta_8,8.0,random_static_inside,best_grid_T200,band_mix,0.045,,162,0.9626
beta_8,8.0,random_static_inside,best_grid_T200,band_mix,0.045,,163,0.9628
beta_8,8.0,random_static_inside,best_grid_T200,band_mix,0.045,,164,0.9628
beta_8,8.0,random_static_inside,best_grid_T200,band_mix,0.045,,165,0.9628
beta_8,8.0,random_static_inside,best_grid_T200,band_mix,0.045,,166,0.9632
beta_8,8.0,random_static_inside,best_grid_T200,band_mix,0.045,,167,0.9636
beta_8,8.0,random_static_inside,best_grid_T200,band_mix,0.045,,168,0.9636
beta_8,8.0,random_static_inside,best_grid_T200,band_mix,0.045,,169,0.9636
beta_8,8.0,random_static_inside,best_grid_T200,band_mix,0.045,,170,0.9636
beta_8,8.0,random_static_inside,best_grid_T200,band_mix,0.045,,171,0.9636
beta_8,8.0,random_static_inside,best_grid_T200,band_mix,0.045,,172,0.9636
beta_8,8.0,random_static_inside,best_grid_T200,band_mix,0.045,,173,0.9642
beta_8,8.0,random_static_inside,best_grid_T200,band_mix,0.045,,174,0.9644
beta_8,8.0,random_static_inside,best_grid_T200,band_mix,0.045,,175,0.9646
beta_8,8.0,random_static_inside,best_grid_T200,band_mix,0.045,,176,0.9648
beta_8,8.0,random_static_inside,best_grid_T200,band_mix,0.045,,177,0.9648
beta_8,8.0,random_static_inside,best_grid_T200,band_mix,0.045,,178,0.9648
beta_8,8.0,random_static_inside,best_grid_T200,band_mix,0.045,,179,0.9652
beta_8,8.0,random_static_inside,best_grid_T200,band_mix,0.045,,180,0.9652
beta_8,8.0,random_static_inside,best_grid_T200,band_mix,0.045,,181,0.9654
beta_8,8.0,random_static_inside,best_grid_T200,band_mix,0.045,,182,0.9654
beta_8,8.0,random_static_inside,best_grid_T200,band_mix,0.045,,183,0.9654
beta_8,8.0,random_static_inside,best_grid_T200,band_mix,0.045,,184,0.9654
beta_8,8.0,random_static_inside,best_grid_T200,band_mix,0.045,,185,0.9654
beta_8,8.0,random_static_inside,best_grid_T200,band_mix,0.045,,186,0.966
beta_8,8.0,random_static_inside,best_grid_T200,band_mix,0.045,,187,0.966
beta_8,8.0,random_static_inside,best_grid_T200,band_mix,0.045,,188,0.966
beta_8,8.0,random_static_inside,best_grid_T200,band_mix,0.045,,189,0.9662
beta_8,8.0,random_static_inside,best_grid_T200,band_mix,0.045,,190,0.9664
beta_8,8.0,random_static_inside,best_grid_T200,band_mix,0.045,,191,0.9664
beta_8,8.0,random_static_inside,best_grid_T200,band_mix,0.045,,192,0.9666
beta_8,8.0,random_static_inside,best_grid_T200,band_mix,0.045,,193,0.9668
beta_8,8.0,random_static_inside,best_grid_T200,band_mix,0.045,,194,0.9668
beta_8,8.0,random_static_inside,best_grid_T200,band_mix,0.045,,195,0.967
beta_8,8.0,random_static_inside,best_grid_T200,band_mix,0.045,,196,0.967
beta_8,8.0,random_static_inside,best_grid_T200,band_mix,0.045,,197,0.9672
beta_8,8.0,random_static_inside,best_grid_T200,band_mix,0.045,,198,0.9674
beta_8,8.0,random_static_inside,best_grid_T200,band_mix,0.045,,199,0.9674
beta_8,8.0,random_static_inside,best_grid_T200,band_mix,0.045,,200,0.9678
beta_8,8.0,random_static_inside,oracle,oracle,,,1,0.0
beta_8,8.0,random_static_inside,oracle,oracle,,,2,0.0
beta_8,8.0,random_static_inside,oracle,oracle,,,3,0.2056
beta_8,8.0,random_static_inside,oracle,oracle,,,4,0.5072
beta_8,8.0,random_static_inside,oracle,oracle,,,5,0.688
beta_8,8.0,random_static_inside,oracle,oracle,,,6,0.8018
beta_8,8.0,random_static_inside,oracle,oracle,,,7,0.8734
beta_8,8.0,random_static_inside,oracle,oracle,,,8,0.9202
beta_8,8.0,random_static_inside,oracle,oracle,,,9,0.946
beta_8,8.0,random_static_inside,oracle,oracle,,,10,0.9644
beta_8,8.0,random_static_inside,oracle,oracle,,,11,0.975
beta_8,8.0,random_static_inside,oracle,oracle,,,12,0.9816
beta_8,8.0,random_static_inside,oracle,oracle,,,13,0.9864
beta_8,8.0,random_static_inside,oracle,oracle,,,14,0.9894
beta_8,8.0,random_static_inside,oracle,oracle,,,15,0.991
beta_8,8.0,random_static_inside,oracle,oracle,,,16,0.9928
beta_8,8.0,random_static_inside,oracle,oracle,,,17,0.9942
beta_8,8.0,random_static_inside,oracle,oracle,,,18,0.9954
beta_8,8.0,random_static_inside,oracle,oracle,,,19,0.996
beta_8,8.0,random_static_inside,oracle,oracle,,,20,0.9974
beta_8,8.0,random_static_inside,oracle,oracle,,,21,0.9974
beta_8,8.0,random_static_inside,oracle,oracle,,,22,0.9982
beta_8,8.0,random_static_inside,oracle,oracle,,,23,0.9984
beta_8,8.0,random_static_inside,oracle,oracle,,,24,0.9986
beta_8,8.0,random_static_inside,oracle,oracle,,,25,0.9986
beta_8,8.0,random_static_inside,oracle,oracle,,,26,0.9986
beta_8,8.0,random_static_inside,oracle,oracle,,,27,0.9986
beta_8,8.0,random_static_inside,oracle,oracle,,,28,0.9986
beta_8,8.0,random_static_inside,oracle,oracle,,,29,0.9988
beta_8,8.0,random_static_inside,oracle,oracle,,,30,0.999
beta_8,8.0,random_static_inside,oracle,oracle,,,31,0.9992
beta_8,8.0,random_static_inside,oracle,oracle,,,32,0.9996
beta_8,8.0,random_static_inside,oracle,oracle,,,33,0.9996
beta_8,8.0,random_static_inside,oracle,oracle,,,34,0.9996
beta_8,8.0,random_static_inside,oracle,oracle,,,35,0.9996
beta_8,8.0,random_static_inside,oracle,oracle,,,36,0.9996
beta_8,8.0,random_static_inside,oracle,oracle,,,37,0.9996
beta_8,8.0,random_static_inside,oracle,oracle,,,38,0.9996
beta_8,8.0,random_static_inside,oracle,oracle,,,39,0.9996
beta_8,8.0,random_static_inside,oracle,oracle,,,40,0.9996
beta_8,8.0,random_static_inside,oracle,oracle,,,41,0.9996
beta_8,8.0,random_static_inside,oracle,oracle,,,42,0.9996
beta_8,8.0,random_static_inside,oracle,oracle,,,43,0.9996
beta_8,8.0,random_static_inside,oracle,oracle,,,44,0.9996
beta_8,8.0,random_static_inside,oracle,oracle,,,45,0.9996
beta_8,8.0,random_static_inside,oracle,oracle,,,46,0.9996
beta_8,8.0,random_static_inside,oracle,oracle,,,47,0.9996
beta_8,8.0,random_static_inside,oracle,oracle,,,48,0.9996
beta_8,8.0,random_static_inside,oracle,oracle,,,49,0.9996
beta_8,8.0,random_static_inside,oracle,oracle,,,50,0.9996
beta_8,8.0,random_static_inside,oracle,oracle,,,51,0.9996
beta_8,8.0,random_static_inside,oracle,oracle,,,52,0.9996
beta_8,8.0,random_static_inside,oracle,oracle,,,53,0.9996
beta_8,8.0,random_static_inside,oracle,oracle,,,54,0.9996
beta_8,8.0,random_static_inside,oracle,oracle,,,55,0.9996
beta_8,8.0,random_static_inside,oracle,oracle,,,56,0.9996
beta_8,8.0,random_static_inside,oracle,oracle,,,57,0.9996
beta_8,8.0,random_static_inside,oracle,oracle,,,58,0.9996
beta_8,8.0,random_static_inside,oracle,oracle,,,59,0.9996
beta_8,8.0,random_static_inside,oracle,oracle,,,60,0.9996
beta_8,8.0,random_static_inside,oracle,oracle,,,61,0.9996
beta_8,8.0,random_static_inside,oracle,oracle,,,62,0.9996
beta_8,8.0,random_static_inside,oracle,oracle,,,63,0.9996
beta_8,8.0,random_static_inside,oracle,oracle,,,64,0.9998
beta_8,8.0,random_static_inside,oracle,oracle,,,65,0.9998
beta_8,8.0,random_static_inside,oracle,oracle,,,66,0.9998
beta_8,8.0,random_static_inside,oracle,oracle,,,67,0.9998
beta_8,8.0,random_static_inside,oracle,oracle,,,68,0.9998
beta_8,8.0,random_static_inside,oracle,oracle,,,69,0.9998
beta_8,8.0,random_static_inside,oracle,oracle,,,70,0.9998
beta_8,8.0,random_static_inside,oracle,oracle,,,71,0.9998
beta_8,8.0,random_static_inside,oracle,oracle,,,72,0.9998
beta_8,8.0,random_static_inside,oracle,oracle,,,73,0.9998
beta_8,8.0,random_static_inside,oracle,oracle,,,74,0.9998
beta_8,8.0,random_static_inside,oracle,oracle,,,75,0.9998
beta_8,8.0,random_static_inside,oracle,oracle,,,76,0.9998
beta_8,8.0,random_static_inside,oracle,oracle,,,77,0.9998
beta_8,8.0,random_static_inside,oracle,oracle,,,78,0.9998
beta_8,8.0,random_static_inside,oracle,oracle,,,79,0.9998
beta_8,8.0,random_static_inside,oracle,oracle,,,80,0.9998
beta_8,8.0,random_static_inside,oracle,oracle,,,81,0.9998
beta_8,8.0,random_static_inside,oracle,oracle,,,82,0.9998
beta_8,8.0,random_static_inside,oracle,oracle,,,83,0.9998
beta_8,8.0,random_static_inside,oracle,oracle,,,84,0.9998
beta_8,8.0,random_static_inside,oracle,oracle,,,85,0.9998
beta_8,8.0,random_static_inside,oracle,oracle,,,86,0.9998
beta_8,8.0,random_static_inside,oracle,oracle,,,87,0.9998
beta_8,8.0,random_static_inside,oracle,oracle,,,88,0.9998
beta_8,8.0,random_static_inside,oracle,oracle,,,89,0.9998
beta_8,8.0,random_static_inside,oracle,oracle,,,90,0.9998
beta_8,8.0,random_static_inside,oracle,oracle,,,91,0.9998
beta_8,8.0,random_static_inside,oracle,oracle,,,92,0.9998
beta_8,8.0,random_static_inside,oracle,oracle,,,93,0.9998
beta_8,8.0,random_static_inside,oracle,oracle,,,94,1.0
beta_8,8.0,random_static_inside,oracle,oracle,,,95,1.0
beta_8,8.0,random_static_inside,oracle,oracle,,,96,1.0
beta_8,8.0,random_static_inside,oracle,oracle,,,97,1.0
beta_8,8.0,random_static_inside,oracle,oracle,,,98,1.0
beta_8,8.0,random_static_inside,oracle,oracle,,,99,1.0
beta_8,8.0,random_static_inside,oracle,oracle,,,100,1.0
beta_8,8.0,random_static_inside,oracle,oracle,,,101,1.0
beta_8,8.0,random_static_inside,oracle,oracle,,,102,1.0
beta_8,8.0,random_static_inside,oracle,oracle,,,103,1.0
beta_8,8.0,random_static_inside,oracle,oracle,,,104,1.0
beta_8,8.0,random_static_inside,oracle,oracle,,,105,1.0
beta_8,8.0,random_static_inside,oracle,oracle,,,106,1.0
beta_8,8.0,random_static_inside,oracle,oracle,,,107,1.0
beta_8,8.0,random_static_inside,oracle,oracle,,,108,1.0
beta_8,8.0,random_static_inside,oracle,oracle,,,109,1.0
beta_8,8.0,random_static_inside,oracle,oracle,,,110,1.0
beta_8,8.0,random_static_inside,oracle,oracle,,,111,1.0
beta_8,8.0,random_static_inside,oracle,oracle,,,112,1.0
beta_8,8.0,random_static_inside,oracle,oracle,,,113,1.0
beta_8,8.0,random_static_inside,oracle,oracle,,,114,1.0
beta_8,8.0,random_static_inside,oracle,oracle,,,115,1.0
beta_8,8.0,random_static_inside,oracle,oracle,,,116,1.0
beta_8,8.0,random_static_inside,oracle,oracle,,,117,1.0
beta_8,8.0,random_static_inside,oracle,oracle,,,118,1.0
beta_8,8.0,random_static_inside,oracle,oracle,,,119,1.0
beta_8,8.0,random_static_inside,oracle,oracle,,,120,1.0
beta_8,8.0,random_static_inside,oracle,oracle,,,121,1.0
beta_8,8.0,random_static_inside,oracle,oracle,,,122,1.0
beta_8,8.0,random_static_inside,oracle,oracle,,,123,1.0
beta_8,8.0,random_static_inside,oracle,oracle,,,124,1.0
beta_8,8.0,random_static_inside,oracle,oracle,,,125,1.0
beta_8,8.0,random_static_inside,oracle,oracle,,,126,1.0
beta_8,8.0,random_static_inside,oracle,oracle,,,127,1.0
beta_8,8.0,random_static_inside,oracle,oracle,,,128,1.0
beta_8,8.0,random_static_inside,oracle,oracle,,,129,1.0
beta_8,8.0,random_static_inside,oracle,oracle,,,130,1.0
beta_8,8.0,random_static_inside,oracle,oracle,,,131,1.0
beta_8,8.0,random_static_inside,oracle,oracle,,,132,1.0
beta_8,8.0,random_static_inside,oracle,oracle,,,133,1.0
beta_8,8.0,random_static_inside,oracle,oracle,,,134,1.0
beta_8,8.0,random_static_inside,oracle,oracle,,,135,1.0
beta_8,8.0,random_static_inside,oracle,oracle,,,136,1.0
beta_8,8.0,random_static_inside,oracle,oracle,,,137,1.0
beta_8,8.0,random_static_inside,oracle,oracle,,,138,1.0
beta_8,8.0,random_static_inside,oracle,oracle,,,139,1.0
beta_8,8.0,random_static_inside,oracle,oracle,,,140,1.0
beta_8,8.0,random_static_inside,oracle,oracle,,,141,1.0
beta_8,8.0,random_static_inside,oracle,oracle,,,142,1.0
beta_8,8.0,random_static_inside,oracle,oracle,,,143,1.0
beta_8,8.0,random_static_inside,oracle,oracle,,,144,1.0
beta_8,8.0,random_static_inside,oracle,oracle,,,145,1.0
beta_8,8.0,random_static_inside,oracle,oracle,,,146,1.0
beta_8,8.0,random_static_inside,oracle,oracle,,,147,1.0
beta_8,8.0,random_static_inside,oracle,oracle,,,148,1.0
beta_8,8.0,random_static_inside,oracle,oracle,,,149,1.0
beta_8,8.0,random_static_inside,oracle,oracle,,,150,1.0
beta_8,8.0,random_static_inside,oracle,oracle,,,151,1.0
beta_8,8.0,random_static_inside,oracle,oracle,,,152,1.0
beta_8,8.0,random_static_inside,oracle,oracle,,,153,1.0
beta_8,8.0,random_static_inside,oracle,oracle,,,154,1.0
beta_8,8.0,random_static_inside,oracle,oracle,,,155,1.0
beta_8,8.0,random_static_inside,oracle,oracle,,,156,1.0
beta_8,8.0,random_static_inside,oracle,oracle,,,157,1.0
beta_8,8.0,random_static_inside,oracle,oracle,,,158,1.0
beta_8,8.0,random_static_inside,oracle,oracle,,,159,1.0
beta_8,8.0,random_static_inside,oracle,oracle,,,160,1.0
beta_8,8.0,random_static_inside,oracle,oracle,,,161,1.0
beta_8,8.0,random_static_inside,oracle,oracle,,,162,1.0
beta_8,8.0,random_static_inside,oracle,oracle,,,163,1.0
beta_8,8.0,random_static_inside,oracle,oracle,,,164,1.0
beta_8,8.0,random_static_inside,oracle,oracle,,,165,1.0
beta_8,8.0,random_static_inside,oracle,oracle,,,166,1.0
beta_8,8.0,random_static_inside,oracle,oracle,,,167,1.0
beta_8,8.0,random_static_inside,oracle,oracle,,,168,1.0
beta_8,8.0,random_static_inside,oracle,oracle,,,169,1.0
beta_8,8.0,random_static_inside,oracle,oracle,,,170,1.0
beta_8,8.0,random_static_inside,oracle,oracle,,,171,1.0
beta_8,8.0,random_static_inside,oracle,oracle,,,172,1.0
beta_8,8.0,random_static_inside,oracle,oracle,,,173,1.0
beta_8,8.0,random_static_inside,oracle,oracle,,,174,1.0
beta_8,8.0,random_static_inside,oracle,oracle,,,175,1.0
beta_8,8.0,random_static_inside,oracle,oracle,,,176,1.0
beta_8,8.0,random_static_inside,oracle,oracle,,,177,1.0
beta_8,8.0,random_static_inside,oracle,oracle,,,178,1.0
beta_8,8.0,random_static_inside,oracle,oracle,,,179,1.0
beta_8,8.0,random_static_inside,oracle,oracle,,,180,1.0
beta_8,8.0,random_static_inside,oracle,oracle,,,181,1.0
beta_8,8.0,random_static_inside,oracle,oracle,,,182,1.0
beta_8,8.0,random_static_inside,oracle,oracle,,,183,1.0
beta_8,8.0,random_static_inside,oracle,oracle,,,184,1.0
beta_8,8.0,random_static_inside,oracle,oracle,,,185,1.0
beta_8,8.0,random_static_inside,oracle,oracle,,,186,1.0
beta_8,8.0,random_static_inside,oracle,oracle,,,187,1.0
beta_8,8.0,random_static_inside,oracle,oracle,,,188,1.0
beta_8,8.0,random_static_inside,oracle,oracle,,,189,1.0
beta_8,8.0,random_static_inside,oracle,oracle,,,190,1.0
beta_8,8.0,random_static_inside,oracle,oracle,,,191,1.0
beta_8,8.0,random_static_inside,oracle,oracle,,,192,1.0
beta_8,8.0,random_static_inside,oracle,oracle,,,193,1.0
beta_8,8.0,random_static_inside,oracle,oracle,,,194,1.0
beta_8,8.0,random_static_inside,oracle,oracle,,,195,1.0
beta_8,8.0,random_static_inside,oracle,oracle,,,196,1.0
beta_8,8.0,random_static_inside,oracle,oracle,,,197,1.0
beta_8,8.0,random_static_inside,oracle,oracle,,,198,1.0
beta_8,8.0,random_static_inside,oracle,oracle,,,199,1.0
beta_8,8.0,random_static_inside,oracle,oracle,,,200,1.0
