condition,true_gamma,geometry,pos1,pos2,count,rate
null,,high_outside,31,32,5000,1.0
null,,upper_inside,18,29,1,0.0002
null,,upper_inside,18,30,1,0.0002
null,,upper_inside,19,27,1,0.0002
null,,upper_inside,19,29,2,0.0004
null,,upper_inside,20,26,1,0.0002
null,,upper_inside,20,27,1,0.0002
null,,upper_inside,20,30,1,0.0002
null,,upper_inside,21,26,1,0.0002
null,,upper_inside,21,27,4,0.0008
null,,upper_inside,21,28,9,0.0018
null,,upper_inside,21,29,10,0.002
null,,upper_inside,21,30,7,0.0014
null,,upper_inside,21,31,1,0.0002
null,,upper_inside,22,26,4,0.0008
null,,upper_inside,22,27,9,0.0018
null,,upper_inside,22,28,13,0.0026
null,,upper_inside,22,29,23,0.0046
null,,upper_inside,22,30,22,0.0044
null,,upper_inside,22,31,12,0.0024
null,,upper_inside,22,32,4,0.0008
null,,upper_inside,23,26,1,0.0002
null,,upper_inside,23,27,23,0.0046
null,,upper_inside,23,28,28,0.0056
null,,upper_inside,23,29,47,0.0094
null,,upper_inside,23,30,63,0.0126
null,,upper_inside,23,31,30,0.006
null,,upper_inside,23,32,5,0.001
null,,upper_inside,24,26,2,0.0004
null,,upper_inside,24,27,20,0.004
null,,upper_inside,24,28,50,0.01
null,,upper_inside,24,29,100,0.02
null,,upper_inside,24,30,137,0.0274
null,,upper_inside,24,31,89,0.0178
null,,upper_inside,24,32,33,0.0066
null,,upper_inside,25,27,10,0.002
null,,upper_inside,25,28,57,0.0114
null,,upper_inside,25,29,128,0.0256
null,,upper_inside,25,30,237,0.0474
null,,upper_inside,25,31,174,0.0348
null,,upper_inside,25,32,61,0.0122
null,,upper_inside,26,27,5,0.001
null,,upper_inside,26,28,29,0.0058
null,,upper_inside,26,29,132,0.0264
null,,upper_inside,26,30,301,0.0602
null,,upper_inside,26,31,327,0.0654
null,,upper_inside,26,32,119,0.0238
null,,upper_inside,27,28,18,0.0036
null,,upper_inside,27,29,95,0.019
null,,upper_inside,27,30,287,0.0574
null,,upper_inside,27,31,415,0.083
null,,upper_inside,27,32,203,0.0406
null,,upper_inside,28,29,28,0.0056
null,,upper_inside,28,30,209,0.0418
null,,upper_inside,28,31,377,0.0754
null,,upper_inside,28,32,237,0.0474
null,,upper_inside,29,30,57,0.0114
null,,upper_inside,29,31,251,0.0502
null,,upper_inside,29,32,244,0.0488
null,,upper_inside,30,31,62,0.0124
null,,upper_inside,30,32,140,0.028
null,,upper_inside,31,32,42,0.0084
null,,mixed_inside,1,23,1,0.0002
null,,mixed_inside,1,24,1,0.0002
null,,mixed_inside,1,25,4,0.0008
null,,mixed_inside,1,26,16,0.0032
null,,mixed_inside,1,27,31,0.0062
null,,mixed_inside,1,28,44,0.0088
null,,mixed_inside,1,29,39,0.0078
null,,mixed_inside,1,30,41,0.0082
null,,mixed_inside,1,31,31,0.0062
null,,mixed_inside,1,32,9,0.0018
null,,mixed_inside,2,24,4,0.0008
null,,mixed_inside,2,25,14,0.0028
null,,mixed_inside,2,26,56,0.0112
null,,mixed_inside,2,27,72,0.0144
null,,mixed_inside,2,28,132,0.0264
null,,mixed_inside,2,29,170,0.034
null,,mixed_inside,2,30,164,0.0328
null,,mixed_inside,2,31,89,0.0178
null,,mixed_inside,2,32,24,0.0048
null,,mixed_inside,3,24,1,0.0002
null,,mixed_inside,3,25,25,0.005
null,,mixed_inside,3,26,60,0.012
null,,mixed_inside,3,27,149,0.0298
null,,mixed_inside,3,28,197,0.0394
null,,mixed_inside,3,29,274,0.0548
null,,mixed_inside,3,30,279,0.0558
null,,mixed_inside,3,31,154,0.0308
null,,mixed_inside,3,32,42,0.0084
null,,mixed_inside,4,23,1,0.0002
null,,mixed_inside,4,24,6,0.0012
null,,mixed_inside,4,25,19,0.0038
null,,mixed_inside,4,26,55,0.011
null,,mixed_inside,4,27,125,0.025
null,,mixed_inside,4,28,208,0.0416
null,,mixed_inside,4,29,266,0.0532
null,,mixed_inside,4,30,236,0.0472
null,,mixed_inside,4,31,164,0.0328
null,,mixed_inside,4,32,47,0.0094
null,,mixed_inside,5,23,2,0.0004
null,,mixed_inside,5,24,2,0.0004
null,,mixed_inside,5,25,14,0.0028
null,,mixed_inside,5,26,23,0.0046
null,,mixed_inside,5,27,67,0.0134
null,,mixed_inside,5,28,149,0.0298
null,,mixed_inside,5,29,192,0.0384
null,,mixed_inside,5,30,227,0.0454
null,,mixed_inside,5,31,137,0.0274
null,,mixed_inside,5,32,36,0.0072
null,,mixed_inside,6,25,8,0.0016
null,,mixed_inside,6,26,21,0.0042
null,,mixed_inside,6,27,44,0.0088
null,,mixed_inside,6,28,73,0.0146
null,,mixed_inside,6,29,129,0.0258
null,,mixed_inside,6,30,137,0.0274
null,,mixed_inside,6,31,91,0.0182
null,,mixed_inside,6,32,26,0.0052
null,,mixed_inside,7,26,4,0.0008
null,,mixed_inside,7,27,16,0.0032
null,,mixed_inside,7,28,50,0.01
null,,mixed_inside,7,29,61,0.0122
null,,mixed_inside,7,30,53,0.0106
null,,mixed_inside,7,31,45,0.009
null,,mixed_inside,7,32,13,0.0026
null,,mixed_inside,8,25,2,0.0004
null,,mixed_inside,8,26,1,0.0002
null,,mixed_inside,8,27,7,0.0014
null,,mixed_inside,8,28,14,0.0028
null,,mixed_inside,8,29,21,0.0042
null,,mixed_inside,8,30,21,0.0042
null,,mixed_inside,8,31,17,0.0034
null,,mixed_inside,8,32,7,0.0014
null,,mixed_inside,9,25,2,0.0004
null,,mixed_inside,9,26,1,0.0002
null,,mixed_inside,9,27,1,0.0002
null,,mixed_inside,9,28,6,0.0012
null,,mixed_inside,9,29,6,0.0012
null,,mixed_inside,9,30,3,0.0006
null,,mixed_inside,9,31,7,0.0014
null,,mixed_inside,9,32,2,0.0004
null,,mixed_inside,10,26,1,0.0002
null,,mixed_inside,10,28,1,0.0002
null,,mixed_inside,10,29,1,0.0002
null,,mixed_inside,10,30,3,0.0006
null,,mixed_inside,10,31,2,0.0004
null,,mixed_inside,10,32,1,0.0002
null,,mixed_inside,11,28,1,0.0002
null,,mixed_inside,11,29,1,0.0002
null,,mixed_inside,11,32,1,0.0002
null,,random_static_inside,1,2,76,0.0152
null,,random_static_inside,1,3,51,0.0102
null,,random_static_inside,1,4,42,0.0084
null,,random_static_inside,1,5,34,0.0068
null,,random_static_inside,1,6,30,0.006
null,,random_static_inside,1,7,27,0.0054
null,,random_static_inside,1,8,22,0.0044
null,,random_static_inside,1,9,22,0.0044
null,,random_static_inside,1,10,16,0.0032
null,,random_static_inside,1,11,24,0.0048
null,,random_static_inside,1,12,25,0.005
null,,random_static_inside,1,13,10,0.002
null,,random_static_inside,1,14,22,0.0044
null,,random_static_inside,1,15,20,0.004
null,,random_static_inside,1,16,18,0.0036
null,,random_static_inside,1,17,8,0.0016
null,,random_static_inside,1,18,19,0.0038
null,,random_static_inside,1,19,21,0.0042
null,,random_static_inside,1,20,17,0.0034
null,,random_static_inside,1,21,30,0.006
null,,random_static_inside,1,22,18,0.0036
null,,random_static_inside,1,23,25,0.005
null,,random_static_inside,1,24,26,0.0052
null,,random_static_inside,1,25,17,0.0034
null,,random_static_inside,1,26,34,0.0068
null,,random_static_inside,1,27,31,0.0062
null,,random_static_inside,1,28,30,0.006
null,,random_static_inside,1,29,25,0.005
null,,random_static_inside,1,30,26,0.0052
null,,random_static_inside,1,31,56,0.0112
null,,random_static_inside,1,32,94,0.0188
null,,random_static_inside,2,3,26,0.0052
null,,random_static_inside,2,4,16,0.0032
null,,random_static_inside,2,5,16,0.0032
null,,random_static_inside,2,6,20,0.004
null,,random_static_inside,2,7,16,0.0032
null,,random_static_inside,2,8,9,0.0018
null,,random_static_inside,2,9,9,0.0018
null,,random_static_inside,2,10,9,0.0018
null,,random_static_inside,2,11,11,0.0022
null,,random_static_inside,2,12,11,0.0022
null,,random_static_inside,2,13,18,0.0036
null,,random_static_inside,2,14,12,0.0024
null,,random_static_inside,2,15,9,0.0018
null,,random_static_inside,2,16,12,0.0024
null,,random_static_inside,2,17,11,0.0022
null,,random_static_inside,2,18,10,0.002
null,,random_static_inside,2,19,13,0.0026
null,,random_static_inside,2,20,16,0.0032
null,,random_static_inside,2,21,8,0.0016
null,,random_static_inside,2,22,14,0.0028
null,,random_static_inside,2,23,11,0.0022
null,,random_static_inside,2,24,9,0.0018
null,,random_static_inside,2,25,12,0.0024
null,,random_static_inside,2,26,21,0.0042
null,,random_static_inside,2,27,14,0.0028
null,,random_static_inside,2,28,14,0.0028
null,,random_static_inside,2,29,18,0.0036
null,,random_static_inside,2,30,14,0.0028
null,,random_static_inside,2,31,22,0.0044
null,,random_static_inside,2,32,64,0.0128
null,,random_static_inside,3,4,16,0.0032
null,,random_static_inside,3,5,11,0.0022
null,,random_static_inside,3,6,11,0.0022
null,,random_static_inside,3,7,9,0.0018
null,,random_static_inside,3,8,12,0.0024
null,,random_static_inside,3,9,11,0.0022
null,,random_static_inside,3,10,5,0.001
null,,random_static_inside,3,11,9,0.0018
null,,random_static_inside,3,12,11,0.0022
null,,random_static_inside,3,13,8,0.0016
null,,random_static_inside,3,14,9,0.0018
null,,random_static_inside,3,15,9,0.0018
null,,random_static_inside,3,16,11,0.0022
null,,random_static_inside,3,17,3,0.0006
null,,random_static_inside,3,18,3,0.0006
null,,random_static_inside,3,19,12,0.0024
null,,random_static_inside,3,20,4,0.0008
null,,random_static_inside,3,21,6,0.0012
null,,random_static_inside,3,22,13,0.0026
null,,random_static_inside,3,23,13,0.0026
null,,random_static_inside,3,24,11,0.0022
null,,random_static_inside,3,25,14,0.0028
null,,random_static_inside,3,26,10,0.002
null,,random_static_inside,3,27,15,0.003
null,,random_static_inside,3,28,14,0.0028
null,,random_static_inside,3,29,15,0.003
null,,random_static_inside,3,30,19,0.0038
null,,random_static_inside,3,31,23,0.0046
null,,random_static_inside,3,32,35,0.007
null,,random_static_inside,4,5,11,0.0022
null,,random_static_inside,4,6,10,0.002
null,,random_static_inside,4,7,12,0.0024
null,,random_static_inside,4,8,9,0.0018
null,,random_static_inside,4,9,5,0.001
null,,random_static_inside,4,10,8,0.0016
null,,random_static_inside,4,11,9,0.0018
null,,random_static_inside,4,12,8,0.0016
null,,random_static_inside,4,13,8,0.0016
null,,random_static_inside,4,14,12,0.0024
null,,random_static_inside,4,15,14,0.0028
null,,random_static_inside,4,16,5,0.001
null,,random_static_inside,4,17,11,0.0022
null,,random_static_inside,4,18,3,0.0006
null,,random_static_inside,4,19,5,0.001
null,,random_static_inside,4,20,10,0.002
null,,random_static_inside,4,21,6,0.0012
null,,random_static_inside,4,22,11,0.0022
null,,random_static_inside,4,23,6,0.0012
null,,random_static_inside,4,24,7,0.0014
null,,random_static_inside,4,25,9,0.0018
null,,random_static_inside,4,26,7,0.0014
null,,random_static_inside,4,27,11,0.0022
null,,random_static_inside,4,28,17,0.0034
null,,random_static_inside,4,29,15,0.003
null,,random_static_inside,4,30,17,0.0034
null,,random_static_inside,4,31,12,0.0024
null,,random_static_inside,4,32,27,0.0054
null,,random_static_inside,5,6,13,0.0026
null,,random_static_inside,5,7,9,0.0018
null,,random_static_inside,5,8,12,0.0024
null,,random_static_inside,5,9,8,0.0016
null,,random_static_inside,5,10,8,0.0016
null,,random_static_inside,5,11,6,0.0012
null,,random_static_inside,5,12,3,0.0006
null,,random_static_inside,5,13,8,0.0016
null,,random_static_inside,5,14,6,0.0012
null,,random_static_inside,5,15,6,0.0012
null,,random_static_inside,5,16,8,0.0016
null,,random_static_inside,5,17,7,0.0014
null,,random_static_inside,5,18,6,0.0012
null,,random_static_inside,5,19,5,0.001
null,,random_static_inside,5,20,11,0.0022
null,,random_static_inside,5,21,5,0.001
null,,random_static_inside,5,22,3,0.0006
null,,random_static_inside,5,23,8,0.0016
null,,random_static_inside,5,24,5,0.001
null,,random_static_inside,5,25,8,0.0016
null,,random_static_inside,5,26,9,0.0018
null,,random_static_inside,5,27,8,0.0016
null,,random_static_inside,5,28,6,0.0012
null,,random_static_inside,5,29,13,0.0026
null,,random_static_inside,5,30,7,0.0014
null,,random_static_inside,5,31,13,0.0026
null,,random_static_inside,5,32,31,0.0062
null,,random_static_inside,6,7,10,0.002
null,,random_static_inside,6,8,13,0.0026
null,,random_static_inside,6,9,5,0.001
null,,random_static_inside,6,10,10,0.002
null,,random_static_inside,6,11,5,0.001
null,,random_static_inside,6,12,7,0.0014
null,,random_static_inside,6,13,4,0.0008
null,,random_static_inside,6,14,2,0.0004
null,,random_static_inside,6,15,5,0.001
null,,random_static_inside,6,16,7,0.0014
null,,random_static_inside,6,17,4,0.0008
null,,random_static_inside,6,18,4,0.0008
null,,random_static_inside,6,19,2,0.0004
null,,random_static_inside,6,20,8,0.0016
null,,random_static_inside,6,21,5,0.001
null,,random_static_inside,6,22,4,0.0008
null,,random_static_inside,6,23,8,0.0016
null,,random_static_inside,6,24,5,0.001
null,,random_static_inside,6,25,9,0.0018
null,,random_static_inside,6,26,9,0.0018
null,,random_static_inside,6,27,7,0.0014
null,,random_static_inside,6,28,4,0.0008
null,,random_static_inside,6,29,5,0.001
null,,random_static_inside,6,30,11,0.0022
null,,random_static_inside,6,31,13,0.0026
null,,random_static_inside,6,32,35,0.007
null,,random_static_inside,7,8,5,0.001
null,,random_static_inside,7,9,5,0.001
null,,random_static_inside,7,10,4,0.0008
null,,random_static_inside,7,11,10,0.002
null,,random_static_inside,7,12,4,0.0008
null,,random_static_inside,7,13,4,0.0008
null,,random_static_inside,7,14,5,0.001
null,,random_static_inside,7,15,2,0.0004
null,,random_static_inside,7,16,7,0.0014
null,,random_static_inside,7,17,4,0.0008
null,,random_static_inside,7,18,11,0.0022
null,,random_static_inside,7,19,4,0.0008
null,,random_static_inside,7,20,3,0.0006
null,,random_static_inside,7,21,4,0.0008
null,,random_static_inside,7,22,4,0.0008
null,,random_static_inside,7,23,4,0.0008
null,,random_static_inside,7,24,3,0.0006
null,,random_static_inside,7,25,7,0.0014
null,,random_static_inside,7,26,5,0.001
null,,random_static_inside,7,27,9,0.0018
null,,random_static_inside,7,28,9,0.0018
null,,random_static_inside,7,29,5,0.001
null,,random_static_inside,7,30,11,0.0022
null,,random_static_inside,7,31,18,0.0036
null,,random_static_inside,7,32,27,0.0054
null,,random_static_inside,8,9,7,0.0014
null,,random_static_inside,8,10,7,0.0014
null,,random_static_inside,8,11,8,0.0016
null,,random_static_inside,8,12,6,0.0012
null,,random_static_inside,8,13,4,0.0008
null,,random_static_inside,8,14,7,0.0014
null,,random_static_inside,8,15,5,0.001
null,,random_static_inside,8,16,8,0.0016
null,,random_static_inside,8,17,6,0.0012
null,,random_static_inside,8,18,4,0.0008
null,,random_static_inside,8,19,7,0.0014
null,,random_static_inside,8,20,5,0.001
null,,random_static_inside,8,21,3,0.0006
null,,random_static_inside,8,22,3,0.0006
null,,random_static_inside,8,23,9,0.0018
null,,random_static_inside,8,24,6,0.0012
null,,random_static_inside,8,25,5,0.001
null,,random_static_inside,8,26,5,0.001
null,,random_static_inside,8,27,6,0.0012
null,,random_static_inside,8,28,8,0.0016
null,,random_static_inside,8,29,12,0.0024
null,,random_static_inside,8,30,10,0.002
null,,random_static_inside,8,31,12,0.0024
null,,random_static_inside,8,32,26,0.0052
null,,random_static_inside,9,10,1,0.0002
null,,random_static_inside,9,11,5,0.001
null,,random_static_inside,9,12,6,0.0012
null,,random_static_inside,9,13,9,0.0018
null,,random_static_inside,9,14,5,0.001
null,,random_static_inside,9,15,3,0.0006
null,,random_static_inside,9,16,4,0.0008
null,,random_static_inside,9,17,7,0.0014
null,,random_static_inside,9,18,10,0.002
null,,random_static_inside,9,19,3,0.0006
null,,random_static_inside,9,20,4,0.0008
null,,random_static_inside,9,21,6,0.0012
null,,random_static_inside,9,22,7,0.0014
null,,random_static_inside,9,23,6,0.0012
null,,random_static_inside,9,24,7,0.0014
null,,random_static_inside,9,25,3,0.0006
null,,random_static_inside,9,26,5,0.001
null,,random_static_inside,9,27,5,0.001
null,,random_static_inside,9,28,9,0.0018
null,,random_static_inside,9,29,8,0.0016
null,,random_static_inside,9,30,8,0.0016
null,,random_static_inside,9,31,12,0.0024
null,,random_static_inside,9,32,23,0.0046
null,,random_static_inside,10,11,6,0.0012
null,,random_static_inside,10,12,2,0.0004
null,,random_static_inside,10,13,6,0.0012
null,,random_static_inside,10,14,5,0.001
null,,random_static_inside,10,15,7,0.0014
null,,random_static_inside,10,16,7,0.0014
null,,random_static_inside,10,17,9,0.0018
null,,random_static_inside,10,18,5,0.001
null,,random_static_inside,10,19,3,0.0006
null,,random_static_inside,10,20,6,0.0012
null,,random_static_inside,10,21,8,0.0016
null,,random_static_inside,10,22,5,0.001
null,,random_static_inside,10,23,4,0.0008
null,,random_static_inside,10,24,3,0.0006
null,,random_static_inside,10,25,4,0.0008
null,,random_static_inside,10,26,6,0.0012
null,,random_static_inside,10,27,2,0.0004
null,,random_static_inside,10,28,7,0.0014
null,,random_static_inside,10,29,4,0.0008
null,,random_static_inside,10,30,7,0.0014
null,,random_static_inside,10,31,9,0.0018
null,,random_static_inside,10,32,30,0.006
null,,random_static_inside,11,12,8,0.0016
null,,random_static_inside,11,13,6,0.0012
null,,random_static_inside,11,14,6,0.0012
null,,random_static_inside,11,15,3,0.0006
null,,random_static_inside,11,16,2,0.0004
null,,random_static_inside,11,17,10,0.002
null,,random_static_inside,11,18,3,0.0006
null,,random_static_inside,11,19,5,0.001
null,,random_static_inside,11,20,10,0.002
null,,random_static_inside,11,21,2,0.0004
null,,random_static_inside,11,22,9,0.0018
null,,random_static_inside,11,23,7,0.0014
null,,random_static_inside,11,24,3,0.0006
null,,random_static_inside,11,25,7,0.0014
null,,random_static_inside,11,26,1,0.0002
null,,random_static_inside,11,27,7,0.0014
null,,random_static_inside,11,28,2,0.0004
null,,random_static_inside,11,29,8,0.0016
null,,random_static_inside,11,30,7,0.0014
null,,random_static_inside,11,31,18,0.0036
null,,random_static_inside,11,32,26,0.0052
null,,random_static_inside,12,13,7,0.0014
null,,random_static_inside,12,15,7,0.0014
null,,random_static_inside,12,16,5,0.001
null,,random_static_inside,12,17,2,0.0004
null,,random_static_inside,12,18,1,0.0002
null,,random_static_inside,12,19,3,0.0006
null,,random_static_inside,12,20,5,0.001
null,,random_static_inside,12,21,7,0.0014
null,,random_static_inside,12,22,4,0.0008
null,,random_static_inside,12,23,6,0.0012
null,,random_static_inside,12,24,1,0.0002
null,,random_static_inside,12,25,1,0.0002
null,,random_static_inside,12,26,3,0.0006
null,,random_static_inside,12,27,7,0.0014
null,,random_static_inside,12,28,5,0.001
null,,random_static_inside,12,29,2,0.0004
null,,random_static_inside,12,30,10,0.002
null,,random_static_inside,12,31,9,0.0018
null,,random_static_inside,12,32,20,0.004
null,,random_static_inside,13,14,2,0.0004
null,,random_static_inside,13,15,2,0.0004
null,,random_static_inside,13,16,2,0.0004
null,,random_static_inside,13,17,5,0.001
null,,random_static_inside,13,18,4,0.0008
null,,random_static_inside,13,19,4,0.0008
null,,random_static_inside,13,20,5,0.001
null,,random_static_inside,13,21,3,0.0006
null,,random_static_inside,13,22,3,0.0006
null,,random_static_inside,13,23,5,0.001
null,,random_static_inside,13,24,3,0.0006
null,,random_static_inside,13,25,6,0.0012
null,,random_static_inside,13,26,2,0.0004
null,,random_static_inside,13,28,6,0.0012
null,,random_static_inside,13,29,6,0.0012
null,,random_static_inside,13,30,11,0.0022
null,,random_static_inside,13,31,10,0.002
null,,random_static_inside,13,32,32,0.0064
null,,random_static_inside,14,15,7,0.0014
null,,random_static_inside,14,16,5,0.001
null,,random_static_inside,14,17,3,0.0006
null,,random_static_inside,14,18,5,0.001
null,,random_static_inside,14,19,2,0.0004
null,,random_static_inside,14,20,2,0.0004
null,,random_static_inside,14,21,5,0.001
null,,random_static_inside,14,22,4,0.0008
null,,random_static_inside,14,23,7,0.0014
null,,random_static_inside,14,24,4,0.0008
null,,random_static_inside,14,25,6,0.0012
null,,random_static_inside,14,26,8,0.0016
null,,random_static_inside,14,27,4,0.0008
null,,random_static_inside,14,28,7,0.0014
null,,random_static_inside,14,29,4,0.0008
null,,random_static_inside,14,30,9,0.0018
null,,random_static_inside,14,31,7,0.0014
null,,random_static_inside,14,32,30,0.006
null,,random_static_inside,15,16,2,0.0004
null,,random_static_inside,15,17,3,0.0006
null,,random_static_inside,15,18,4,0.0008
null,,random_static_inside,15,19,3,0.0006
null,,random_static_inside,15,20,3,0.0006
null,,random_static_inside,15,21,5,0.001
null,,random_static_inside,15,22,3,0.0006
null,,random_static_inside,15,23,5,0.001
null,,random_static_inside,15,24,8,0.0016
null,,random_static_inside,15,25,6,0.0012
null,,random_static_inside,15,26,5,0.001
null,,random_static_inside,15,27,9,0.0018
null,,random_static_inside,15,28,8,0.0016
null,,random_static_inside,15,29,3,0.0006
null,,random_static_inside,15,30,4,0.0008
null,,random_static_inside,15,31,6,0.0012
null,,random_static_inside,15,32,18,0.0036
null,,random_static_inside,16,17,4,0.0008
null,,random_static_inside,16,18,3,0.0006
null,,random_static_inside,16,19,4,0.0008
null,,random_static_inside,16,20,3,0.0006
null,,random_static_inside,16,21,4,0.0008
null,,random_static_inside,16,22,3,0.0006
null,,random_static_inside,16,23,6,0.0012
null,,random_static_inside,16,24,2,0.0004
null,,random_static_inside,16,25,6,0.0012
null,,random_static_inside,16,26,5,0.001
null,,random_static_inside,16,27,6,0.0012
null,,random_static_inside,16,28,7,0.0014
null,,random_static_inside,16,29,7,0.0014
null,,random_static_inside,16,30,12,0.0024
null,,random_static_inside,16,31,12,0.0024
null,,random_static_inside,16,32,16,0.0032
null,,random_static_inside,17,18,3,0.0006
null,,random_static_inside,17,19,3,0.0006
null,,random_static_inside,17,20,5,0.001
null,,random_static_inside,17,21,4,0.0008
null,,random_static_inside,17,22,3,0.0006
null,,random_static_inside,17,23,4,0.0008
null,,random_static_inside,17,24,4,0.0008
null,,random_static_inside,17,25,9,0.0018
null,,random_static_inside,17,26,8,0.0016
null,,random_static_inside,17,27,6,0.0012
null,,random_static_inside,17,28,6,0.0012
null,,random_static_inside,17,29,8,0.0016
null,,random_static_inside,17,30,7,0.0014
null,,random_static_inside,17,31,14,0.0028
null,,random_static_inside,17,32,24,0.0048
null,,random_static_inside,18,19,2,0.0004
null,,random_static_inside,18,20,3,0.0006
null,,random_static_inside,18,21,5,0.001
null,,random_static_inside,18,22,2,0.0004
null,,random_static_inside,18,23,2,0.0004
null,,random_static_inside,18,24,6,0.0012
null,,random_static_inside,18,25,2,0.0004
null,,random_static_inside,18,26,12,0.0024
null,,random_static_inside,18,27,2,0.0004
null,,random_static_inside,18,28,6,0.0012
null,,random_static_inside,18,29,11,0.0022
null,,random_static_inside,18,30,8,0.0016
null,,random_static_inside,18,31,12,0.0024
null,,random_static_inside,18,32,13,0.0026
null,,random_static_inside,19,20,2,0.0004
null,,random_static_inside,19,21,4,0.0008
null,,random_static_inside,19,22,2,0.0004
null,,random_static_inside,19,23,5,0.001
null,,random_static_inside,19,24,4,0.0008
null,,random_static_inside,19,25,11,0.0022
null,,random_static_inside,19,26,1,0.0002
null,,random_static_inside,19,27,5,0.001
null,,random_static_inside,19,28,7,0.0014
null,,random_static_inside,19,29,8,0.0016
null,,random_static_inside,19,30,6,0.0012
null,,random_static_inside,19,31,10,0.002
null,,random_static_inside,19,32,21,0.0042
null,,random_static_inside,20,21,6,0.0012
null,,random_static_inside,20,22,2,0.0004
null,,random_static_inside,20,23,7,0.0014
null,,random_static_inside,20,24,5,0.001
null,,random_static_inside,20,25,9,0.0018
null,,random_static_inside,20,26,4,0.0008
null,,random_static_inside,20,27,5,0.001
null,,random_static_inside,20,28,8,0.0016
null,,random_static_inside,20,29,9,0.0018
null,,random_static_inside,20,30,7,0.0014
null,,random_static_inside,20,31,13,0.0026
null,,random_static_inside,20,32,24,0.0048
null,,random_static_inside,21,22,3,0.0006
null,,random_static_inside,21,23,6,0.0012
null,,random_static_inside,21,24,7,0.0014
null,,random_static_inside,21,25,1,0.0002
null,,random_static_inside,21,26,3,0.0006
null,,random_static_inside,21,27,5,0.001
null,,random_static_inside,21,28,8,0.0016
null,,random_static_inside,21,29,8,0.0016
null,,random_static_inside,21,30,14,0.0028
null,,random_static_inside,21,31,6,0.0012
null,,random_static_inside,21,32,28,0.0056
null,,random_static_inside,22,23,4,0.0008
null,,random_static_inside,22,24,8,0.0016
null,,random_static_inside,22,25,3,0.0006
null,,random_static_inside,22,26,8,0.0016
null,,random_static_inside,22,27,7,0.0014
null,,random_static_inside,22,28,7,0.0014
null,,random_static_inside,22,29,8,0.0016
null,,random_static_inside,22,30,13,0.0026
null,,random_static_inside,22,31,11,0.0022
null,,random_static_inside,22,32,26,0.0052
null,,random_static_inside,23,24,3,0.0006
null,,random_static_inside,23,25,6,0.0012
null,,random_static_inside,23,26,4,0.0008
null,,random_static_inside,23,27,5,0.001
null,,random_static_inside,23,28,7,0.0014
null,,random_static_inside,23,29,8,0.0016
null,,random_static_inside,23,30,7,0.0014
null,,random_static_inside,23,31,14,0.0028
null,,random_static_inside,23,32,24,0.0048
null,,random_static_inside,24,25,5,0.001
null,,random_static_inside,24,26,7,0.0014
null,,random_static_inside,24,27,4,0.0008
null,,random_static_inside,24,28,7,0.0014
null,,random_static_inside,24,29,7,0.0014
null,,random_static_inside,24,30,12,0.0024
null,,random_static_inside,24,31,11,0.0022
null,,random_static_inside,24,32,31,0.0062
null,,random_static_inside,25,26,6,0.0012
null,,random_static_inside,25,27,4,0.0008
null,,random_static_inside,25,28,15,0.003
null,,random_static_inside,25,29,13,0.0026
null,,random_static_inside,25,30,9,0.0018
null,,random_static_inside,25,31,14,0.0028
null,,random_static_inside,25,32,24,0.0048
null,,random_static_inside,26,27,11,0.0022
null,,random_static_inside,26,28,6,0.0012
null,,random_static_inside,26,29,7,0.0014
null,,random_static_inside,26,30,8,0.0016
null,,random_static_inside,26,31,12,0.0024
null,,random_static_inside,26,32,42,0.0084
null,,random_static_inside,27,28,9,0.0018
null,,random_static_inside,27,29,16,0.0032
null,,random_static_inside,27,30,15,0.003
null,,random_static_inside,27,31,9,0.0018
null,,random_static_inside,27,32,29,0.0058
null,,random_static_inside,28,29,11,0.0022
null,,random_static_inside,28,30,14,0.0028
null,,random_static_inside,28,31,14,0.0028
null,,random_static_inside,28,32,30,0.006
null,,random_static_inside,29,30,11,0.0022
null,,random_static_inside,29,31,15,0.003
null,,random_static_inside,29,32,34,0.0068
null,,random_static_inside,30,31,20,0.004
null,,random_static_inside,30,32,41,0.0082
null,,random_static_inside,31,32,61,0.0122
beta_2,2.0,high_outside,31,32,5000,1.0
beta_2,2.0,upper_inside,19,28,1,0.0002
beta_2,2.0,upper_inside,19,29,2,0.0004
beta_2,2.0,upper_inside,20,26,4,0.0008
beta_2,2.0,upper_inside,20,27,1,0.0002
beta_2,2.0,upper_inside,20,28,3,0.0006
beta_2,2.0,upper_inside,20,29,2,0.0004
beta_2,2.0,upper_inside,20,30,3,0.0006
beta_2,2.0,upper_inside,21,26,2,0.0004
beta_2,2.0,upper_inside,21,27,5,0.001
beta_2,2.0,upper_inside,21,28,5,0.001
beta_2,2.0,upper_inside,21,29,11,0.0022
beta_2,2.0,upper_inside,21,30,5,0.001
beta_2,2.0,upper_inside,21,31,4,0.0008
beta_2,2.0,upper_inside,22,26,1,0.0002
beta_2,2.0,upper_inside,22,27,11,0.0022
beta_2,2.0,upper_inside,22,28,25,0.005
beta_2,2.0,upper_inside,22,29,28,0.0056
beta_2,2.0,upper_inside,22,30,17,0.0034
beta_2,2.0,upper_inside,22,31,11,0.0022
beta_2,2.0,upper_inside,22,32,5,0.001
beta_2,2.0,upper_inside,23,26,6,0.0012
beta_2,2.0,upper_inside,23,27,15,0.003
beta_2,2.0,upper_inside,23,28,42,0.0084
beta_2,2.0,upper_inside,23,29,55,0.011
beta_2,2.0,upper_inside,23,30,62,0.0124
beta_2,2.0,upper_inside,23,31,25,0.005
beta_2,2.0,upper_inside,23,32,9,0.0018
beta_2,2.0,upper_inside,24,26,4,0.0008
beta_2,2.0,upper_inside,24,27,14,0.0028
beta_2,2.0,upper_inside,24,28,55,0.011
beta_2,2.0,upper_inside,24,29,105,0.021
beta_2,2.0,upper_inside,24,30,148,0.0296
beta_2,2.0,upper_inside,24,31,86,0.0172
beta_2,2.0,upper_inside,24,32,19,0.0038
beta_2,2.0,upper_inside,25,26,1,0.0002
beta_2,2.0,upper_inside,25,27,14,0.0028
beta_2,2.0,upper_inside,25,28,51,0.0102
beta_2,2.0,upper_inside,25,29,144,0.0288
beta_2,2.0,upper_inside,25,30,244,0.0488
beta_2,2.0,upper_inside,25,31,176,0.0352
beta_2,2.0,upper_inside,25,32,65,0.013
beta_2,2.0,upper_inside,26,27,2,0.0004
beta_2,2.0,upper_inside,26,28,37,0.0074
beta_2,2.0,upper_inside,26,29,146,0.0292
beta_2,2.0,upper_inside,26,30,341,0.0682
beta_2,2.0,upper_inside,26,31,299,0.0598
beta_2,2.0,upper_inside,26,32,132,0.0264
beta_2,2.0,upper_inside,27,28,14,0.0028
beta_2,2.0,upper_inside,27,29,103,0.0206
beta_2,2.0,upper_inside,27,30,321,0.0642
beta_2,2.0,upper_inside,27,31,344,0.0688
beta_2,2.0,upper_inside,27,32,196,0.0392
beta_2,2.0,upper_inside,28,29,26,0.0052
beta_2,2.0,upper_inside,28,30,173,0.0346
beta_2,2.0,upper_inside,28,31,385,0.077
beta_2,2.0,upper_inside,28,32,279,0.0558
beta_2,2.0,upper_inside,29,30,50,0.01
beta_2,2.0,upper_inside,29,31,243,0.0486
beta_2,2.0,upper_inside,29,32,210,0.042
beta_2,2.0,upper_inside,30,31,46,0.0092
beta_2,2.0,upper_inside,30,32,123,0.0246
beta_2,2.0,upper_inside,31,32,44,0.0088
beta_2,2.0,mixed_inside,1,24,6,0.0012
beta_2,2.0,mixed_inside,1,25,8,0.0016
beta_2,2.0,mixed_inside,1,26,13,0.0026
beta_2,2.0,mixed_inside,1,27,31,0.0062
beta_2,2.0,mixed_inside,1,28,49,0.0098
beta_2,2.0,mixed_inside,1,29,54,0.0108
beta_2,2.0,mixed_inside,1,30,51,0.0102
beta_2,2.0,mixed_inside,1,31,20,0.004
beta_2,2.0,mixed_inside,1,32,4,0.0008
beta_2,2.0,mixed_inside,2,22,2,0.0004
beta_2,2.0,mixed_inside,2,23,3,0.0006
beta_2,2.0,mixed_inside,2,24,6,0.0012
beta_2,2.0,mixed_inside,2,25,12,0.0024
beta_2,2.0,mixed_inside,2,26,46,0.0092
beta_2,2.0,mixed_inside,2,27,70,0.014
beta_2,2.0,mixed_inside,2,28,129,0.0258
beta_2,2.0,mixed_inside,2,29,193,0.0386
beta_2,2.0,mixed_inside,2,30,138,0.0276
beta_2,2.0,mixed_inside,2,31,103,0.0206
beta_2,2.0,mixed_inside,2,32,21,0.0042
beta_2,2.0,mixed_inside,3,23,3,0.0006
beta_2,2.0,mixed_inside,3,24,5,0.001
beta_2,2.0,mixed_inside,3,25,28,0.0056
beta_2,2.0,mixed_inside,3,26,63,0.0126
beta_2,2.0,mixed_inside,3,27,131,0.0262
beta_2,2.0,mixed_inside,3,28,225,0.045
beta_2,2.0,mixed_inside,3,29,278,0.0556
beta_2,2.0,mixed_inside,3,30,242,0.0484
beta_2,2.0,mixed_inside,3,31,134,0.0268
beta_2,2.0,mixed_inside,3,32,35,0.007
beta_2,2.0,mixed_inside,4,22,1,0.0002
beta_2,2.0,mixed_inside,4,23,1,0.0002
beta_2,2.0,mixed_inside,4,24,10,0.002
beta_2,2.0,mixed_inside,4,25,19,0.0038
beta_2,2.0,mixed_inside,4,26,67,0.0134
beta_2,2.0,mixed_inside,4,27,124,0.0248
beta_2,2.0,mixed_inside,4,28,221,0.0442
beta_2,2.0,mixed_inside,4,29,256,0.0512
beta_2,2.0,mixed_inside,4,30,252,0.0504
beta_2,2.0,mixed_inside,4,31,157,0.0314
beta_2,2.0,mixed_inside,4,32,39,0.0078
beta_2,2.0,mixed_inside,5,24,1,0.0002
beta_2,2.0,mixed_inside,5,25,14,0.0028
beta_2,2.0,mixed_inside,5,26,33,0.0066
beta_2,2.0,mixed_inside,5,27,97,0.0194
beta_2,2.0,mixed_inside,5,28,161,0.0322
beta_2,2.0,mixed_inside,5,29,222,0.0444
beta_2,2.0,mixed_inside,5,30,191,0.0382
beta_2,2.0,mixed_inside,5,31,137,0.0274
beta_2,2.0,mixed_inside,5,32,36,0.0072
beta_2,2.0,mixed_inside,6,23,1,0.0002
beta_2,2.0,mixed_inside,6,24,1,0.0002
beta_2,2.0,mixed_inside,6,25,11,0.0022
beta_2,2.0,mixed_inside,6,26,17,0.0034
beta_2,2.0,mixed_inside,6,27,33,0.0066
beta_2,2.0,mixed_inside,6,28,90,0.018
beta_2,2.0,mixed_inside,6,29,113,0.0226
beta_2,2.0,mixed_inside,6,30,130,0.026
beta_2,2.0,mixed_inside,6,31,87,0.0174
beta_2,2.0,mixed_inside,6,32,31,0.0062
beta_2,2.0,mixed_inside,7,24,1,0.0002
beta_2,2.0,mixed_inside,7,25,2,0.0004
beta_2,2.0,mixed_inside,7,26,7,0.0014
beta_2,2.0,mixed_inside,7,27,22,0.0044
beta_2,2.0,mixed_inside,7,28,41,0.0082
beta_2,2.0,mixed_inside,7,29,43,0.0086
beta_2,2.0,mixed_inside,7,30,66,0.0132
beta_2,2.0,mixed_inside,7,31,34,0.0068
beta_2,2.0,mixed_inside,7,32,13,0.0026
beta_2,2.0,mixed_inside,8,23,1,0.0002
beta_2,2.0,mixed_inside,8,25,1,0.0002
beta_2,2.0,mixed_inside,8,26,2,0.0004
beta_2,2.0,mixed_inside,8,27,1,0.0002
beta_2,2.0,mixed_inside,8,28,13,0.0026
beta_2,2.0,mixed_inside,8,29,24,0.0048
beta_2,2.0,mixed_inside,8,30,32,0.0064
beta_2,2.0,mixed_inside,8,31,9,0.0018
beta_2,2.0,mixed_inside,8,32,5,0.001
beta_2,2.0,mixed_inside,9,25,1,0.0002
beta_2,2.0,mixed_inside,9,27,3,0.0006
beta_2,2.0,mixed_inside,9,28,3,0.0006
beta_2,2.0,mixed_inside,9,29,3,0.0006
beta_2,2.0,mixed_inside,9,30,7,0.0014
beta_2,2.0,mixed_inside,9,31,1,0.0002
beta_2,2.0,mixed_inside,9,32,2,0.0004
beta_2,2.0,mixed_inside,10,27,1,0.0002
beta_2,2.0,mixed_inside,10,29,1,0.0002
beta_2,2.0,mixed_inside,10,30,4,0.0008
beta_2,2.0,mixed_inside,11,29,1,0.0002
beta_2,2.0,random_static_inside,1,2,53,0.0106
beta_2,2.0,random_static_inside,1,3,64,0.0128
beta_2,2.0,random_static_inside,1,4,38,0.0076
beta_2,2.0,random_static_inside,1,5,34,0.0068
beta_2,2.0,random_static_inside,1,6,34,0.0068
beta_2,2.0,random_static_inside,1,7,34,0.0068
beta_2,2.0,random_static_inside,1,8,19,0.0038
beta_2,2.0,random_static_inside,1,9,24,0.0048
beta_2,2.0,random_static_inside,1,10,24,0.0048
beta_2,2.0,random_static_inside,1,11,29,0.0058
beta_2,2.0,random_static_inside,1,12,22,0.0044
beta_2,2.0,random_static_inside,1,13,20,0.004
beta_2,2.0,random_static_inside,1,14,16,0.0032
beta_2,2.0,random_static_inside,1,15,29,0.0058
beta_2,2.0,random_static_inside,1,16,18,0.0036
beta_2,2.0,random_static_inside,1,17,30,0.006
beta_2,2.0,random_static_inside,1,18,31,0.0062
beta_2,2.0,random_static_inside,1,19,17,0.0034
beta_2,2.0,random_static_inside,1,20,26,0.0052
beta_2,2.0,random_static_inside,1,21,22,0.0044
beta_2,2.0,random_static_inside,1,22,23,0.0046
beta_2,2.0,random_static_inside,1,23,19,0.0038
beta_2,2.0,random_static_inside,1,24,28,0.0056
beta_2,2.0,random_static_inside,1,25,27,0.0054
beta_2,2.0,random_static_inside,1,26,31,0.0062
beta_2,2.0,random_static_inside,1,27,29,0.0058
beta_2,2.0,random_static_inside,1,28,28,0.0056
beta_2,2.0,random_static_inside,1,29,31,0.0062
beta_2,2.0,random_static_inside,1,30,45,0.009
beta_2,2.0,random_static_inside,1,31,52,0.0104
beta_2,2.0,random_static_inside,1,32,98,0.0196
beta_2,2.0,random_static_inside,2,3,27,0.0054
beta_2,2.0,random_static_inside,2,4,20,0.004
beta_2,2.0,random_static_inside,2,5,18,0.0036
beta_2,2.0,random_static_inside,2,6,18,0.0036
beta_2,2.0,random_static_inside,2,7,13,0.0026
beta_2,2.0,random_static_inside,2,8,10,0.002
beta_2,2.0,random_static_inside,2,9,16,0.0032
beta_2,2.0,random_static_inside,2,10,8,0.0016
beta_2,2.0,random_static_inside,2,11,9,0.0018
beta_2,2.0,random_static_inside,2,12,10,0.002
beta_2,2.0,random_static_inside,2,13,8,0.0016
beta_2,2.0,random_static_inside,2,14,3,0.0006
beta_2,2.0,random_static_inside,2,15,8,0.0016
beta_2,2.0,random_static_inside,2,16,12,0.0024
beta_2,2.0,random_static_inside,2,17,8,0.0016
beta_2,2.0,random_static_inside,2,18,9,0.0018
beta_2,2.0,random_static_inside,2,19,9,0.0018
beta_2,2.0,random_static_inside,2,20,10,0.002
beta_2,2.0,random_static_inside,2,21,7,0.0014
beta_2,2.0,random_static_inside,2,22,11,0.0022
beta_2,2.0,random_static_inside,2,23,11,0.0022
beta_2,2.0,random_static_inside,2,24,12,0.0024
beta_2,2.0,random_static_inside,2,25,14,0.0028
beta_2,2.0,random_static_inside,2,26,14,0.0028
beta_2,2.0,random_static_inside,2,27,14,0.0028
beta_2,2.0,random_static_inside,2,28,13,0.0026
beta_2,2.0,random_static_inside,2,29,26,0.0052
beta_2,2.0,random_static_inside,2,30,19,0.0038
beta_2,2.0,random_static_inside,2,31,18,0.0036
beta_2,2.0,random_static_inside,2,32,55,0.011
beta_2,2.0,random_static_inside,3,4,13,0.0026
beta_2,2.0,random_static_inside,3,5,14,0.0028
beta_2,2.0,random_static_inside,3,6,15,0.003
beta_2,2.0,random_static_inside,3,7,8,0.0016
beta_2,2.0,random_static_inside,3,8,6,0.0012
beta_2,2.0,random_static_inside,3,9,6,0.0012
beta_2,2.0,random_static_inside,3,10,9,0.0018
beta_2,2.0,random_static_inside,3,11,12,0.0024
beta_2,2.0,random_static_inside,3,12,11,0.0022
beta_2,2.0,random_static_inside,3,13,8,0.0016
beta_2,2.0,random_static_inside,3,14,8,0.0016
beta_2,2.0,random_static_inside,3,15,10,0.002
beta_2,2.0,random_static_inside,3,16,6,0.0012
beta_2,2.0,random_static_inside,3,17,15,0.003
beta_2,2.0,random_static_inside,3,18,11,0.0022
beta_2,2.0,random_static_inside,3,19,13,0.0026
beta_2,2.0,random_static_inside,3,20,4,0.0008
beta_2,2.0,random_static_inside,3,21,7,0.0014
beta_2,2.0,random_static_inside,3,22,7,0.0014
beta_2,2.0,random_static_inside,3,23,11,0.0022
beta_2,2.0,random_static_inside,3,24,16,0.0032
beta_2,2.0,random_static_inside,3,25,9,0.0018
beta_2,2.0,random_static_inside,3,26,13,0.0026
beta_2,2.0,random_static_inside,3,27,4,0.0008
beta_2,2.0,random_static_inside,3,28,7,0.0014
beta_2,2.0,random_static_inside,3,29,11,0.0022
beta_2,2.0,random_static_inside,3,30,17,0.0034
beta_2,2.0,random_static_inside,3,31,18,0.0036
beta_2,2.0,random_static_inside,3,32,40,0.008
beta_2,2.0,random_static_inside,4,5,10,0.002
beta_2,2.0,random_static_inside,4,6,12,0.0024
beta_2,2.0,random_static_inside,4,7,12,0.0024
beta_2,2.0,random_static_inside,4,8,7,0.0014
beta_2,2.0,random_static_inside,4,9,6,0.0012
beta_2,2.0,random_static_inside,4,10,7,0.0014
beta_2,2.0,random_static_inside,4,11,5,0.001
beta_2,2.0,random_static_inside,4,12,9,0.0018
beta_2,2.0,random_static_inside,4,13,16,0.0032
beta_2,2.0,random_static_inside,4,14,5,0.001
beta_2,2.0,random_static_inside,4,15,10,0.002
beta_2,2.0,random_static_inside,4,16,10,0.002
beta_2,2.0,random_static_inside,4,17,7,0.0014
beta_2,2.0,random_static_inside,4,18,2,0.0004
beta_2,2.0,random_static_inside,4,19,5,0.001
beta_2,2.0,random_static_inside,4,20,7,0.0014
beta_2,2.0,random_static_inside,4,21,7,0.0014
beta_2,2.0,random_static_inside,4,22,7,0.0014
beta_2,2.0,random_static_inside,4,23,9,0.0018
beta_2,2.0,random_static_inside,4,24,3,0.0006
beta_2,2.0,random_static_inside,4,25,14,0.0028
beta_2,2.0,random_static_inside,4,26,9,0.0018
beta_2,2.0,random_static_inside,4,27,10,0.002
beta_2,2.0,random_static_inside,4,28,12,0.0024
beta_2,2.0,random_static_inside,4,29,12,0.0024
beta_2,2.0,random_static_inside,4,30,11,0.0022
beta_2,2.0,random_static_inside,4,31,15,0.003
beta_2,2.0,random_static_inside,4,32,27,0.0054
beta_2,2.0,random_static_inside,5,6,9,0.0018
beta_2,2.0,random_static_inside,5,7,8,0.0016
beta_2,2.0,random_static_inside,5,8,5,0.001
beta_2,2.0,random_static_inside,5,9,11,0.0022
beta_2,2.0,random_static_inside,5,10,3,0.0006
beta_2,2.0,random_static_inside,5,11,4,0.0008
beta_2,2.0,random_static_inside,5,12,15,0.003
beta_2,2.0,random_static_inside,5,13,6,0.0012
beta_2,2.0,random_static_inside,5,14,4,0.0008
beta_2,2.0,random_static_inside,5,15,7,0.0014
beta_2,2.0,random_static_inside,5,16,11,0.0022
beta_2,2.0,random_static_inside,5,17,7,0.0014
beta_2,2.0,random_static_inside,5,18,8,0.0016
beta_2,2.0,random_static_inside,5,19,7,0.0014
beta_2,2.0,random_static_inside,5,20,4,0.0008
beta_2,2.0,random_static_inside,5,21,5,0.001
beta_2,2.0,random_static_inside,5,22,5,0.001
beta_2,2.0,random_static_inside,5,23,9,0.0018
beta_2,2.0,random_static_inside,5,24,9,0.0018
beta_2,2.0,random_static_inside,5,25,6,0.0012
beta_2,2.0,random_static_inside,5,26,6,0.0012
beta_2,2.0,random_static_inside,5,27,6,0.0012
beta_2,2.0,random_static_inside,5,28,7,0.0014
beta_2,2.0,random_static_inside,5,29,14,0.0028
beta_2,2.0,random_static_inside,5,30,17,0.0034
beta_2,2.0,random_static_inside,5,31,20,0.004
beta_2,2.0,random_static_inside,5,32,33,0.0066
beta_2,2.0,random_static_inside,6,7,4,0.0008
beta_2,2.0,random_static_inside,6,8,4,0.0008
beta_2,2.0,random_static_inside,6,9,5,0.001
beta_2,2.0,random_static_inside,6,10,7,0.0014
beta_2,2.0,random_static_inside,6,11,3,0.0006
beta_2,2.0,random_static_inside,6,12,11,0.0022
beta_2,2.0,random_static_inside,6,13,10,0.002
beta_2,2.0,random_static_inside,6,14,3,0.0006
beta_2,2.0,random_static_inside,6,15,11,0.0022
beta_2,2.0,random_static_inside,6,16,5,0.001
beta_2,2.0,random_static_inside,6,17,8,0.0016
beta_2,2.0,random_static_inside,6,18,6,0.0012
beta_2,2.0,random_static_inside,6,19,4,0.0008
beta_2,2.0,random_static_inside,6,20,6,0.0012
beta_2,2.0,random_static_inside,6,21,8,0.0016
beta_2,2.0,random_static_inside,6,22,3,0.0006
beta_2,2.0,random_static_inside,6,23,7,0.0014
beta_2,2.0,random_static_inside,6,24,5,0.001
beta_2,2.0,random_static_inside,6,25,5,0.001
beta_2,2.0,random_static_inside,6,26,9,0.0018
beta_2,2.0,random_static_inside,6,27,8,0.0016
beta_2,2.0,random_static_inside,6,28,8,0.0016
beta_2,2.0,random_static_inside,6,29,6,0.0012
beta_2,2.0,random_static_inside,6,30,12,0.0024
beta_2,2.0,random_static_inside,6,31,11,0.0022
beta_2,2.0,random_static_inside,6,32,20,0.004
beta_2,2.0,random_static_inside,7,8,8,0.0016
beta_2,2.0,random_static_inside,7,9,6,0.0012
beta_2,2.0,random_static_inside,7,10,9,0.0018
beta_2,2.0,random_static_inside,7,11,10,0.002
beta_2,2.0,random_static_inside,7,12,9,0.0018
beta_2,2.0,random_static_inside,7,13,2,0.0004
beta_2,2.0,random_static_inside,7,14,4,0.0008
beta_2,2.0,random_static_inside,7,15,8,0.0016
beta_2,2.0,random_static_inside,7,16,12,0.0024
beta_2,2.0,random_static_inside,7,17,3,0.0006
beta_2,2.0,random_static_inside,7,18,7,0.0014
beta_2,2.0,random_static_inside,7,19,5,0.001
beta_2,2.0,random_static_inside,7,20,8,0.0016
beta_2,2.0,random_static_inside,7,21,7,0.0014
beta_2,2.0,random_static_inside,7,22,5,0.001
beta_2,2.0,random_static_inside,7,23,6,0.0012
beta_2,2.0,random_static_inside,7,24,3,0.0006
beta_2,2.0,random_static_inside,7,25,3,0.0006
beta_2,2.0,random_static_inside,7,26,7,0.0014
beta_2,2.0,random_static_inside,7,27,5,0.001
beta_2,2.0,random_static_inside,7,28,8,0.0016
beta_2,2.0,random_static_inside,7,29,9,0.0018
beta_2,2.0,random_static_inside,7,30,9,0.0018
beta_2,2.0,random_static_inside,7,31,9,0.0018
beta_2,2.0,random_static_inside,7,32,24,0.0048
beta_2,2.0,random_static_inside,8,9,3,0.0006
beta_2,2.0,random_static_inside,8,10,5,0.001
beta_2,2.0,random_static_inside,8,11,6,0.0012
beta_2,2.0,random_static_inside,8,12,7,0.0014
beta_2,2.0,random_static_inside,8,13,6,0.0012
beta_2,2.0,random_static_inside,8,14,3,0.0006
beta_2,2.0,random_static_inside,8,15,4,0.0008
beta_2,2.0,random_static_inside,8,16,5,0.001
beta_2,2.0,random_static_inside,8,17,6,0.0012
beta_2,2.0,random_static_inside,8,18,7,0.0014
beta_2,2.0,random_static_inside,8,19,8,0.0016
beta_2,2.0,random_static_inside,8,20,6,0.0012
beta_2,2.0,random_static_inside,8,21,8,0.0016
beta_2,2.0,random_static_inside,8,22,6,0.0012
beta_2,2.0,random_static_inside,8,23,6,0.0012
beta_2,2.0,random_static_inside,8,24,8,0.0016
beta_2,2.0,random_static_inside,8,25,4,0.0008
beta_2,2.0,random_static_inside,8,26,10,0.002
beta_2,2.0,random_static_inside,8,27,6,0.0012
beta_2,2.0,random_static_inside,8,28,6,0.0012
beta_2,2.0,random_static_inside,8,29,12,0.0024
beta_2,2.0,random_static_inside,8,30,4,0.0008
beta_2,2.0,random_static_inside,8,31,9,0.0018
beta_2,2.0,random_static_inside,8,32,30,0.006
beta_2,2.0,random_static_inside,9,10,8,0.0016
beta_2,2.0,random_static_inside,9,11,4,0.0008
beta_2,2.0,random_static_inside,9,12,2,0.0004
beta_2,2.0,random_static_inside,9,13,11,0.0022
beta_2,2.0,random_static_inside,9,14,7,0.0014
beta_2,2.0,random_static_inside,9,15,9,0.0018
beta_2,2.0,random_static_inside,9,16,6,0.0012
beta_2,2.0,random_static_inside,9,17,3,0.0006
beta_2,2.0,random_static_inside,9,18,2,0.0004
beta_2,2.0,random_static_inside,9,19,7,0.0014
beta_2,2.0,random_static_inside,9,21,9,0.0018
beta_2,2.0,random_static_inside,9,22,6,0.0012
beta_2,2.0,random_static_inside,9,23,4,0.0008
beta_2,2.0,random_static_inside,9,24,6,0.0012
beta_2,2.0,random_static_inside,9,25,3,0.0006
beta_2,2.0,random_static_inside,9,26,8,0.0016
beta_2,2.0,random_static_inside,9,27,8,0.0016
beta_2,2.0,random_static_inside,9,28,6,0.0012
beta_2,2.0,random_static_inside,9,29,7,0.0014
beta_2,2.0,random_static_inside,9,30,9,0.0018
beta_2,2.0,random_static_inside,9,31,7,0.0014
beta_2,2.0,random_static_inside,9,32,32,0.0064
beta_2,2.0,random_static_inside,10,11,6,0.0012
beta_2,2.0,random_static_inside,10,12,3,0.0006
beta_2,2.0,random_static_inside,10,13,5,0.001
beta_2,2.0,random_static_inside,10,14,8,0.0016
beta_2,2.0,random_static_inside,10,15,6,0.0012
beta_2,2.0,random_static_inside,10,16,6,0.0012
beta_2,2.0,random_static_inside,10,17,5,0.001
beta_2,2.0,random_static_inside,10,18,3,0.0006
beta_2,2.0,random_static_inside,10,19,5,0.001
beta_2,2.0,random_static_inside,10,20,8,0.0016
beta_2,2.0,random_static_inside,10,21,4,0.0008
beta_2,2.0,random_static_inside,10,22,4,0.0008
beta_2,2.0,random_static_inside,10,23,4,0.0008
beta_2,2.0,random_static_inside,10,24,7,0.0014
beta_2,2.0,random_static_inside,10,25,6,0.0012
beta_2,2.0,random_static_inside,10,26,8,0.0016
beta_2,2.0,random_static_inside,10,27,4,0.0008
beta_2,2.0,random_static_inside,10,28,8,0.0016
beta_2,2.0,random_static_inside,10,29,7,0.0014
beta_2,2.0,random_static_inside,10,30,7,0.0014
beta_2,2.0,random_static_inside,10,31,6,0.0012
beta_2,2.0,random_static_inside,10,32,14,0.0028
beta_2,2.0,random_static_inside,11,12,2,0.0004
beta_2,2.0,random_static_inside,11,13,6,0.0012
beta_2,2.0,random_static_inside,11,14,8,0.0016
beta_2,2.0,random_static_inside,11,15,2,0.0004
beta_2,2.0,random_static_inside,11,16,2,0.0004
beta_2,2.0,random_static_inside,11,17,5,0.001
beta_2,2.0,random_static_inside,11,18,7,0.0014
beta_2,2.0,random_static_inside,11,19,1,0.0002
beta_2,2.0,random_static_inside,11,20,4,0.0008
beta_2,2.0,random_static_inside,11,21,5,0.001
beta_2,2.0,random_static_inside,11,22,9,0.0018
beta_2,2.0,random_static_inside,11,23,2,0.0004
beta_2,2.0,random_static_inside,11,24,5,0.001
beta_2,2.0,random_static_inside,11,25,2,0.0004
beta_2,2.0,random_static_inside,11,26,2,0.0004
beta_2,2.0,random_static_inside,11,27,7,0.0014
beta_2,2.0,random_static_inside,11,28,4,0.0008
beta_2,2.0,random_static_inside,11,29,4,0.0008
beta_2,2.0,random_static_inside,11,30,8,0.0016
beta_2,2.0,random_static_inside,11,31,6,0.0012
beta_2,2.0,random_static_inside,11,32,25,0.005
beta_2,2.0,random_static_inside,12,13,3,0.0006
beta_2,2.0,random_static_inside,12,14,6,0.0012
beta_2,2.0,random_static_inside,12,15,3,0.0006
beta_2,2.0,random_static_inside,12,16,3,0.0006
beta_2,2.0,random_static_inside,12,17,7,0.0014
beta_2,2.0,random_static_inside,12,18,6,0.0012
beta_2,2.0,random_static_inside,12,19,3,0.0006
beta_2,2.0,random_static_inside,12,20,7,0.0014
beta_2,2.0,random_static_inside,12,21,3,0.0006
beta_2,2.0,random_static_inside,12,22,7,0.0014
beta_2,2.0,random_static_inside,12,23,1,0.0002
beta_2,2.0,random_static_inside,12,24,6,0.0012
beta_2,2.0,random_static_inside,12,25,3,0.0006
beta_2,2.0,random_static_inside,12,26,9,0.0018
beta_2,2.0,random_static_inside,12,27,11,0.0022
beta_2,2.0,random_static_inside,12,28,6,0.0012
beta_2,2.0,random_static_inside,12,29,6,0.0012
beta_2,2.0,random_static_inside,12,30,8,0.0016
beta_2,2.0,random_static_inside,12,31,11,0.0022
beta_2,2.0,random_static_inside,12,32,24,0.0048
beta_2,2.0,random_static_inside,13,14,5,0.001
beta_2,2.0,random_static_inside,13,15,2,0.0004
beta_2,2.0,random_static_inside,13,16,4,0.0008
beta_2,2.0,random_static_inside,13,17,5,0.001
beta_2,2.0,random_static_inside,13,18,5,0.001
beta_2,2.0,random_static_inside,13,19,5,0.001
beta_2,2.0,random_static_inside,13,20,2,0.0004
beta_2,2.0,random_static_inside,13,21,4,0.0008
beta_2,2.0,random_static_inside,13,22,2,0.0004
beta_2,2.0,random_static_inside,13,23,5,0.001
beta_2,2.0,random_static_inside,13,24,7,0.0014
beta_2,2.0,random_static_inside,13,26,6,0.0012
beta_2,2.0,random_static_inside,13,27,7,0.0014
beta_2,2.0,random_static_inside,13,28,4,0.0008
beta_2,2.0,random_static_inside,13,29,4,0.0008
beta_2,2.0,random_static_inside,13,30,4,0.0008
beta_2,2.0,random_static_inside,13,31,14,0.0028
beta_2,2.0,random_static_inside,13,32,20,0.004
beta_2,2.0,random_static_inside,14,15,7,0.0014
beta_2,2.0,random_static_inside,14,16,4,0.0008
beta_2,2.0,random_static_inside,14,17,5,0.001
beta_2,2.0,random_static_inside,14,18,6,0.0012
beta_2,2.0,random_static_inside,14,19,2,0.0004
beta_2,2.0,random_static_inside,14,20,6,0.0012
beta_2,2.0,random_static_inside,14,21,6,0.0012
beta_2,2.0,random_static_inside,14,22,4,0.0008
beta_2,2.0,random_static_inside,14,23,2,0.0004
beta_2,2.0,random_static_inside,14,24,4,0.0008
beta_2,2.0,random_static_inside,14,25,9,0.0018
beta_2,2.0,random_static_inside,14,26,6,0.0012
beta_2,2.0,random_static_inside,14,27,3,0.0006
beta_2,2.0,random_static_inside,14,28,8,0.0016
beta_2,2.0,random_static_inside,14,29,9,0.0018
beta_2,2.0,random_static_inside,14,30,8,0.0016
beta_2,2.0,random_static_inside,14,31,13,0.0026
beta_2,2.0,random_static_inside,14,32,17,0.0034
beta_2,2.0,random_static_inside,15,16,5,0.001
beta_2,2.0,random_static_inside,15,17,2,0.0004
beta_2,2.0,random_static_inside,15,18,7,0.0014
beta_2,2.0,random_static_inside,15,19,1,0.0002
beta_2,2.0,random_static_inside,15,20,4,0.0008
beta_2,2.0,random_static_inside,15,21,4,0.0008
beta_2,2.0,random_static_inside,15,22,3,0.0006
beta_2,2.0,random_static_inside,15,23,8,0.0016
beta_2,2.0,random_static_inside,15,24,10,0.002
beta_2,2.0,random_static_inside,15,25,5,0.001
beta_2,2.0,random_static_inside,15,26,2,0.0004
beta_2,2.0,random_static_inside,15,27,2,0.0004
beta_2,2.0,random_static_inside,15,28,4,0.0008
beta_2,2.0,random_static_inside,15,29,10,0.002
beta_2,2.0,random_static_inside,15,30,9,0.0018
beta_2,2.0,random_static_inside,15,31,11,0.0022
beta_2,2.0,random_static_inside,15,32,15,0.003
beta_2,2.0,random_static_inside,16,17,6,0.0012
beta_2,2.0,random_static_inside,16,18,11,0.0022
beta_2,2.0,random_static_inside,16,19,3,0.0006
beta_2,2.0,random_static_inside,16,20,3,0.0006
beta_2,2.0,random_static_inside,16,21,5,0.001
beta_2,2.0,random_static_inside,16,22,9,0.0018
beta_2,2.0,random_static_inside,16,23,2,0.0004
beta_2,2.0,random_static_inside,16,24,3,0.0006
beta_2,2.0,random_static_inside,16,25,7,0.0014
beta_2,2.0,random_static_inside,16,26,5,0.001
beta_2,2.0,random_static_inside,16,27,8,0.0016
beta_2,2.0,random_static_inside,16,28,6,0.0012
beta_2,2.0,random_static_inside,16,29,5,0.001
beta_2,2.0,random_static_inside,16,30,11,0.0022
beta_2,2.0,random_static_inside,16,31,6,0.0012
beta_2,2.0,random_static_inside,16,32,27,0.0054
beta_2,2.0,random_static_inside,17,18,9,0.0018
beta_2,2.0,random_static_inside,17,19,4,0.0008
beta_2,2.0,random_static_inside,17,20,7,0.0014
beta_2,2.0,random_static_inside,17,21,7,0.0014
beta_2,2.0,random_static_inside,17,22,4,0.0008
beta_2,2.0,random_static_inside,17,23,6,0.0012
beta_2,2.0,random_static_inside,17,24,6,0.0012
beta_2,2.0,random_static_inside,17,25,4,0.0008
beta_2,2.0,random_static_inside,17,26,6,0.0012
beta_2,2.0,random_static_inside,17,27,6,0.0012
beta_2,2.0,random_static_inside,17,28,7,0.0014
beta_2,2.0,random_static_inside,17,29,7,0.0014
beta_2,2.0,random_static_inside,17,30,13,0.0026
beta_2,2.0,random_static_inside,17,31,9,0.0018
beta_2,2.0,random_static_inside,17,32,23,0.0046
beta_2,2.0,random_static_inside,18,19,4,0.0008
beta_2,2.0,random_static_inside,18,20,3,0.0006
beta_2,2.0,random_static_inside,18,21,6,0.0012
beta_2,2.0,random_static_inside,18,22,8,0.0016
beta_2,2.0,random_static_inside,18,23,7,0.0014
beta_2,2.0,random_static_inside,18,24,4,0.0008
beta_2,2.0,random_static_inside,18,25,5,0.001
beta_2,2.0,random_static_inside,18,26,10,0.002
beta_2,2.0,random_static_inside,18,27,1,0.0002
beta_2,2.0,random_static_inside,18,28,11,0.0022
beta_2,2.0,random_static_inside,18,29,6,0.0012
beta_2,2.0,random_static_inside,18,30,5,0.001
beta_2,2.0,random_static_inside,18,31,13,0.0026
beta_2,2.0,random_static_inside,18,32,22,0.0044
beta_2,2.0,random_static_inside,19,20,4,0.0008
beta_2,2.0,random_static_inside,19,21,1,0.0002
beta_2,2.0,random_static_inside,19,22,8,0.0016
beta_2,2.0,random_static_inside,19,23,2,0.0004
beta_2,2.0,random_static_inside,19,24,4,0.0008
beta_2,2.0,random_static_inside,19,25,4,0.0008
beta_2,2.0,random_static_inside,19,26,10,0.002
beta_2,2.0,random_static_inside,19,27,9,0.0018
beta_2,2.0,random_static_inside,19,28,7,0.0014
beta_2,2.0,random_static_inside,19,29,3,0.0006
beta_2,2.0,random_static_inside,19,30,10,0.002
beta_2,2.0,random_static_inside,19,31,11,0.0022
beta_2,2.0,random_static_inside,19,32,17,0.0034
beta_2,2.0,random_static_inside,20,21,8,0.0016
beta_2,2.0,random_static_inside,20,22,4,0.0008
beta_2,2.0,random_static_inside,20,23,4,0.0008
beta_2,2.0,random_static_inside,20,24,4,0.0008
beta_2,2.0,random_static_inside,20,25,5,0.001
beta_2,2.0,random_static_inside,20,26,3,0.0006
beta_2,2.0,random_static_inside,20,27,10,0.002
beta_2,2.0,random_static_inside,20,28,7,0.0014
beta_2,2.0,random_static_inside,20,29,8,0.0016
beta_2,2.0,random_static_inside,20,30,4,0.0008
beta_2,2.0,random_static_inside,20,31,15,0.003
beta_2,2.0,random_static_inside,20,32,28,0.0056
beta_2,2.0,random_static_inside,21,22,4,0.0008
beta_2,2.0,random_static_inside,21,23,4,0.0008
beta_2,2.0,random_static_inside,21,24,3,0.0006
beta_2,2.0,random_static_inside,21,25,2,0.0004
beta_2,2.0,random_static_inside,21,26,4,0.0008
beta_2,2.0,random_static_inside,21,27,5,0.001
beta_2,2.0,random_static_inside,21,28,7,0.0014
beta_2,2.0,random_static_inside,21,29,5,0.001
beta_2,2.0,random_static_inside,21,30,8,0.0016
beta_2,2.0,random_static_inside,21,31,13,0.0026
beta_2,2.0,random_static_inside,21,32,32,0.0064
beta_2,2.0,random_static_inside,22,23,4,0.0008
beta_2,2.0,random_static_inside,22,24,5,0.001
beta_2,2.0,random_static_inside,22,25,4,0.0008
beta_2,2.0,random_static_inside,22,26,8,0.0016
beta_2,2.0,random_static_inside,22,27,10,0.002
beta_2,2.0,random_static_inside,22,28,4,0.0008
beta_2,2.0,random_static_inside,22,29,9,0.0018
beta_2,2.0,random_static_inside,22,30,7,0.0014
beta_2,2.0,random_static_inside,22,31,10,0.002
beta_2,2.0,random_static_inside,22,32,20,0.004
beta_2,2.0,random_static_inside,23,24,5,0.001
beta_2,2.0,random_static_inside,23,25,1,0.0002
beta_2,2.0,random_static_inside,23,26,2,0.0004
beta_2,2.0,random_static_inside,23,27,6,0.0012
beta_2,2.0,random_static_inside,23,28,4,0.0008
beta_2,2.0,random_static_inside,23,29,5,0.001
beta_2,2.0,random_static_inside,23,30,7,0.0014
beta_2,2.0,random_static_inside,23,31,18,0.0036
beta_2,2.0,random_static_inside,23,32,31,0.0062
beta_2,2.0,random_static_inside,24,25,6,0.0012
beta_2,2.0,random_static_inside,24,26,5,0.001
beta_2,2.0,random_static_inside,24,27,7,0.0014
beta_2,2.0,random_static_inside,24,28,5,0.001
beta_2,2.0,random_static_inside,24,29,5,0.001
beta_2,2.0,random_static_inside,24,30,10,0.002
beta_2,2.0,random_static_inside,24,31,6,0.0012
beta_2,2.0,random_static_inside,24,32,20,0.004
beta_2,2.0,random_static_inside,25,26,5,0.001
beta_2,2.0,random_static_inside,25,27,7,0.0014
beta_2,2.0,random_static_inside,25,28,8,0.0016
beta_2,2.0,random_static_inside,25,29,8,0.0016
beta_2,2.0,random_static_inside,25,30,7,0.0014
beta_2,2.0,random_static_inside,25,31,9,0.0018
beta_2,2.0,random_static_inside,25,32,25,0.005
beta_2,2.0,random_static_inside,26,27,13,0.0026
beta_2,2.0,random_static_inside,26,28,4,0.0008
beta_2,2.0,random_static_inside,26,29,12,0.0024
beta_2,2.0,random_static_inside,26,30,11,0.0022
beta_2,2.0,random_static_inside,26,31,12,0.0024
beta_2,2.0,random_static_inside,26,32,32,0.0064
beta_2,2.0,random_static_inside,27,28,4,0.0008
beta_2,2.0,random_static_inside,27,29,12,0.0024
beta_2,2.0,random_static_inside,27,30,9,0.0018
beta_2,2.0,random_static_inside,27,31,13,0.0026
beta_2,2.0,random_static_inside,27,32,29,0.0058
beta_2,2.0,random_static_inside,28,29,13,0.0026
beta_2,2.0,random_static_inside,28,30,11,0.0022
beta_2,2.0,random_static_inside,28,31,20,0.004
beta_2,2.0,random_static_inside,28,32,31,0.0062
beta_2,2.0,random_static_inside,29,30,9,0.0018
beta_2,2.0,random_static_inside,29,31,22,0.0044
beta_2,2.0,random_static_inside,29,32,36,0.0072
beta_2,2.0,random_static_inside,30,31,21,0.0042
beta_2,2.0,random_static_inside,30,32,36,0.0072
beta_2,2.0,random_static_inside,31,32,51,0.0102
beta_4,4.0,high_outside,31,32,5000,1.0
beta_4,4.0,upper_inside,19,28,3,0.0006
beta_4,4.0,upper_inside,20,26,1,0.0002
beta_4,4.0,upper_inside,20,27,3,0.0006
beta_4,4.0,upper_inside,20,29,3,0.0006
beta_4,4.0,upper_inside,20,30,2,0.0004
beta_4,4.0,upper_inside,20,31,1,0.0002
beta_4,4.0,upper_inside,21,25,1,0.0002
beta_4,4.0,upper_inside,21,26,1,0.0002
beta_4,4.0,upper_inside,21,27,7,0.0014
beta_4,4.0,upper_inside,21,28,11,0.0022
beta_4,4.0,upper_inside,21,29,11,0.0022
beta_4,4.0,upper_inside,21,30,15,0.003
beta_4,4.0,upper_inside,21,31,2,0.0004
beta_4,4.0,upper_inside,21,32,1,0.0002
beta_4,4.0,upper_inside,22,25,1,0.0002
beta_4,4.0,upper_inside,22,26,5,0.001
beta_4,4.0,upper_inside,22,27,6,0.0012
beta_4,4.0,upper_inside,22,28,17,0.0034
beta_4,4.0,upper_inside,22,29,36,0.0072
beta_4,4.0,upper_inside,22,30,26,0.0052
beta_4,4.0,upper_inside,22,31,18,0.0036
beta_4,4.0,upper_inside,23,26,6,0.0012
beta_4,4.0,upper_inside,23,27,11,0.0022
beta_4,4.0,upper_inside,23,28,35,0.007
beta_4,4.0,upper_inside,23,29,65,0.013
beta_4,4.0,upper_inside,23,30,50,0.01
beta_4,4.0,upper_inside,23,31,33,0.0066
beta_4,4.0,upper_inside,23,32,9,0.0018
beta_4,4.0,upper_inside,24,26,2,0.0004
beta_4,4.0,upper_inside,24,27,17,0.0034
beta_4,4.0,upper_inside,24,28,63,0.0126
beta_4,4.0,upper_inside,24,29,119,0.0238
beta_4,4.0,upper_inside,24,30,139,0.0278
beta_4,4.0,upper_inside,24,31,77,0.0154
beta_4,4.0,upper_inside,24,32,24,0.0048
beta_4,4.0,upper_inside,25,26,1,0.0002
beta_4,4.0,upper_inside,25,27,11,0.0022
beta_4,4.0,upper_inside,25,28,64,0.0128
beta_4,4.0,upper_inside,25,29,153,0.0306
beta_4,4.0,upper_inside,25,30,213,0.0426
beta_4,4.0,upper_inside,25,31,192,0.0384
beta_4,4.0,upper_inside,25,32,64,0.0128
beta_4,4.0,upper_inside,26,27,1,0.0002
beta_4,4.0,upper_inside,26,28,42,0.0084
beta_4,4.0,upper_inside,26,29,155,0.031
beta_4,4.0,upper_inside,26,30,262,0.0524
beta_4,4.0,upper_inside,26,31,308,0.0616
beta_4,4.0,upper_inside,26,32,133,0.0266
beta_4,4.0,upper_inside,27,28,12,0.0024
beta_4,4.0,upper_inside,27,29,88,0.0176
beta_4,4.0,upper_inside,27,30,287,0.0574
beta_4,4.0,upper_inside,27,31,369,0.0738
beta_4,4.0,upper_inside,27,32,219,0.0438
beta_4,4.0,upper_inside,28,29,29,0.0058
beta_4,4.0,upper_inside,28,30,223,0.0446
beta_4,4.0,upper_inside,28,31,387,0.0774
beta_4,4.0,upper_inside,28,32,246,0.0492
beta_4,4.0,upper_inside,29,30,64,0.0128
beta_4,4.0,upper_inside,29,31,223,0.0446
beta_4,4.0,upper_inside,29,32,201,0.0402
beta_4,4.0,upper_inside,30,31,72,0.0144
beta_4,4.0,upper_inside,30,32,121,0.0242
beta_4,4.0,upper_inside,31,32,39,0.0078
beta_4,4.0,mixed_inside,1,24,1,0.0002
beta_4,4.0,mixed_inside,1,25,9,0.0018
beta_4,4.0,mixed_inside,1,26,12,0.0024
beta_4,4.0,mixed_inside,1,27,21,0.0042
beta_4,4.0,mixed_inside,1,28,41,0.0082
beta_4,4.0,mixed_inside,1,29,50,0.01
beta_4,4.0,mixed_inside,1,30,40,0.008
beta_4,4.0,mixed_inside,1,31,22,0.0044
beta_4,4.0,mixed_inside,1,32,6,0.0012
beta_4,4.0,mixed_inside,2,24,8,0.0016
beta_4,4.0,mixed_inside,2,25,17,0.0034
beta_4,4.0,mixed_inside,2,26,49,0.0098
beta_4,4.0,mixed_inside,2,27,102,0.0204
beta_4,4.0,mixed_inside,2,28,131,0.0262
beta_4,4.0,mixed_inside,2,29,172,0.0344
beta_4,4.0,mixed_inside,2,30,154,0.0308
beta_4,4.0,mixed_inside,2,31,80,0.016
beta_4,4.0,mixed_inside,2,32,26,0.0052
beta_4,4.0,mixed_inside,3,23,1,0.0002
beta_4,4.0,mixed_inside,3,24,18,0.0036
beta_4,4.0,mixed_inside,3,25,29,0.0058
beta_4,4.0,mixed_inside,3,26,77,0.0154
beta_4,4.0,mixed_inside,3,27,120,0.024
beta_4,4.0,mixed_inside,3,28,219,0.0438
beta_4,4.0,mixed_inside,3,29,260,0.052
beta_4,4.0,mixed_inside,3,30,257,0.0514
beta_4,4.0,mixed_inside,3,31,158,0.0316
beta_4,4.0,mixed_inside,3,32,36,0.0072
beta_4,4.0,mixed_inside,4,22,1,0.0002
beta_4,4.0,mixed_inside,4,23,5,0.001
beta_4,4.0,mixed_inside,4,24,10,0.002
beta_4,4.0,mixed_inside,4,25,26,0.0052
beta_4,4.0,mixed_inside,4,26,54,0.0108
beta_4,4.0,mixed_inside,4,27,125,0.025
beta_4,4.0,mixed_inside,4,28,211,0.0422
beta_4,4.0,mixed_inside,4,29,284,0.0568
beta_4,4.0,mixed_inside,4,30,267,0.0534
beta_4,4.0,mixed_inside,4,31,148,0.0296
beta_4,4.0,mixed_inside,4,32,47,0.0094
beta_4,4.0,mixed_inside,5,22,1,0.0002
beta_4,4.0,mixed_inside,5,24,2,0.0004
beta_4,4.0,mixed_inside,5,25,9,0.0018
beta_4,4.0,mixed_inside,5,26,37,0.0074
beta_4,4.0,mixed_inside,5,27,70,0.014
beta_4,4.0,mixed_inside,5,28,153,0.0306
beta_4,4.0,mixed_inside,5,29,216,0.0432
beta_4,4.0,mixed_inside,5,30,206,0.0412
beta_4,4.0,mixed_inside,5,31,138,0.0276
beta_4,4.0,mixed_inside,5,32,23,0.0046
beta_4,4.0,mixed_inside,6,23,1,0.0002
beta_4,4.0,mixed_inside,6,24,5,0.001
beta_4,4.0,mixed_inside,6,25,7,0.0014
beta_4,4.0,mixed_inside,6,26,23,0.0046
beta_4,4.0,mixed_inside,6,27,37,0.0074
beta_4,4.0,mixed_inside,6,28,82,0.0164
beta_4,4.0,mixed_inside,6,29,113,0.0226
beta_4,4.0,mixed_inside,6,30,134,0.0268
beta_4,4.0,mixed_inside,6,31,76,0.0152
beta_4,4.0,mixed_inside,6,32,31,0.0062
beta_4,4.0,mixed_inside,7,24,1,0.0002
beta_4,4.0,mixed_inside,7,25,5,0.001
beta_4,4.0,mixed_inside,7,26,8,0.0016
beta_4,4.0,mixed_inside,7,27,12,0.0024
beta_4,4.0,mixed_inside,7,28,43,0.0086
beta_4,4.0,mixed_inside,7,29,44,0.0088
beta_4,4.0,mixed_inside,7,30,45,0.009
beta_4,4.0,mixed_inside,7,31,49,0.0098
beta_4,4.0,mixed_inside,7,32,9,0.0018
beta_4,4.0,mixed_inside,8,24,1,0.0002
beta_4,4.0,mixed_inside,8,25,1,0.0002
beta_4,4.0,mixed_inside,8,26,4,0.0008
beta_4,4.0,mixed_inside,8,27,4,0.0008
beta_4,4.0,mixed_inside,8,28,15,0.003
beta_4,4.0,mixed_inside,8,29,20,0.004
beta_4,4.0,mixed_inside,8,30,22,0.0044
beta_4,4.0,mixed_inside,8,31,22,0.0044
beta_4,4.0,mixed_inside,8,32,4,0.0008
beta_4,4.0,mixed_inside,9,27,2,0.0004
beta_4,4.0,mixed_inside,9,28,2,0.0004
beta_4,4.0,mixed_inside,9,29,5,0.001
beta_4,4.0,mixed_inside,9,30,8,0.0016
beta_4,4.0,mixed_inside,9,31,6,0.0012
beta_4,4.0,mixed_inside,9,32,2,0.0004
beta_4,4.0,mixed_inside,10,29,2,0.0004
beta_4,4.0,mixed_inside,10,30,1,0.0002
beta_4,4.0,mixed_inside,10,31,2,0.0004
beta_4,4.0,mixed_inside,11,29,1,0.0002
beta_4,4.0,mixed_inside,11,31,1,0.0002
beta_4,4.0,mixed_inside,11,32,1,0.0002
beta_4,4.0,random_static_inside,1,2,68,0.0136
beta_4,4.0,random_static_inside,1,3,46,0.0092
beta_4,4.0,random_static_inside,1,4,38,0.0076
beta_4,4.0,random_static_inside,1,5,28,0.0056
beta_4,4.0,random_static_inside,1,6,36,0.0072
beta_4,4.0,random_static_inside,1,7,31,0.0062
beta_4,4.0,random_static_inside,1,8,27,0.0054
beta_4,4.0,random_static_inside,1,9,26,0.0052
beta_4,4.0,random_static_inside,1,10,32,0.0064
beta_4,4.0,random_static_inside,1,11,25,0.005
beta_4,4.0,random_static_inside,1,12,22,0.0044
beta_4,4.0,random_static_inside,1,13,18,0.0036
beta_4,4.0,random_static_inside,1,14,30,0.006
beta_4,4.0,random_static_inside,1,15,23,0.0046
beta_4,4.0,random_static_inside,1,16,19,0.0038
beta_4,4.0,random_static_inside,1,17,25,0.005
beta_4,4.0,random_static_inside,1,18,21,0.0042
beta_4,4.0,random_static_inside,1,19,18,0.0036
beta_4,4.0,random_static_inside,1,20,22,0.0044
beta_4,4.0,random_static_inside,1,21,16,0.0032
beta_4,4.0,random_static_inside,1,22,18,0.0036
beta_4,4.0,random_static_inside,1,23,29,0.0058
beta_4,4.0,random_static_inside,1,24,23,0.0046
beta_4,4.0,random_static_inside,1,25,16,0.0032
beta_4,4.0,random_static_inside,1,26,26,0.0052
beta_4,4.0,random_static_inside,1,27,24,0.0048
beta_4,4.0,random_static_inside,1,28,28,0.0056
beta_4,4.0,random_static_inside,1,29,30,0.006
beta_4,4.0,random_static_inside,1,30,45,0.009
beta_4,4.0,random_static_inside,1,31,56,0.0112
beta_4,4.0,random_static_inside,1,32,118,0.0236
beta_4,4.0,random_static_inside,2,3,20,0.004
beta_4,4.0,random_static_inside,2,4,10,0.002
beta_4,4.0,random_static_inside,2,5,17,0.0034
beta_4,4.0,random_static_inside,2,6,9,0.0018
beta_4,4.0,random_static_inside,2,7,18,0.0036
beta_4,4.0,random_static_inside,2,8,14,0.0028
beta_4,4.0,random_static_inside,2,9,10,0.002
beta_4,4.0,random_static_inside,2,10,6,0.0012
beta_4,4.0,random_static_inside,2,11,8,0.0016
beta_4,4.0,random_static_inside,2,12,11,0.0022
beta_4,4.0,random_static_inside,2,13,17,0.0034
beta_4,4.0,random_static_inside,2,14,4,0.0008
beta_4,4.0,random_static_inside,2,15,7,0.0014
beta_4,4.0,random_static_inside,2,16,9,0.0018
beta_4,4.0,random_static_inside,2,17,10,0.002
beta_4,4.0,random_static_inside,2,18,8,0.0016
beta_4,4.0,random_static_inside,2,19,10,0.002
beta_4,4.0,random_static_inside,2,20,9,0.0018
beta_4,4.0,random_static_inside,2,21,15,0.003
beta_4,4.0,random_static_inside,2,22,16,0.0032
beta_4,4.0,random_static_inside,2,23,15,0.003
beta_4,4.0,random_static_inside,2,24,16,0.0032
beta_4,4.0,random_static_inside,2,25,18,0.0036
beta_4,4.0,random_static_inside,2,26,9,0.0018
beta_4,4.0,random_static_inside,2,27,14,0.0028
beta_4,4.0,random_static_inside,2,28,19,0.0038
beta_4,4.0,random_static_inside,2,29,21,0.0042
beta_4,4.0,random_static_inside,2,30,22,0.0044
beta_4,4.0,random_static_inside,2,31,34,0.0068
beta_4,4.0,random_static_inside,2,32,50,0.01
beta_4,4.0,random_static_inside,3,4,14,0.0028
beta_4,4.0,random_static_inside,3,5,12,0.0024
beta_4,4.0,random_static_inside,3,6,9,0.0018
beta_4,4.0,random_static_inside,3,7,13,0.0026
beta_4,4.0,random_static_inside,3,8,8,0.0016
beta_4,4.0,random_static_inside,3,9,10,0.002
beta_4,4.0,random_static_inside,3,10,6,0.0012
beta_4,4.0,random_static_inside,3,11,9,0.0018
beta_4,4.0,random_static_inside,3,12,10,0.002
beta_4,4.0,random_static_inside,3,13,6,0.0012
beta_4,4.0,random_static_inside,3,14,8,0.0016
beta_4,4.0,random_static_inside,3,15,7,0.0014
beta_4,4.0,random_static_inside,3,16,9,0.0018
beta_4,4.0,random_static_inside,3,17,5,0.001
beta_4,4.0,random_static_inside,3,18,7,0.0014
beta_4,4.0,random_static_inside,3,19,11,0.0022
beta_4,4.0,random_static_inside,3,20,7,0.0014
beta_4,4.0,random_static_inside,3,21,7,0.0014
beta_4,4.0,random_static_inside,3,22,10,0.002
beta_4,4.0,random_static_inside,3,23,8,0.0016
beta_4,4.0,random_static_inside,3,24,7,0.0014
beta_4,4.0,random_static_inside,3,25,10,0.002
beta_4,4.0,random_static_inside,3,26,11,0.0022
beta_4,4.0,random_static_inside,3,27,6,0.0012
beta_4,4.0,random_static_inside,3,28,18,0.0036
beta_4,4.0,random_static_inside,3,29,17,0.0034
beta_4,4.0,random_static_inside,3,30,18,0.0036
beta_4,4.0,random_static_inside,3,31,13,0.0026
beta_4,4.0,random_static_inside,3,32,44,0.0088
beta_4,4.0,random_static_inside,4,5,14,0.0028
beta_4,4.0,random_static_inside,4,6,13,0.0026
beta_4,4.0,random_static_inside,4,7,7,0.0014
beta_4,4.0,random_static_inside,4,8,8,0.0016
beta_4,4.0,random_static_inside,4,9,8,0.0016
beta_4,4.0,random_static_inside,4,10,5,0.001
beta_4,4.0,random_static_inside,4,11,7,0.0014
beta_4,4.0,random_static_inside,4,12,5,0.001
beta_4,4.0,random_static_inside,4,14,6,0.0012
beta_4,4.0,random_static_inside,4,15,4,0.0008
beta_4,4.0,random_static_inside,4,16,8,0.0016
beta_4,4.0,random_static_inside,4,17,4,0.0008
beta_4,4.0,random_static_inside,4,18,5,0.001
beta_4,4.0,random_static_inside,4,19,5,0.001
beta_4,4.0,random_static_inside,4,20,6,0.0012
beta_4,4.0,random_static_inside,4,21,10,0.002
beta_4,4.0,random_static_inside,4,22,8,0.0016
beta_4,4.0,random_static_inside,4,23,8,0.0016
beta_4,4.0,random_static_inside,4,24,8,0.0016
beta_4,4.0,random_static_inside,4,25,6,0.0012
beta_4,4.0,random_static_inside,4,26,10,0.002
beta_4,4.0,random_static_inside,4,27,10,0.002
beta_4,4.0,random_static_inside,4,28,8,0.0016
beta_4,4.0,random_static_inside,4,29,12,0.0024
beta_4,4.0,random_static_inside,4,30,14,0.0028
beta_4,4.0,random_static_inside,4,31,23,0.0046
beta_4,4.0,random_static_inside,4,32,37,0.0074
beta_4,4.0,random_static_inside,5,6,11,0.0022
beta_4,4.0,random_static_inside,5,7,5,0.001
beta_4,4.0,random_static_inside,5,8,5,0.001
beta_4,4.0,random_static_inside,5,9,6,0.0012
beta_4,4.0,random_static_inside,5,10,10,0.002
beta_4,4.0,random_static_inside,5,11,4,0.0008
beta_4,4.0,random_static_inside,5,12,3,0.0006
beta_4,4.0,random_static_inside,5,13,6,0.0012
beta_4,4.0,random_static_inside,5,14,6,0.0012
beta_4,4.0,random_static_inside,5,15,5,0.001
beta_4,4.0,random_static_inside,5,16,4,0.0008
beta_4,4.0,random_static_inside,5,17,5,0.001
beta_4,4.0,random_static_inside,5,18,6,0.0012
beta_4,4.0,random_static_inside,5,19,6,0.0012
beta_4,4.0,random_static_inside,5,20,3,0.0006
beta_4,4.0,random_static_inside,5,21,7,0.0014
beta_4,4.0,random_static_inside,5,22,8,0.0016
beta_4,4.0,random_static_inside,5,23,7,0.0014
beta_4,4.0,random_static_inside,5,24,8,0.0016
beta_4,4.0,random_static_inside,5,25,13,0.0026
beta_4,4.0,random_static_inside,5,26,10,0.002
beta_4,4.0,random_static_inside,5,27,5,0.001
beta_4,4.0,random_static_inside,5,28,7,0.0014
beta_4,4.0,random_static_inside,5,29,9,0.0018
beta_4,4.0,random_static_inside,5,30,17,0.0034
beta_4,4.0,random_static_inside,5,31,21,0.0042
beta_4,4.0,random_static_inside,5,32,27,0.0054
beta_4,4.0,random_static_inside,6,7,7,0.0014
beta_4,4.0,random_static_inside,6,8,7,0.0014
beta_4,4.0,random_static_inside,6,9,9,0.0018
beta_4,4.0,random_static_inside,6,10,1,0.0002
beta_4,4.0,random_static_inside,6,11,3,0.0006
beta_4,4.0,random_static_inside,6,12,6,0.0012
beta_4,4.0,random_static_inside,6,13,3,0.0006
beta_4,4.0,random_static_inside,6,14,3,0.0006
beta_4,4.0,random_static_inside,6,15,7,0.0014
beta_4,4.0,random_static_inside,6,16,7,0.0014
beta_4,4.0,random_static_inside,6,17,5,0.001
beta_4,4.0,random_static_inside,6,18,8,0.0016
beta_4,4.0,random_static_inside,6,19,6,0.0012
beta_4,4.0,random_static_inside,6,20,1,0.0002
beta_4,4.0,random_static_inside,6,21,5,0.001
beta_4,4.0,random_static_inside,6,22,8,0.0016
beta_4,4.0,random_static_inside,6,23,5,0.001
beta_4,4.0,random_static_inside,6,24,4,0.0008
beta_4,4.0,random_static_inside,6,25,9,0.0018
beta_4,4.0,random_static_inside,6,26,4,0.0008
beta_4,4.0,random_static_inside,6,27,7,0.0014
beta_4,4.0,random_static_inside,6,28,6,0.0012
beta_4,4.0,random_static_inside,6,29,9,0.0018
beta_4,4.0,random_static_inside,6,30,14,0.0028
beta_4,4.0,random_static_inside,6,31,10,0.002
beta_4,4.0,random_static_inside,6,32,34,0.0068
beta_4,4.0,random_static_inside,7,8,10,0.002
beta_4,4.0,random_static_inside,7,9,3,0.0006
beta_4,4.0,random_static_inside,7,10,8,0.0016
beta_4,4.0,random_static_inside,7,11,7,0.0014
beta_4,4.0,random_static_inside,7,12,7,0.0014
beta_4,4.0,random_static_inside,7,13,3,0.0006
beta_4,4.0,random_static_inside,7,14,7,0.0014
beta_4,4.0,random_static_inside,7,15,4,0.0008
beta_4,4.0,random_static_inside,7,16,2,0.0004
beta_4,4.0,random_static_inside,7,17,5,0.001
beta_4,4.0,random_static_inside,7,18,8,0.0016
beta_4,4.0,random_static_inside,7,19,4,0.0008
beta_4,4.0,random_static_inside,7,20,4,0.0008
beta_4,4.0,random_static_inside,7,21,5,0.001
beta_4,4.0,random_static_inside,7,22,3,0.0006
beta_4,4.0,random_static_inside,7,23,5,0.001
beta_4,4.0,random_static_inside,7,24,4,0.0008
beta_4,4.0,random_static_inside,7,25,6,0.0012
beta_4,4.0,random_static_inside,7,26,6,0.0012
beta_4,4.0,random_static_inside,7,27,7,0.0014
beta_4,4.0,random_static_inside,7,28,5,0.001
beta_4,4.0,random_static_inside,7,29,8,0.0016
beta_4,4.0,random_static_inside,7,30,16,0.0032
beta_4,4.0,random_static_inside,7,31,22,0.0044
beta_4,4.0,random_static_inside,7,32,33,0.0066
beta_4,4.0,random_static_inside,8,9,7,0.0014
beta_4,4.0,random_static_inside,8,10,13,0.0026
beta_4,4.0,random_static_inside,8,11,12,0.0024
beta_4,4.0,random_static_inside,8,12,5,0.001
beta_4,4.0,random_static_inside,8,13,2,0.0004
beta_4,4.0,random_static_inside,8,14,5,0.001
beta_4,4.0,random_static_inside,8,15,11,0.0022
beta_4,4.0,random_static_inside,8,16,2,0.0004
beta_4,4.0,random_static_inside,8,17,2,0.0004
beta_4,4.0,random_static_inside,8,18,7,0.0014
beta_4,4.0,random_static_inside,8,19,3,0.0006
beta_4,4.0,random_static_inside,8,20,3,0.0006
beta_4,4.0,random_static_inside,8,21,6,0.0012
beta_4,4.0,random_static_inside,8,22,6,0.0012
beta_4,4.0,random_static_inside,8,23,8,0.0016
beta_4,4.0,random_static_inside,8,24,5,0.001
beta_4,4.0,random_static_inside,8,25,2,0.0004
beta_4,4.0,random_static_inside,8,26,2,0.0004
beta_4,4.0,random_static_inside,8,27,6,0.0012
beta_4,4.0,random_static_inside,8,28,13,0.0026
beta_4,4.0,random_static_inside,8,29,12,0.0024
beta_4,4.0,random_static_inside,8,30,11,0.0022
beta_4,4.0,random_static_inside,8,31,14,0.0028
beta_4,4.0,random_static_inside,8,32,24,0.0048
beta_4,4.0,random_static_inside,9,10,8,0.0016
beta_4,4.0,random_static_inside,9,11,3,0.0006
beta_4,4.0,random_static_inside,9,12,7,0.0014
beta_4,4.0,random_static_inside,9,13,4,0.0008
beta_4,4.0,random_static_inside,9,14,2,0.0004
beta_4,4.0,random_static_inside,9,15,6,0.0012
beta_4,4.0,random_static_inside,9,16,3,0.0006
beta_4,4.0,random_static_inside,9,17,5,0.001
beta_4,4.0,random_static_inside,9,18,5,0.001
beta_4,4.0,random_static_inside,9,19,3,0.0006
beta_4,4.0,random_static_inside,9,20,4,0.0008
beta_4,4.0,random_static_inside,9,21,4,0.0008
beta_4,4.0,random_static_inside,9,22,3,0.0006
beta_4,4.0,random_static_inside,9,23,2,0.0004
beta_4,4.0,random_static_inside,9,24,7,0.0014
beta_4,4.0,random_static_inside,9,25,9,0.0018
beta_4,4.0,random_static_inside,9,26,8,0.0016
beta_4,4.0,random_static_inside,9,27,4,0.0008
beta_4,4.0,random_static_inside,9,28,6,0.0012
beta_4,4.0,random_static_inside,9,29,9,0.0018
beta_4,4.0,random_static_inside,9,30,7,0.0014
beta_4,4.0,random_static_inside,9,31,10,0.002
beta_4,4.0,random_static_inside,9,32,25,0.005
beta_4,4.0,random_static_inside,10,11,8,0.0016
beta_4,4.0,random_static_inside,10,12,3,0.0006
beta_4,4.0,random_static_inside,10,13,5,0.001
beta_4,4.0,random_static_inside,10,14,2,0.0004
beta_4,4.0,random_static_inside,10,15,8,0.0016
beta_4,4.0,random_static_inside,10,16,3,0.0006
beta_4,4.0,random_static_inside,10,17,5,0.001
beta_4,4.0,random_static_inside,10,18,6,0.0012
beta_4,4.0,random_static_inside,10,19,5,0.001
beta_4,4.0,random_static_inside,10,20,3,0.0006
beta_4,4.0,random_static_inside,10,21,4,0.0008
beta_4,4.0,random_static_inside,10,22,5,0.001
beta_4,4.0,random_static_inside,10,23,9,0.0018
beta_4,4.0,random_static_inside,10,24,8,0.0016
beta_4,4.0,random_static_inside,10,25,7,0.0014
beta_4,4.0,random_static_inside,10,26,7,0.0014
beta_4,4.0,random_static_inside,10,27,4,0.0008
beta_4,4.0,random_static_inside,10,28,4,0.0008
beta_4,4.0,random_static_inside,10,29,10,0.002
beta_4,4.0,random_static_inside,10,30,7,0.0014
beta_4,4.0,random_static_inside,10,31,19,0.0038
beta_4,4.0,random_static_inside,10,32,31,0.0062
beta_4,4.0,random_static_inside,11,12,5,0.001
beta_4,4.0,random_static_inside,11,13,4,0.0008
beta_4,4.0,random_static_inside,11,14,4,0.0008
beta_4,4.0,random_static_inside,11,15,5,0.001
beta_4,4.0,random_static_inside,11,16,2,0.0004
beta_4,4.0,random_static_inside,11,17,6,0.0012
beta_4,4.0,random_static_inside,11,18,4,0.0008
beta_4,4.0,random_static_inside,11,19,7,0.0014
beta_4,4.0,random_static_inside,11,20,8,0.0016
beta_4,4.0,random_static_inside,11,21,3,0.0006
beta_4,4.0,random_static_inside,11,22,3,0.0006
beta_4,4.0,random_static_inside,11,23,5,0.001
beta_4,4.0,random_static_inside,11,24,7,0.0014
beta_4,4.0,random_static_inside,11,25,4,0.0008
beta_4,4.0,random_static_inside,11,26,4,0.0008
beta_4,4.0,random_static_inside,11,27,6,0.0012
beta_4,4.0,random_static_inside,11,28,5,0.001
beta_4,4.0,random_static_inside,11,29,4,0.0008
beta_4,4.0,random_static_inside,11,30,8,0.0016
beta_4,4.0,random_static_inside,11,31,9,0.0018
beta_4,4.0,random_static_inside,11,32,20,0.004
beta_4,4.0,random_static_inside,12,13,3,0.0006
beta_4,4.0,random_static_inside,12,14,12,0.0024
beta_4,4.0,random_static_inside,12,15,6,0.0012
beta_4,4.0,random_static_inside,12,16,2,0.0004
beta_4,4.0,random_static_inside,12,17,5,0.001
beta_4,4.0,random_static_inside,12,18,9,0.0018
beta_4,4.0,random_static_inside,12,19,4,0.0008
beta_4,4.0,random_static_inside,12,20,8,0.0016
beta_4,4.0,random_static_inside,12,21,7,0.0014
beta_4,4.0,random_static_inside,12,22,3,0.0006
beta_4,4.0,random_static_inside,12,23,9,0.0018
beta_4,4.0,random_static_inside,12,24,7,0.0014
beta_4,4.0,random_static_inside,12,25,5,0.001
beta_4,4.0,random_static_inside,12,26,2,0.0004
beta_4,4.0,random_static_inside,12,27,5,0.001
beta_4,4.0,random_static_inside,12,28,6,0.0012
beta_4,4.0,random_static_inside,12,29,5,0.001
beta_4,4.0,random_static_inside,12,30,7,0.0014
beta_4,4.0,random_static_inside,12,31,9,0.0018
beta_4,4.0,random_static_inside,12,32,21,0.0042
beta_4,4.0,random_static_inside,13,14,4,0.0008
beta_4,4.0,random_static_inside,13,15,3,0.0006
beta_4,4.0,random_static_inside,13,16,5,0.001
beta_4,4.0,random_static_inside,13,17,3,0.0006
beta_4,4.0,random_static_inside,13,18,4,0.0008
beta_4,4.0,random_static_inside,13,19,4,0.0008
beta_4,4.0,random_static_inside,13,20,3,0.0006
beta_4,4.0,random_static_inside,13,21,5,0.001
beta_4,4.0,random_static_inside,13,22,3,0.0006
beta_4,4.0,random_static_inside,13,23,5,0.001
beta_4,4.0,random_static_inside,13,24,11,0.0022
beta_4,4.0,random_static_inside,13,25,6,0.0012
beta_4,4.0,random_static_inside,13,26,4,0.0008
beta_4,4.0,random_static_inside,13,27,3,0.0006
beta_4,4.0,random_static_inside,13,28,7,0.0014
beta_4,4.0,random_static_inside,13,29,9,0.0018
beta_4,4.0,random_static_inside,13,30,8,0.0016
beta_4,4.0,random_static_inside,13,31,10,0.002
beta_4,4.0,random_static_inside,13,32,21,0.0042
beta_4,4.0,random_static_inside,14,15,5,0.001
beta_4,4.0,random_static_inside,14,16,4,0.0008
beta_4,4.0,random_static_inside,14,17,3,0.0006
beta_4,4.0,random_static_inside,14,18,2,0.0004
beta_4,4.0,random_static_inside,14,19,5,0.001
beta_4,4.0,random_static_inside,14,20,5,0.001
beta_4,4.0,random_static_inside,14,21,3,0.0006
beta_4,4.0,random_static_inside,14,22,4,0.0008
beta_4,4.0,random_static_inside,14,23,9,0.0018
beta_4,4.0,random_static_inside,14,24,4,0.0008
beta_4,4.0,random_static_inside,14,25,7,0.0014
beta_4,4.0,random_static_inside,14,26,7,0.0014
beta_4,4.0,random_static_inside,14,27,5,0.001
beta_4,4.0,random_static_inside,14,28,5,0.001
beta_4,4.0,random_static_inside,14,29,7,0.0014
beta_4,4.0,random_static_inside,14,30,4,0.0008
beta_4,4.0,random_static_inside,14,31,11,0.0022
beta_4,4.0,random_static_inside,14,32,24,0.0048
beta_4,4.0,random_static_inside,15,16,6,0.0012
beta_4,4.0,random_static_inside,15,17,2,0.0004
beta_4,4.0,random_static_inside,15,18,2,0.0004
beta_4,4.0,random_static_inside,15,19,8,0.0016
beta_4,4.0,random_static_inside,15,20,6,0.0012
beta_4,4.0,random_static_inside,15,21,4,0.0008
beta_4,4.0,random_static_inside,15,22,5,0.001
beta_4,4.0,random_static_inside,15,23,2,0.0004
beta_4,4.0,random_static_inside,15,24,4,0.0008
beta_4,4.0,random_static_inside,15,25,9,0.0018
beta_4,4.0,random_static_inside,15,26,6,0.0012
beta_4,4.0,random_static_inside,15,27,5,0.001
beta_4,4.0,random_static_inside,15,28,10,0.002
beta_4,4.0,random_static_inside,15,29,4,0.0008
beta_4,4.0,random_static_inside,15,30,7,0.0014
beta_4,4.0,random_static_inside,15,31,7,0.0014
beta_4,4.0,random_static_inside,15,32,15,0.003
beta_4,4.0,random_static_inside,16,17,4,0.0008
beta_4,4.0,random_static_inside,16,18,6,0.0012
beta_4,4.0,random_static_inside,16,19,4,0.0008
beta_4,4.0,random_static_inside,16,20,2,0.0004
beta_4,4.0,random_static_inside,16,21,5,0.001
beta_4,4.0,random_static_inside,16,22,3,0.0006
beta_4,4.0,random_static_inside,16,23,5,0.001
beta_4,4.0,random_static_inside,16,24,6,0.0012
beta_4,4.0,random_static_inside,16,25,7,0.0014
beta_4,4.0,random_static_inside,16,26,4,0.0008
beta_4,4.0,random_static_inside,16,27,1,0.0002
beta_4,4.0,random_static_inside,16,28,11,0.0022
beta_4,4.0,random_static_inside,16,29,10,0.002
beta_4,4.0,random_static_inside,16,30,14,0.0028
beta_4,4.0,random_static_inside,16,31,8,0.0016
beta_4,4.0,random_static_inside,16,32,16,0.0032
beta_4,4.0,random_static_inside,17,18,3,0.0006
beta_4,4.0,random_static_inside,17,19,2,0.0004
beta_4,4.0,random_static_inside,17,20,4,0.0008
beta_4,4.0,random_static_inside,17,21,5,0.001
beta_4,4.0,random_static_inside,17,22,1,0.0002
beta_4,4.0,random_static_inside,17,23,4,0.0008
beta_4,4.0,random_static_inside,17,24,3,0.0006
beta_4,4.0,random_static_inside,17,25,8,0.0016
beta_4,4.0,random_static_inside,17,26,4,0.0008
beta_4,4.0,random_static_inside,17,27,12,0.0024
beta_4,4.0,random_static_inside,17,28,6,0.0012
beta_4,4.0,random_static_inside,17,29,7,0.0014
beta_4,4.0,random_static_inside,17,30,4,0.0008
beta_4,4.0,random_static_inside,17,31,10,0.002
beta_4,4.0,random_static_inside,17,32,25,0.005
beta_4,4.0,random_static_inside,18,19,3,0.0006
beta_4,4.0,random_static_inside,18,20,3,0.0006
beta_4,4.0,random_static_inside,18,21,3,0.0006
beta_4,4.0,random_static_inside,18,22,5,0.001
beta_4,4.0,random_static_inside,18,23,2,0.0004
beta_4,4.0,random_static_inside,18,24,4,0.0008
beta_4,4.0,random_static_inside,18,25,6,0.0012
beta_4,4.0,random_static_inside,18,26,5,0.001
beta_4,4.0,random_static_inside,18,27,4,0.0008
beta_4,4.0,random_static_inside,18,28,6,0.0012
beta_4,4.0,random_static_inside,18,29,5,0.001
beta_4,4.0,random_static_inside,18,30,2,0.0004
beta_4,4.0,random_static_inside,18,31,6,0.0012
beta_4,4.0,random_static_inside,18,32,31,0.0062
beta_4,4.0,random_static_inside,19,20,2,0.0004
beta_4,4.0,random_static_inside,19,21,8,0.0016
beta_4,4.0,random_static_inside,19,22,5,0.001
beta_4,4.0,random_static_inside,19,23,5,0.001
beta_4,4.0,random_static_inside,19,24,3,0.0006
beta_4,4.0,random_static_inside,19,25,1,0.0002
beta_4,4.0,random_static_inside,19,26,7,0.0014
beta_4,4.0,random_static_inside,19,27,12,0.0024
beta_4,4.0,random_static_inside,19,28,10,0.002
beta_4,4.0,random_static_inside,19,29,6,0.0012
beta_4,4.0,random_static_inside,19,30,10,0.002
beta_4,4.0,random_static_inside,19,31,14,0.0028
beta_4,4.0,random_static_inside,19,32,16,0.0032
beta_4,4.0,random_static_inside,20,21,6,0.0012
beta_4,4.0,random_static_inside,20,22,2,0.0004
beta_4,4.0,random_static_inside,20,23,3,0.0006
beta_4,4.0,random_static_inside,20,24,3,0.0006
beta_4,4.0,random_static_inside,20,25,6,0.0012
beta_4,4.0,random_static_inside,20,26,4,0.0008
beta_4,4.0,random_static_inside,20,27,9,0.0018
beta_4,4.0,random_static_inside,20,28,9,0.0018
beta_4,4.0,random_static_inside,20,29,4,0.0008
beta_4,4.0,random_static_inside,20,30,10,0.002
beta_4,4.0,random_static_inside,20,31,8,0.0016
beta_4,4.0,random_static_inside,20,32,26,0.0052
beta_4,4.0,random_static_inside,21,22,6,0.0012
beta_4,4.0,random_static_inside,21,23,6,0.0012
beta_4,4.0,random_static_inside,21,24,5,0.001
beta_4,4.0,random_static_inside,21,25,3,0.0006
beta_4,4.0,random_static_inside,21,26,5,0.001
beta_4,4.0,random_static_inside,21,27,14,0.0028
beta_4,4.0,random_static_inside,21,28,3,0.0006
beta_4,4.0,random_static_inside,21,29,9,0.0018
beta_4,4.0,random_static_inside,21,30,2,0.0004
beta_4,4.0,random_static_inside,21,31,6,0.0012
beta_4,4.0,random_static_inside,21,32,17,0.0034
beta_4,4.0,random_static_inside,22,23,3,0.0006
beta_4,4.0,random_static_inside,22,24,6,0.0012
beta_4,4.0,random_static_inside,22,25,9,0.0018
beta_4,4.0,random_static_inside,22,26,5,0.001
beta_4,4.0,random_static_inside,22,27,4,0.0008
beta_4,4.0,random_static_inside,22,28,9,0.0018
beta_4,4.0,random_static_inside,22,29,12,0.0024
beta_4,4.0,random_static_inside,22,30,12,0.0024
beta_4,4.0,random_static_inside,22,31,7,0.0014
beta_4,4.0,random_static_inside,22,32,22,0.0044
beta_4,4.0,random_static_inside,23,24,2,0.0004
beta_4,4.0,random_static_inside,23,25,6,0.0012
beta_4,4.0,random_static_inside,23,26,8,0.0016
beta_4,4.0,random_static_inside,23,27,7,0.0014
beta_4,4.0,random_static_inside,23,28,10,0.002
beta_4,4.0,random_static_inside,23,29,5,0.001
beta_4,4.0,random_static_inside,23,30,10,0.002
beta_4,4.0,random_static_inside,23,31,8,0.0016
beta_4,4.0,random_static_inside,23,32,29,0.0058
beta_4,4.0,random_static_inside,24,25,7,0.0014
beta_4,4.0,random_static_inside,24,26,9,0.0018
beta_4,4.0,random_static_inside,24,27,8,0.0016
beta_4,4.0,random_static_inside,24,28,7,0.0014
beta_4,4.0,random_static_inside,24,29,9,0.0018
beta_4,4.0,random_static_inside,24,30,8,0.0016
beta_4,4.0,random_static_inside,24,31,21,0.0042
beta_4,4.0,random_static_inside,24,32,25,0.005
beta_4,4.0,random_static_inside,25,26,7,0.0014
beta_4,4.0,random_static_inside,25,27,4,0.0008
beta_4,4.0,random_static_inside,25,28,9,0.0018
beta_4,4.0,random_static_inside,25,29,11,0.0022
beta_4,4.0,random_static_inside,25,30,9,0.0018
beta_4,4.0,random_static_inside,25,31,10,0.002
beta_4,4.0,random_static_inside,25,32,18,0.0036
beta_4,4.0,random_static_inside,26,27,7,0.0014
beta_4,4.0,random_static_inside,26,28,3,0.0006
beta_4,4.0,random_static_inside,26,29,8,0.0016
beta_4,4.0,random_static_inside,26,30,11,0.0022
beta_4,4.0,random_static_inside,26,31,9,0.0018
beta_4,4.0,random_static_inside,26,32,29,0.0058
beta_4,4.0,random_static_inside,27,28,8,0.0016
beta_4,4.0,random_static_inside,27,29,11,0.0022
beta_4,4.0,random_static_inside,27,30,14,0.0028
beta_4,4.0,random_static_inside,27,31,16,0.0032
beta_4,4.0,random_static_inside,27,32,25,0.005
beta_4,4.0,random_static_inside,28,29,11,0.0022
beta_4,4.0,random_static_inside,28,30,14,0.0028
beta_4,4.0,random_static_inside,28,31,12,0.0024
beta_4,4.0,random_static_inside,28,32,29,0.0058
beta_4,4.0,random_static_inside,29,30,12,0.0024
beta_4,4.0,random_static_inside,29,31,27,0.0054
beta_4,4.0,random_static_inside,29,32,33,0.0066
beta_4,4.0,random_static_inside,30,31,22,0.0044
beta_4,4.0,random_static_inside,30,32,43,0.0086
beta_4,4.0,random_static_inside,31,32,73,0.0146
beta_8,8.0,high_outside,31,32,5000,1.0
beta_8,8.0,upper_inside,19,27,1,0.0002
beta_8,8.0,upper_inside,19,28,2,0.0004
beta_8,8.0,upper_inside,19,29,3,0.0006
beta_8,8.0,upper_inside,19,30,1,0.0002
beta_8,8.0,upper_inside,20,25,1,0.0002
beta_8,8.0,upper_inside,20,27,4,0.0008
beta_8,8.0,upper_inside,20,28,1,0.0002
beta_8,8.0,upper_inside,20,29,3,0.0006
beta_8,8.0,upper_inside,20,30,1,0.0002
beta_8,8.0,upper_inside,21,26,1,0.0002
beta_8,8.0,upper_inside,21,27,6,0.0012
beta_8,8.0,upper_inside,21,28,13,0.0026
beta_8,8.0,upper_inside,21,29,20,0.004
beta_8,8.0,upper_inside,21,30,6,0.0012
beta_8,8.0,upper_inside,21,31,5,0.001
beta_8,8.0,upper_inside,21,32,1,0.0002
beta_8,8.0,upper_inside,22,25,3,0.0006
beta_8,8.0,upper_inside,22,26,4,0.0008
beta_8,8.0,upper_inside,22,27,12,0.0024
beta_8,8.0,upper_inside,22,28,18,0.0036
beta_8,8.0,upper_inside,22,29,18,0.0036
beta_8,8.0,upper_inside,22,30,21,0.0042
beta_8,8.0,upper_inside,22,31,8,0.0016
beta_8,8.0,upper_inside,22,32,2,0.0004
beta_8,8.0,upper_inside,23,26,3,0.0006
beta_8,8.0,upper_inside,23,27,14,0.0028
beta_8,8.0,upper_inside,23,28,32,0.0064
beta_8,8.0,upper_inside,23,29,51,0.0102
beta_8,8.0,upper_inside,23,30,49,0.0098
beta_8,8.0,upper_inside,23,31,28,0.0056
beta_8,8.0,upper_inside,23,32,5,0.001
beta_8,8.0,upper_inside,24,26,3,0.0006
beta_8,8.0,upper_inside,24,27,8,0.0016
beta_8,8.0,upper_inside,24,28,47,0.0094
beta_8,8.0,upper_inside,24,29,106,0.0212
beta_8,8.0,upper_inside,24,30,120,0.024
beta_8,8.0,upper_inside,24,31,82,0.0164
beta_8,8.0,upper_inside,24,32,29,0.0058
beta_8,8.0,upper_inside,25,27,13,0.0026
beta_8,8.0,upper_inside,25,28,61,0.0122
beta_8,8.0,upper_inside,25,29,146,0.0292
beta_8,8.0,upper_inside,25,30,224,0.0448
beta_8,8.0,upper_inside,25,31,174,0.0348
beta_8,8.0,upper_inside,25,32,45,0.009
beta_8,8.0,upper_inside,26,27,6,0.0012
beta_8,8.0,upper_inside,26,28,48,0.0096
beta_8,8.0,upper_inside,26,29,162,0.0324
beta_8,8.0,upper_inside,26,30,321,0.0642
beta_8,8.0,upper_inside,26,31,313,0.0626
beta_8,8.0,upper_inside,26,32,121,0.0242
beta_8,8.0,upper_inside,27,28,17,0.0034
beta_8,8.0,upper_inside,27,29,99,0.0198
beta_8,8.0,upper_inside,27,30,301,0.0602
beta_8,8.0,upper_inside,27,31,378,0.0756
beta_8,8.0,upper_inside,27,32,188,0.0376
beta_8,8.0,upper_inside,28,29,29,0.0058
beta_8,8.0,upper_inside,28,30,223,0.0446
beta_8,8.0,upper_inside,28,31,366,0.0732
beta_8,8.0,upper_inside,28,32,261,0.0522
beta_8,8.0,upper_inside,29,30,59,0.0118
beta_8,8.0,upper_inside,29,31,218,0.0436
beta_8,8.0,upper_inside,29,32,246,0.0492
beta_8,8.0,upper_inside,30,31,67,0.0134
beta_8,8.0,upper_inside,30,32,138,0.0276
beta_8,8.0,upper_inside,31,32,44,0.0088
beta_8,8.0,mixed_inside,1,23,2,0.0004
beta_8,8.0,mixed_inside,1,25,6,0.0012
beta_8,8.0,mixed_inside,1,26,10,0.002
beta_8,8.0,mixed_inside,1,27,25,0.005
beta_8,8.0,mixed_inside,1,28,38,0.0076
beta_8,8.0,mixed_inside,1,29,57,0.0114
beta_8,8.0,mixed_inside,1,30,46,0.0092
beta_8,8.0,mixed_inside,1,31,27,0.0054
beta_8,8.0,mixed_inside,1,32,4,0.0008
beta_8,8.0,mixed_inside,2,23,3,0.0006
beta_8,8.0,mixed_inside,2,24,6,0.0012
beta_8,8.0,mixed_inside,2,25,20,0.004
beta_8,8.0,mixed_inside,2,26,26,0.0052
beta_8,8.0,mixed_inside,2,27,86,0.0172
beta_8,8.0,mixed_inside,2,28,130,0.026
beta_8,8.0,mixed_inside,2,29,168,0.0336
beta_8,8.0,mixed_inside,2,30,139,0.0278
beta_8,8.0,mixed_inside,2,31,79,0.0158
beta_8,8.0,mixed_inside,2,32,18,0.0036
beta_8,8.0,mixed_inside,3,22,1,0.0002
beta_8,8.0,mixed_inside,3,24,7,0.0014
beta_8,8.0,mixed_inside,3,25,26,0.0052
beta_8,8.0,mixed_inside,3,26,60,0.012
beta_8,8.0,mixed_inside,3,27,137,0.0274
beta_8,8.0,mixed_inside,3,28,223,0.0446
beta_8,8.0,mixed_inside,3,29,256,0.0512
beta_8,8.0,mixed_inside,3,30,269,0.0538
beta_8,8.0,mixed_inside,3,31,146,0.0292
beta_8,8.0,mixed_inside,3,32,37,0.0074
beta_8,8.0,mixed_inside,4,23,4,0.0008
beta_8,8.0,mixed_inside,4,24,10,0.002
beta_8,8.0,mixed_inside,4,25,16,0.0032
beta_8,8.0,mixed_inside,4,26,54,0.0108
beta_8,8.0,mixed_inside,4,27,117,0.0234
beta_8,8.0,mixed_inside,4,28,212,0.0424
beta_8,8.0,mixed_inside,4,29,252,0.0504
beta_8,8.0,mixed_inside,4,30,271,0.0542
beta_8,8.0,mixed_inside,4,31,150,0.03
beta_8,8.0,mixed_inside,4,32,50,0.01
beta_8,8.0,mixed_inside,5,23,1,0.0002
beta_8,8.0,mixed_inside,5,24,8,0.0016
beta_8,8.0,mixed_inside,5,25,13,0.0026
beta_8,8.0,mixed_inside,5,26,32,0.0064
beta_8,8.0,mixed_inside,5,27,102,0.0204
beta_8,8.0,mixed_inside,5,28,173,0.0346
beta_8,8.0,mixed_inside,5,29,201,0.0402
beta_8,8.0,mixed_inside,5,30,212,0.0424
beta_8,8.0,mixed_inside,5,31,142,0.0284
beta_8,8.0,mixed_inside,5,32,52,0.0104
beta_8,8.0,mixed_inside,6,24,1,0.0002
beta_8,8.0,mixed_inside,6,25,10,0.002
beta_8,8.0,mixed_inside,6,26,19,0.0038
beta_8,8.0,mixed_inside,6,27,40,0.008
beta_8,8.0,mixed_inside,6,28,68,0.0136
beta_8,8.0,mixed_inside,6,29,114,0.0228
beta_8,8.0,mixed_inside,6,30,127,0.0254
beta_8,8.0,mixed_inside,6,31,82,0.0164
beta_8,8.0,mixed_inside,6,32,24,0.0048
beta_8,8.0,mixed_inside,7,25,3,0.0006
beta_8,8.0,mixed_inside,7,26,10,0.002
beta_8,8.0,mixed_inside,7,27,12,0.0024
beta_8,8.0,mixed_inside,7,28,37,0.0074
beta_8,8.0,mixed_inside,7,29,65,0.013
beta_8,8.0,mixed_inside,7,30,56,0.0112
beta_8,8.0,mixed_inside,7,31,55,0.011
beta_8,8.0,mixed_inside,7,32,17,0.0034
beta_8,8.0,mixed_inside,8,27,6,0.0012
beta_8,8.0,mixed_inside,8,28,10,0.002
beta_8,8.0,mixed_inside,8,29,33,0.0066
beta_8,8.0,mixed_inside,8,30,28,0.0056
beta_8,8.0,mixed_inside,8,31,13,0.0026
beta_8,8.0,mixed_inside,8,32,5,0.001
beta_8,8.0,mixed_inside,9,27,3,0.0006
beta_8,8.0,mixed_inside,9,28,1,0.0002
beta_8,8.0,mixed_inside,9,29,5,0.001
beta_8,8.0,mixed_inside,9,30,12,0.0024
beta_8,8.0,mixed_inside,9,31,3,0.0006
beta_8,8.0,mixed_inside,9,32,3,0.0006
beta_8,8.0,mixed_inside,10,27,1,0.0002
beta_8,8.0,mixed_inside,10,28,1,0.0002
beta_8,8.0,mixed_inside,10,29,4,0.0008
beta_8,8.0,mixed_inside,10,30,2,0.0004
beta_8,8.0,mixed_inside,10,31,1,0.0002
beta_8,8.0,mixed_inside,11,31,1,0.0002
beta_8,8.0,mixed_inside,11,32,2,0.0004
beta_8,8.0,mixed_inside,12,28,1,0.0002
beta_8,8.0,mixed_inside,13,30,1,0.0002
beta_8,8.0,random_static_inside,1,2,62,0.0124
beta_8,8.0,random_static_inside,1,3,42,0.0084
beta_8,8.0,random_static_inside,1,4,35,0.007
beta_8,8.0,random_static_inside,1,5,32,0.0064
beta_8,8.0,random_static_inside,1,6,24,0.0048
beta_8,8.0,random_static_inside,1,7,22,0.0044
beta_8,8.0,random_static_inside,1,8,30,0.006
beta_8,8.0,random_static_inside,1,9,18,0.0036
beta_8,8.0,random_static_inside,1,10,24,0.0048
beta_8,8.0,random_static_inside,1,11,24,0.0048
beta_8,8.0,random_static_inside,1,12,25,0.005
beta_8,8.0,random_static_inside,1,13,23,0.0046
beta_8,8.0,random_static_inside,1,14,26,0.0052
beta_8,8.0,random_static_inside,1,15,26,0.0052
beta_8,8.0,random_static_inside,1,16,21,0.0042
beta_8,8.0,random_static_inside,1,17,22,0.0044
beta_8,8.0,random_static_inside,1,18,21,0.0042
beta_8,8.0,random_static_inside,1,19,20,0.004
beta_8,8.0,random_static_inside,1,20,19,0.0038
beta_8,8.0,random_static_inside,1,21,28,0.0056
beta_8,8.0,random_static_inside,1,22,18,0.0036
beta_8,8.0,random_static_inside,1,23,19,0.0038
beta_8,8.0,random_static_inside,1,24,21,0.0042
beta_8,8.0,random_static_inside,1,25,15,0.003
beta_8,8.0,random_static_inside,1,26,31,0.0062
beta_8,8.0,random_static_inside,1,27,24,0.0048
beta_8,8.0,random_static_inside,1,28,24,0.0048
beta_8,8.0,random_static_inside,1,29,31,0.0062
beta_8,8.0,random_static_inside,1,30,39,0.0078
beta_8,8.0,random_static_inside,1,31,57,0.0114
beta_8,8.0,random_static_inside,1,32,101,0.0202
beta_8,8.0,random_static_inside,2,3,30,0.006
beta_8,8.0,random_static_inside,2,4,18,0.0036
beta_8,8.0,random_static_inside,2,5,15,0.003
beta_8,8.0,random_static_inside,2,6,12,0.0024
beta_8,8.0,random_static_inside,2,7,12,0.0024
beta_8,8.0,random_static_inside,2,8,11,0.0022
beta_8,8.0,random_static_inside,2,9,18,0.0036
beta_8,8.0,random_static_inside,2,10,7,0.0014
beta_8,8.0,random_static_inside,2,11,14,0.0028
beta_8,8.0,random_static_inside,2,12,13,0.0026
beta_8,8.0,random_static_inside,2,13,10,0.002
beta_8,8.0,random_static_inside,2,14,11,0.0022
beta_8,8.0,random_static_inside,2,15,16,0.0032
beta_8,8.0,random_static_inside,2,16,11,0.0022
beta_8,8.0,random_static_inside,2,17,14,0.0028
beta_8,8.0,random_static_inside,2,18,15,0.003
beta_8,8.0,random_static_inside,2,19,14,0.0028
beta_8,8.0,random_static_inside,2,20,7,0.0014
beta_8,8.0,random_static_inside,2,21,10,0.002
beta_8,8.0,random_static_inside,2,22,11,0.0022
beta_8,8.0,random_static_inside,2,23,11,0.0022
beta_8,8.0,random_static_inside,2,24,19,0.0038
beta_8,8.0,random_static_inside,2,25,15,0.003
beta_8,8.0,random_static_inside,2,26,16,0.0032
beta_8,8.0,random_static_inside,2,27,12,0.0024
beta_8,8.0,random_static_inside,2,28,16,0.0032
beta_8,8.0,random_static_inside,2,29,20,0.004
beta_8,8.0,random_static_inside,2,30,25,0.005
beta_8,8.0,random_static_inside,2,31,29,0.0058
beta_8,8.0,random_static_inside,2,32,51,0.0102
beta_8,8.0,random_static_inside,3,4,13,0.0026
beta_8,8.0,random_static_inside,3,5,12,0.0024
beta_8,8.0,random_static_inside,3,6,12,0.0024
beta_8,8.0,random_static_inside,3,7,14,0.0028
beta_8,8.0,random_static_inside,3,8,10,0.002
beta_8,8.0,random_static_inside,3,9,11,0.0022
beta_8,8.0,random_static_inside,3,10,13,0.0026
beta_8,8.0,random_static_inside,3,11,7,0.0014
beta_8,8.0,random_static_inside,3,12,8,0.0016
beta_8,8.0,random_static_inside,3,13,6,0.0012
beta_8,8.0,random_static_inside,3,14,7,0.0014
beta_8,8.0,random_static_inside,3,15,10,0.002
beta_8,8.0,random_static_inside,3,16,9,0.0018
beta_8,8.0,random_static_inside,3,17,12,0.0024
beta_8,8.0,random_static_inside,3,18,14,0.0028
beta_8,8.0,random_static_inside,3,19,6,0.0012
beta_8,8.0,random_static_inside,3,20,3,0.0006
beta_8,8.0,random_static_inside,3,21,7,0.0014
beta_8,8.0,random_static_inside,3,22,9,0.0018
beta_8,8.0,random_static_inside,3,23,9,0.0018
beta_8,8.0,random_static_inside,3,24,9,0.0018
beta_8,8.0,random_static_inside,3,25,11,0.0022
beta_8,8.0,random_static_inside,3,26,11,0.0022
beta_8,8.0,random_static_inside,3,27,15,0.003
beta_8,8.0,random_static_inside,3,28,12,0.0024
beta_8,8.0,random_static_inside,3,29,14,0.0028
beta_8,8.0,random_static_inside,3,30,17,0.0034
beta_8,8.0,random_static_inside,3,31,10,0.002
beta_8,8.0,random_static_inside,3,32,39,0.0078
beta_8,8.0,random_static_inside,4,5,10,0.002
beta_8,8.0,random_static_inside,4,6,8,0.0016
beta_8,8.0,random_static_inside,4,7,12,0.0024
beta_8,8.0,random_static_inside,4,8,7,0.0014
beta_8,8.0,random_static_inside,4,9,5,0.001
beta_8,8.0,random_static_inside,4,10,9,0.0018
beta_8,8.0,random_static_inside,4,11,9,0.0018
beta_8,8.0,random_static_inside,4,12,5,0.001
beta_8,8.0,random_static_inside,4,13,6,0.0012
beta_8,8.0,random_static_inside,4,14,6,0.0012
beta_8,8.0,random_static_inside,4,15,12,0.0024
beta_8,8.0,random_static_inside,4,16,6,0.0012
beta_8,8.0,random_static_inside,4,17,7,0.0014
beta_8,8.0,random_static_inside,4,18,8,0.0016
beta_8,8.0,random_static_inside,4,19,8,0.0016
beta_8,8.0,random_static_inside,4,20,4,0.0008
beta_8,8.0,random_static_inside,4,21,6,0.0012
beta_8,8.0,random_static_inside,4,22,10,0.002
beta_8,8.0,random_static_inside,4,23,7,0.0014
beta_8,8.0,random_static_inside,4,24,6,0.0012
beta_8,8.0,random_static_inside,4,25,9,0.0018
beta_8,8.0,random_static_inside,4,26,7,0.0014
beta_8,8.0,random_static_inside,4,27,9,0.0018
beta_8,8.0,random_static_inside,4,28,9,0.0018
beta_8,8.0,random_static_inside,4,29,13,0.0026
beta_8,8.0,random_static_inside,4,30,11,0.0022
beta_8,8.0,random_static_inside,4,31,18,0.0036
beta_8,8.0,random_static_inside,4,32,25,0.005
beta_8,8.0,random_static_inside,5,6,6,0.0012
beta_8,8.0,random_static_inside,5,7,10,0.002
beta_8,8.0,random_static_inside,5,8,13,0.0026
beta_8,8.0,random_static_inside,5,9,4,0.0008
beta_8,8.0,random_static_inside,5,10,4,0.0008
beta_8,8.0,random_static_inside,5,11,9,0.0018
beta_8,8.0,random_static_inside,5,12,6,0.0012
beta_8,8.0,random_static_inside,5,13,12,0.0024
beta_8,8.0,random_static_inside,5,14,7,0.0014
beta_8,8.0,random_static_inside,5,15,1,0.0002
beta_8,8.0,random_static_inside,5,16,1,0.0002
beta_8,8.0,random_static_inside,5,17,9,0.0018
beta_8,8.0,random_static_inside,5,18,7,0.0014
beta_8,8.0,random_static_inside,5,19,5,0.001
beta_8,8.0,random_static_inside,5,20,9,0.0018
beta_8,8.0,random_static_inside,5,21,4,0.0008
beta_8,8.0,random_static_inside,5,22,7,0.0014
beta_8,8.0,random_static_inside,5,23,5,0.001
beta_8,8.0,random_static_inside,5,24,8,0.0016
beta_8,8.0,random_static_inside,5,25,6,0.0012
beta_8,8.0,random_static_inside,5,26,7,0.0014
beta_8,8.0,random_static_inside,5,27,5,0.001
beta_8,8.0,random_static_inside,5,28,7,0.0014
beta_8,8.0,random_static_inside,5,29,6,0.0012
beta_8,8.0,random_static_inside,5,30,14,0.0028
beta_8,8.0,random_static_inside,5,31,13,0.0026
beta_8,8.0,random_static_inside,5,32,27,0.0054
beta_8,8.0,random_static_inside,6,7,9,0.0018
beta_8,8.0,random_static_inside,6,8,7,0.0014
beta_8,8.0,random_static_inside,6,9,8,0.0016
beta_8,8.0,random_static_inside,6,10,7,0.0014
beta_8,8.0,random_static_inside,6,11,10,0.002
beta_8,8.0,random_static_inside,6,12,3,0.0006
beta_8,8.0,random_static_inside,6,13,3,0.0006
beta_8,8.0,random_static_inside,6,14,4,0.0008
beta_8,8.0,random_static_inside,6,15,7,0.0014
beta_8,8.0,random_static_inside,6,16,6,0.0012
beta_8,8.0,random_static_inside,6,17,5,0.001
beta_8,8.0,random_static_inside,6,18,4,0.0008
beta_8,8.0,random_static_inside,6,19,6,0.0012
beta_8,8.0,random_static_inside,6,20,6,0.0012
beta_8,8.0,random_static_inside,6,21,6,0.0012
beta_8,8.0,random_static_inside,6,22,2,0.0004
beta_8,8.0,random_static_inside,6,23,5,0.001
beta_8,8.0,random_static_inside,6,24,3,0.0006
beta_8,8.0,random_static_inside,6,25,2,0.0004
beta_8,8.0,random_static_inside,6,26,2,0.0004
beta_8,8.0,random_static_inside,6,27,6,0.0012
beta_8,8.0,random_static_inside,6,28,7,0.0014
beta_8,8.0,random_static_inside,6,29,16,0.0032
beta_8,8.0,random_static_inside,6,30,8,0.0016
beta_8,8.0,random_static_inside,6,31,13,0.0026
beta_8,8.0,random_static_inside,6,32,35,0.007
beta_8,8.0,random_static_inside,7,8,5,0.001
beta_8,8.0,random_static_inside,7,9,6,0.0012
beta_8,8.0,random_static_inside,7,10,6,0.0012
beta_8,8.0,random_static_inside,7,11,6,0.0012
beta_8,8.0,random_static_inside,7,12,4,0.0008
beta_8,8.0,random_static_inside,7,13,4,0.0008
beta_8,8.0,random_static_inside,7,14,3,0.0006
beta_8,8.0,random_static_inside,7,15,9,0.0018
beta_8,8.0,random_static_inside,7,16,6,0.0012
beta_8,8.0,random_static_inside,7,17,5,0.001
beta_8,8.0,random_static_inside,7,18,6,0.0012
beta_8,8.0,random_static_inside,7,19,8,0.0016
beta_8,8.0,random_static_inside,7,20,6,0.0012
beta_8,8.0,random_static_inside,7,21,1,0.0002
beta_8,8.0,random_static_inside,7,22,4,0.0008
beta_8,8.0,random_static_inside,7,23,5,0.001
beta_8,8.0,random_static_inside,7,24,9,0.0018
beta_8,8.0,random_static_inside,7,25,7,0.0014
beta_8,8.0,random_static_inside,7,26,6,0.0012
beta_8,8.0,random_static_inside,7,27,6,0.0012
beta_8,8.0,random_static_inside,7,28,14,0.0028
beta_8,8.0,random_static_inside,7,29,5,0.001
beta_8,8.0,random_static_inside,7,30,8,0.0016
beta_8,8.0,random_static_inside,7,31,14,0.0028
beta_8,8.0,random_static_inside,7,32,30,0.006
beta_8,8.0,random_static_inside,8,9,8,0.0016
beta_8,8.0,random_static_inside,8,10,6,0.0012
beta_8,8.0,random_static_inside,8,11,8,0.0016
beta_8,8.0,random_static_inside,8,12,2,0.0004
beta_8,8.0,random_static_inside,8,13,2,0.0004
beta_8,8.0,random_static_inside,8,14,4,0.0008
beta_8,8.0,random_static_inside,8,15,6,0.0012
beta_8,8.0,random_static_inside,8,16,5,0.001
beta_8,8.0,random_static_inside,8,17,3,0.0006
beta_8,8.0,random_static_inside,8,18,7,0.0014
beta_8,8.0,random_static_inside,8,19,7,0.0014
beta_8,8.0,random_static_inside,8,20,5,0.001
beta_8,8.0,random_static_inside,8,21,4,0.0008
beta_8,8.0,random_static_inside,8,22,9,0.0018
beta_8,8.0,random_static_inside,8,23,5,0.001
beta_8,8.0,random_static_inside,8,24,5,0.001
beta_8,8.0,random_static_inside,8,25,2,0.0004
beta_8,8.0,random_static_inside,8,26,3,0.0006
beta_8,8.0,random_static_inside,8,27,6,0.0012
beta_8,8.0,random_static_inside,8,28,10,0.002
beta_8,8.0,random_static_inside,8,29,2,0.0004
beta_8,8.0,random_static_inside,8,30,6,0.0012
beta_8,8.0,random_static_inside,8,31,12,0.0024
beta_8,8.0,random_static_inside,8,32,33,0.0066
beta_8,8.0,random_static_inside,9,10,5,0.001
beta_8,8.0,random_static_inside,9,11,6,0.0012
beta_8,8.0,random_static_inside,9,12,4,0.0008
beta_8,8.0,random_static_inside,9,13,9,0.0018
beta_8,8.0,random_static_inside,9,14,4,0.0008
beta_8,8.0,random_static_inside,9,15,6,0.0012
beta_8,8.0,random_static_inside,9,16,5,0.001
beta_8,8.0,random_static_inside,9,17,5,0.001
beta_8,8.0,random_static_inside,9,18,5,0.001
beta_8,8.0,random_static_inside,9,19,8,0.0016
beta_8,8.0,random_static_inside,9,20,5,0.001
beta_8,8.0,random_static_inside,9,21,6,0.0012
beta_8,8.0,random_static_inside,9,22,6,0.0012
beta_8,8.0,random_static_inside,9,23,3,0.0006
beta_8,8.0,random_static_inside,9,24,5,0.001
beta_8,8.0,random_static_inside,9,25,6,0.0012
beta_8,8.0,random_static_inside,9,26,3,0.0006
beta_8,8.0,random_static_inside,9,27,12,0.0024
beta_8,8.0,random_static_inside,9,28,5,0.001
beta_8,8.0,random_static_inside,9,29,12,0.0024
beta_8,8.0,random_static_inside,9,30,9,0.0018
beta_8,8.0,random_static_inside,9,31,11,0.0022
beta_8,8.0,random_static_inside,9,32,14,0.0028
beta_8,8.0,random_static_inside,10,11,4,0.0008
beta_8,8.0,random_static_inside,10,12,6,0.0012
beta_8,8.0,random_static_inside,10,13,2,0.0004
beta_8,8.0,random_static_inside,10,14,7,0.0014
beta_8,8.0,random_static_inside,10,15,2,0.0004
beta_8,8.0,random_static_inside,10,16,6,0.0012
beta_8,8.0,random_static_inside,10,17,3,0.0006
beta_8,8.0,random_static_inside,10,18,3,0.0006
beta_8,8.0,random_static_inside,10,19,3,0.0006
beta_8,8.0,random_static_inside,10,20,4,0.0008
beta_8,8.0,random_static_inside,10,21,3,0.0006
beta_8,8.0,random_static_inside,10,22,2,0.0004
beta_8,8.0,random_static_inside,10,23,6,0.0012
beta_8,8.0,random_static_inside,10,24,3,0.0006
beta_8,8.0,random_static_inside,10,25,4,0.0008
beta_8,8.0,random_static_inside,10,26,7,0.0014
beta_8,8.0,random_static_inside,10,27,2,0.0004
beta_8,8.0,random_static_inside,10,28,10,0.002
beta_8,8.0,random_static_inside,10,29,11,0.0022
beta_8,8.0,random_static_inside,10,30,5,0.001
beta_8,8.0,random_static_inside,10,31,15,0.003
beta_8,8.0,random_static_inside,10,32,27,0.0054
beta_8,8.0,random_static_inside,11,12,6,0.0012
beta_8,8.0,random_static_inside,11,13,10,0.002
beta_8,8.0,random_static_inside,11,14,7,0.0014
beta_8,8.0,random_static_inside,11,15,6,0.0012
beta_8,8.0,random_static_inside,11,16,3,0.0006
beta_8,8.0,random_static_inside,11,17,4,0.0008
beta_8,8.0,random_static_inside,11,18,4,0.0008
beta_8,8.0,random_static_inside,11,19,5,0.001
beta_8,8.0,random_static_inside,11,20,3,0.0006
beta_8,8.0,random_static_inside,11,21,4,0.0008
beta_8,8.0,random_static_inside,11,22,3,0.0006
beta_8,8.0,random_static_inside,11,23,9,0.0018
beta_8,8.0,random_static_inside,11,24,8,0.0016
beta_8,8.0,random_static_inside,11,25,5,0.001
beta_8,8.0,random_static_inside,11,26,8,0.0016
beta_8,8.0,random_static_inside,11,27,7,0.0014
beta_8,8.0,random_static_inside,11,28,10,0.002
beta_8,8.0,random_static_inside,11,29,4,0.0008
beta_8,8.0,random_static_inside,11,30,6,0.0012
beta_8,8.0,random_static_inside,11,31,9,0.0018
beta_8,8.0,random_static_inside,11,32,21,0.0042
beta_8,8.0,random_static_inside,12,13,1,0.0002
beta_8,8.0,random_static_inside,12,14,3,0.0006
beta_8,8.0,random_static_inside,12,15,6,0.0012
beta_8,8.0,random_static_inside,12,16,5,0.001
beta_8,8.0,random_static_inside,12,17,5,0.001
beta_8,8.0,random_static_inside,12,18,3,0.0006
beta_8,8.0,random_static_inside,12,19,4,0.0008
beta_8,8.0,random_static_inside,12,20,10,0.002
beta_8,8.0,random_static_inside,12,21,8,0.0016
beta_8,8.0,random_static_inside,12,22,6,0.0012
beta_8,8.0,random_static_inside,12,23,1,0.0002
beta_8,8.0,random_static_inside,12,24,1,0.0002
beta_8,8.0,random_static_inside,12,25,3,0.0006
beta_8,8.0,random_static_inside,12,26,5,0.001
beta_8,8.0,random_static_inside,12,27,4,0.0008
beta_8,8.0,random_static_inside,12,28,4,0.0008
beta_8,8.0,random_static_inside,12,29,3,0.0006
beta_8,8.0,random_static_inside,12,30,10,0.002
beta_8,8.0,random_static_inside,12,31,17,0.0034
beta_8,8.0,random_static_inside,12,32,27,0.0054
beta_8,8.0,random_static_inside,13,14,6,0.0012
beta_8,8.0,random_static_inside,13,15,6,0.0012
beta_8,8.0,random_static_inside,13,16,5,0.001
beta_8,8.0,random_static_inside,13,17,5,0.001
beta_8,8.0,random_static_inside,13,18,3,0.0006
beta_8,8.0,random_static_inside,13,19,10,0.002
beta_8,8.0,random_static_inside,13,20,3,0.0006
beta_8,8.0,random_static_inside,13,21,3,0.0006
beta_8,8.0,random_static_inside,13,22,5,0.001
beta_8,8.0,random_static_inside,13,23,6,0.0012
beta_8,8.0,random_static_inside,13,24,3,0.0006
beta_8,8.0,random_static_inside,13,25,3,0.0006
beta_8,8.0,random_static_inside,13,26,3,0.0006
beta_8,8.0,random_static_inside,13,27,11,0.0022
beta_8,8.0,random_static_inside,13,28,8,0.0016
beta_8,8.0,random_static_inside,13,29,6,0.0012
beta_8,8.0,random_static_inside,13,30,6,0.0012
beta_8,8.0,random_static_inside,13,31,10,0.002
beta_8,8.0,random_static_inside,13,32,20,0.004
beta_8,8.0,random_static_inside,14,15,4,0.0008
beta_8,8.0,random_static_inside,14,16,1,0.0002
beta_8,8.0,random_static_inside,14,17,2,0.0004
beta_8,8.0,random_static_inside,14,18,9,0.0018
beta_8,8.0,random_static_inside,14,19,3,0.0006
beta_8,8.0,random_static_inside,14,20,10,0.002
beta_8,8.0,random_static_inside,14,21,6,0.0012
beta_8,8.0,random_static_inside,14,22,2,0.0004
beta_8,8.0,random_static_inside,14,23,6,0.0012
beta_8,8.0,random_static_inside,14,24,4,0.0008
beta_8,8.0,random_static_inside,14,25,9,0.0018
beta_8,8.0,random_static_inside,14,26,3,0.0006
beta_8,8.0,random_static_inside,14,27,1,0.0002
beta_8,8.0,random_static_inside,14,28,5,0.001
beta_8,8.0,random_static_inside,14,29,6,0.0012
beta_8,8.0,random_static_inside,14,30,11,0.0022
beta_8,8.0,random_static_inside,14,31,15,0.003
beta_8,8.0,random_static_inside,14,32,23,0.0046
beta_8,8.0,random_static_inside,15,16,5,0.001
beta_8,8.0,random_static_inside,15,17,5,0.001
beta_8,8.0,random_static_inside,15,18,8,0.0016
beta_8,8.0,random_static_inside,15,19,5,0.001
beta_8,8.0,random_static_inside,15,20,8,0.0016
beta_8,8.0,random_static_inside,15,21,10,0.002
beta_8,8.0,random_static_inside,15,22,1,0.0002
beta_8,8.0,random_static_inside,15,23,10,0.002
beta_8,8.0,random_static_inside,15,24,8,0.0016
beta_8,8.0,random_static_inside,15,25,4,0.0008
beta_8,8.0,random_static_inside,15,26,3,0.0006
beta_8,8.0,random_static_inside,15,27,5,0.001
beta_8,8.0,random_static_inside,15,28,4,0.0008
beta_8,8.0,random_static_inside,15,29,13,0.0026
beta_8,8.0,random_static_inside,15,30,10,0.002
beta_8,8.0,random_static_inside,15,31,16,0.0032
beta_8,8.0,random_static_inside,15,32,16,0.0032
beta_8,8.0,random_static_inside,16,17,6,0.0012
beta_8,8.0,random_static_inside,16,18,6,0.0012
beta_8,8.0,random_static_inside,16,19,6,0.0012
beta_8,8.0,random_static_inside,16,20,5,0.001
beta_8,8.0,random_static_inside,16,21,5,0.001
beta_8,8.0,random_static_inside,16,22,6,0.0012
beta_8,8.0,random_static_inside,16,23,6,0.0012
beta_8,8.0,random_static_inside,16,24,1,0.0002
beta_8,8.0,random_static_inside,16,25,4,0.0008
beta_8,8.0,random_static_inside,16,26,6,0.0012
beta_8,8.0,random_static_inside,16,27,7,0.0014
beta_8,8.0,random_static_inside,16,28,10,0.002
beta_8,8.0,random_static_inside,16,29,7,0.0014
beta_8,8.0,random_static_inside,16,30,9,0.0018
beta_8,8.0,random_static_inside,16,31,11,0.0022
beta_8,8.0,random_static_inside,16,32,26,0.0052
beta_8,8.0,random_static_inside,17,18,3,0.0006
beta_8,8.0,random_static_inside,17,19,5,0.001
beta_8,8.0,random_static_inside,17,20,4,0.0008
beta_8,8.0,random_static_inside,17,21,5,0.001
beta_8,8.0,random_static_inside,17,22,2,0.0004
beta_8,8.0,random_static_inside,17,23,8,0.0016
beta_8,8.0,random_static_inside,17,24,1,0.0002
beta_8,8.0,random_static_inside,17,25,7,0.0014
beta_8,8.0,random_static_inside,17,26,8,0.0016
beta_8,8.0,random_static_inside,17,27,6,0.0012
beta_8,8.0,random_static_inside,17,28,7,0.0014
beta_8,8.0,random_static_inside,17,29,4,0.0008
beta_8,8.0,random_static_inside,17,30,6,0.0012
beta_8,8.0,random_static_inside,17,31,7,0.0014
beta_8,8.0,random_static_inside,17,32,26,0.0052
beta_8,8.0,random_static_inside,18,19,5,0.001
beta_8,8.0,random_static_inside,18,20,5,0.001
beta_8,8.0,random_static_inside,18,21,4,0.0008
beta_8,8.0,random_static_inside,18,22,3,0.0006
beta_8,8.0,random_static_inside,18,23,6,0.0012
beta_8,8.0,random_static_inside,18,24,4,0.0008
beta_8,8.0,random_static_inside,18,25,5,0.001
beta_8,8.0,random_static_inside,18,26,10,0.002
beta_8,8.0,random_static_inside,18,27,5,0.001
beta_8,8.0,random_static_inside,18,28,2,0.0004
beta_8,8.0,random_static_inside,18,29,7,0.0014
beta_8,8.0,random_static_inside,18,30,8,0.0016
beta_8,8.0,random_static_inside,18,31,9,0.0018
beta_8,8.0,random_static_inside,18,32,22,0.0044
beta_8,8.0,random_static_inside,19,20,5,0.001
beta_8,8.0,random_static_inside,19,21,2,0.0004
beta_8,8.0,random_static_inside,19,22,1,0.0002
beta_8,8.0,random_static_inside,19,23,4,0.0008
beta_8,8.0,random_static_inside,19,24,1,0.0002
beta_8,8.0,random_static_inside,19,25,7,0.0014
beta_8,8.0,random_static_inside,19,26,7,0.0014
beta_8,8.0,random_static_inside,19,27,4,0.0008
beta_8,8.0,random_static_inside,19,28,6,0.0012
beta_8,8.0,random_static_inside,19,29,7,0.0014
beta_8,8.0,random_static_inside,19,30,9,0.0018
beta_8,8.0,random_static_inside,19,31,11,0.0022
beta_8,8.0,random_static_inside,19,32,14,0.0028
beta_8,8.0,random_static_inside,20,21,6,0.0012
beta_8,8.0,random_static_inside,20,22,4,0.0008
beta_8,8.0,random_static_inside,20,23,2,0.0004
beta_8,8.0,random_static_inside,20,24,3,0.0006
beta_8,8.0,random_static_inside,20,25,1,0.0002
beta_8,8.0,random_static_inside,20,26,8,0.0016
beta_8,8.0,random_static_inside,20,27,2,0.0004
beta_8,8.0,random_static_inside,20,28,13,0.0026
beta_8,8.0,random_static_inside,20,29,7,0.0014
beta_8,8.0,random_static_inside,20,30,8,0.0016
beta_8,8.0,random_static_inside,20,31,10,0.002
beta_8,8.0,random_static_inside,20,32,26,0.0052
beta_8,8.0,random_static_inside,21,22,1,0.0002
beta_8,8.0,random_static_inside,21,23,5,0.001
beta_8,8.0,random_static_inside,21,24,2,0.0004
beta_8,8.0,random_static_inside,21,25,7,0.0014
beta_8,8.0,random_static_inside,21,26,9,0.0018
beta_8,8.0,random_static_inside,21,27,8,0.0016
beta_8,8.0,random_static_inside,21,28,9,0.0018
beta_8,8.0,random_static_inside,21,29,8,0.0016
beta_8,8.0,random_static_inside,21,30,3,0.0006
beta_8,8.0,random_static_inside,21,31,13,0.0026
beta_8,8.0,random_static_inside,21,32,14,0.0028
beta_8,8.0,random_static_inside,22,23,6,0.0012
beta_8,8.0,random_static_inside,22,24,5,0.001
beta_8,8.0,random_static_inside,22,25,6,0.0012
beta_8,8.0,random_static_inside,22,26,3,0.0006
beta_8,8.0,random_static_inside,22,27,6,0.0012
beta_8,8.0,random_static_inside,22,28,8,0.0016
beta_8,8.0,random_static_inside,22,29,11,0.0022
beta_8,8.0,random_static_inside,22,30,8,0.0016
beta_8,8.0,random_static_inside,22,31,8,0.0016
beta_8,8.0,random_static_inside,22,32,20,0.004
beta_8,8.0,random_static_inside,23,24,7,0.0014
beta_8,8.0,random_static_inside,23,25,7,0.0014
beta_8,8.0,random_static_inside,23,26,6,0.0012
beta_8,8.0,random_static_inside,23,27,6,0.0012
beta_8,8.0,random_static_inside,23,28,11,0.0022
beta_8,8.0,random_static_inside,23,29,10,0.002
beta_8,8.0,random_static_inside,23,30,11,0.0022
beta_8,8.0,random_static_inside,23,31,14,0.0028
beta_8,8.0,random_static_inside,23,32,22,0.0044
beta_8,8.0,random_static_inside,24,25,10,0.002
beta_8,8.0,random_static_inside,24,26,5,0.001
beta_8,8.0,random_static_inside,24,27,6,0.0012
beta_8,8.0,random_static_inside,24,28,4,0.0008
beta_8,8.0,random_static_inside,24,29,10,0.002
beta_8,8.0,random_static_inside,24,30,8,0.0016
beta_8,8.0,random_static_inside,24,31,16,0.0032
beta_8,8.0,random_static_inside,24,32,19,0.0038
beta_8,8.0,random_static_inside,25,26,7,0.0014
beta_8,8.0,random_static_inside,25,27,6,0.0012
beta_8,8.0,random_static_inside,25,28,8,0.0016
beta_8,8.0,random_static_inside,25,29,6,0.0012
beta_8,8.0,random_static_inside,25,30,12,0.0024
beta_8,8.0,random_static_inside,25,31,18,0.0036
beta_8,8.0,random_static_inside,25,32,36,0.0072
beta_8,8.0,random_static_inside,26,27,6,0.0012
beta_8,8.0,random_static_inside,26,28,5,0.001
beta_8,8.0,random_static_inside,26,29,9,0.0018
beta_8,8.0,random_static_inside,26,30,15,0.003
beta_8,8.0,random_static_inside,26,31,13,0.0026
beta_8,8.0,random_static_inside,26,32,28,0.0056
beta_8,8.0,random_static_inside,27,28,9,0.0018
beta_8,8.0,random_static_inside,27,29,12,0.0024
beta_8,8.0,random_static_inside,27,30,17,0.0034
beta_8,8.0,random_static_inside,27,31,9,0.0018
beta_8,8.0,random_static_inside,27,32,35,0.007
beta_8,8.0,random_static_inside,28,29,10,0.002
beta_8,8.0,random_static_inside,28,30,16,0.0032
beta_8,8.0,random_static_inside,28,31,18,0.0036
beta_8,8.0,random_static_inside,28,32,26,0.0052
beta_8,8.0,random_static_inside,29,30,16,0.0032
beta_8,8.0,random_static_inside,29,31,20,0.004
beta_8,8.0,random_static_inside,29,32,45,0.009
beta_8,8.0,random_static_inside,30,31,15,0.003
beta_8,8.0,random_static_inside,30,32,42,0.0084
beta_8,8.0,random_static_inside,31,32,62,0.0124
